; Parametric Slicer G-code Output
G21 ; Set units to millimeters
G90 ; Absolute positioning
G92 E0 ; Reset extruder position
G1 Z5 F1000 ; Move to safe Z height

G0 X1.161 Y2.779 Z1.668 F1000 ; Move to start point
G1 X6.824 Y3.089 Z2.000 E5.680 F1000 ; Linear move with extrusion
G1 X6.824 Y3.197 Z2.000 E11.359 F1000 ; Linear move with extrusion
G1 X6.824 Y3.306 Z2.000 E16.904 F1000 ; Linear move with extrusion
G1 X6.824 Y3.414 Z2.000 E22.405 F1000 ; Linear move with extrusion
G1 X6.824 Y3.523 Z2.000 E27.863 F1000 ; Linear move with extrusion
G1 X6.824 Y3.631 Z2.000 E33.283 F1000 ; Linear move with extrusion
G1 X6.824 Y3.740 Z2.000 E38.666 F1000 ; Linear move with extrusion
G1 X6.326 Y3.809 Z2.000 E43.519 F1000 ; Linear move with extrusion
G1 X4.947 Y3.809 Z2.000 E46.962 F1000 ; Linear move with extrusion
G1 X3.568 Y3.808 Z2.000 E48.994 F1000 ; Linear move with extrusion
G1 X2.189 Y3.808 Z2.000 E49.616 F1000 ; Linear move with extrusion
G1 X6.824 Y2.981 Z2.000 E55.313 F1000 ; Linear move with extrusion
G1 X6.824 Y2.872 Z2.000 E61.040 F1000 ; Linear move with extrusion
G1 X6.824 Y2.790 Z1.937 E66.801 F1000 ; Linear move with extrusion
G1 X6.824 Y2.790 Z1.674 E72.561 F1000 ; Linear move with extrusion
G1 X6.824 Y2.790 Z1.411 E78.321 F1000 ; Linear move with extrusion
G1 X6.824 Y2.790 Z1.148 E84.081 F1000 ; Linear move with extrusion
G1 X6.824 Y2.790 Z0.885 E88.902 F1000 ; Linear move with extrusion
G1 X6.824 Y2.790 Z0.622 E92.291 F1000 ; Linear move with extrusion
G1 X6.824 Y2.790 Z0.359 E94.249 F1000 ; Linear move with extrusion
G1 X6.824 Y2.790 Z0.097 E94.775 F1000 ; Linear move with extrusion
G1 X6.824 Y2.790 Z0.791 E100.437 F1000 ; Linear move with extrusion
G1 X6.824 Y2.790 Z0.683 E106.099 F1000 ; Linear move with extrusion
G1 X6.824 Y2.790 Z0.575 E111.762 F1000 ; Linear move with extrusion
G1 X6.824 Y2.790 Z0.467 E117.424 F1000 ; Linear move with extrusion
G1 X6.824 Y2.790 Z0.359 E123.086 F1000 ; Linear move with extrusion
G1 X6.824 Y2.790 Z0.250 E128.748 F1000 ; Linear move with extrusion
G1 X6.824 Y2.790 Z0.142 E134.411 F1000 ; Linear move with extrusion
G1 X6.824 Y2.790 Z0.034 E140.073 F1000 ; Linear move with extrusion
G1 X6.824 Y3.809 Z0.346 E145.731 F1000 ; Linear move with extrusion
G1 X6.824 Y3.809 Z0.238 E151.244 F1000 ; Linear move with extrusion
G1 X6.824 Y3.809 Z0.130 E156.625 F1000 ; Linear move with extrusion
G1 X6.824 Y2.790 Z0.899 E162.288 F1000 ; Linear move with extrusion
G1 X6.824 Y2.790 Z1.008 E167.950 F1000 ; Linear move with extrusion
G1 X6.824 Y2.790 Z1.116 E173.612 F1000 ; Linear move with extrusion
G1 X6.824 Y2.790 Z1.224 E179.274 F1000 ; Linear move with extrusion
G1 X6.824 Y2.790 Z1.332 E184.937 F1000 ; Linear move with extrusion
G1 X6.824 Y2.790 Z1.440 E190.599 F1000 ; Linear move with extrusion
G1 X6.824 Y2.790 Z1.548 E196.261 F1000 ; Linear move with extrusion
G1 X6.824 Y3.622 Z2.000 E201.996 F1000 ; Linear move with extrusion
G1 X6.824 Y3.360 Z2.000 E207.693 F1000 ; Linear move with extrusion
G1 X6.824 Y3.098 Z2.000 E213.366 F1000 ; Linear move with extrusion
G1 X4.187 Y2.805 Z1.957 E215.449 F1000 ; Linear move with extrusion
G1 X4.012 Y2.805 Z1.956 E217.531 F1000 ; Linear move with extrusion
G1 X3.837 Y2.805 Z1.956 E219.614 F1000 ; Linear move with extrusion
G1 X3.662 Y2.805 Z1.955 E221.698 F1000 ; Linear move with extrusion
G1 X3.487 Y2.805 Z1.955 E223.785 F1000 ; Linear move with extrusion
G1 X3.312 Y2.805 Z1.954 E225.874 F1000 ; Linear move with extrusion
G1 X3.137 Y2.805 Z1.954 E227.968 F1000 ; Linear move with extrusion
G1 X2.962 Y2.804 Z1.953 E230.067 F1000 ; Linear move with extrusion
G1 X2.787 Y2.804 Z1.953 E231.540 F1000 ; Linear move with extrusion
G1 X2.612 Y2.804 Z1.952 E232.873 F1000 ; Linear move with extrusion
G1 X2.547 Y2.804 Z1.789 E234.132 F1000 ; Linear move with extrusion
G1 X2.547 Y2.804 Z1.531 E235.364 F1000 ; Linear move with extrusion
G1 X2.547 Y2.804 Z1.273 E236.589 F1000 ; Linear move with extrusion
G1 X2.547 Y2.804 Z1.015 E237.828 F1000 ; Linear move with extrusion
G1 X2.547 Y2.804 Z0.757 E239.099 F1000 ; Linear move with extrusion
G1 X2.547 Y2.804 Z0.499 E240.422 F1000 ; Linear move with extrusion
G1 X2.547 Y2.804 Z0.241 E241.813 F1000 ; Linear move with extrusion
G1 X1.255 Y2.795 Z1.899 E241.813 F1000 ; Linear move with extrusion
G1 X1.255 Y2.795 Z1.641 E241.813 F1000 ; Linear move with extrusion
G1 X1.255 Y2.795 Z1.383 E241.813 F1000 ; Linear move with extrusion
G1 X1.255 Y2.795 Z1.125 E241.813 F1000 ; Linear move with extrusion
G1 X1.255 Y2.795 Z0.867 E241.813 F1000 ; Linear move with extrusion
G1 X1.255 Y2.795 Z0.609 E241.813 F1000 ; Linear move with extrusion
G1 X1.255 Y2.795 Z0.351 E241.813 F1000 ; Linear move with extrusion
G1 X1.255 Y2.795 Z0.093 E241.813 F1000 ; Linear move with extrusion
G1 X4.362 Y2.806 Z1.958 E243.897 F1000 ; Linear move with extrusion
G1 X4.537 Y2.806 Z1.958 E245.984 F1000 ; Linear move with extrusion
G1 X4.712 Y2.806 Z1.959 E248.074 F1000 ; Linear move with extrusion
G1 X4.887 Y2.806 Z1.959 E250.168 F1000 ; Linear move with extrusion
G1 X5.062 Y2.806 Z1.960 E252.267 F1000 ; Linear move with extrusion
G1 X5.237 Y2.806 Z1.960 E254.373 F1000 ; Linear move with extrusion
G1 X5.412 Y2.806 Z1.961 E256.485 F1000 ; Linear move with extrusion
G1 X6.732 Y2.807 Z0.277 E257.794 F1000 ; Linear move with extrusion
G1 X6.732 Y2.807 Z0.535 E259.100 F1000 ; Linear move with extrusion
G1 X6.732 Y2.807 Z0.793 E260.467 F1000 ; Linear move with extrusion
G1 X6.732 Y2.807 Z1.051 E261.954 F1000 ; Linear move with extrusion
G1 X6.732 Y2.807 Z1.309 E263.560 F1000 ; Linear move with extrusion
G1 X6.732 Y2.807 Z1.567 E265.372 F1000 ; Linear move with extrusion
G1 X6.732 Y2.807 Z1.825 E267.412 F1000 ; Linear move with extrusion
G1 X6.732 Y2.871 Z1.965 E268.621 F1000 ; Linear move with extrusion
G1 X6.732 Y3.009 Z1.965 E269.650 F1000 ; Linear move with extrusion
G1 X6.732 Y3.147 Z1.965 E270.497 F1000 ; Linear move with extrusion
G1 X6.732 Y3.285 Z1.965 E271.162 F1000 ; Linear move with extrusion
G1 X6.732 Y3.423 Z1.965 E271.646 F1000 ; Linear move with extrusion
G1 X6.732 Y3.561 Z1.965 E271.949 F1000 ; Linear move with extrusion
G1 X6.732 Y3.699 Z1.965 E272.071 F1000 ; Linear move with extrusion
G1 X6.732 Y2.807 Z0.739 E277.547 F1000 ; Linear move with extrusion
G1 X6.732 Y2.807 Z0.852 E283.024 F1000 ; Linear move with extrusion
G1 X6.732 Y2.807 Z0.966 E288.500 F1000 ; Linear move with extrusion
G1 X6.732 Y2.807 Z1.079 E293.977 F1000 ; Linear move with extrusion
G1 X6.732 Y2.807 Z1.192 E299.454 F1000 ; Linear move with extrusion
G1 X6.732 Y2.807 Z1.306 E304.930 F1000 ; Linear move with extrusion
G1 X6.732 Y2.807 Z1.419 E310.407 F1000 ; Linear move with extrusion
G1 X6.732 Y3.616 Z1.965 E315.962 F1000 ; Linear move with extrusion
G1 X6.732 Y3.404 Z1.965 E321.482 F1000 ; Linear move with extrusion
G1 X6.732 Y3.192 Z1.965 E326.977 F1000 ; Linear move with extrusion
G1 X6.732 Y2.980 Z1.965 E332.457 F1000 ; Linear move with extrusion
G1 X6.732 Y2.807 Z0.625 E337.934 F1000 ; Linear move with extrusion
G1 X6.732 Y2.807 Z0.512 E343.411 F1000 ; Linear move with extrusion
G1 X6.732 Y2.807 Z0.399 E348.887 F1000 ; Linear move with extrusion
G1 X6.732 Y2.807 Z0.285 E354.364 F1000 ; Linear move with extrusion
G1 X6.732 Y2.807 Z0.172 E359.840 F1000 ; Linear move with extrusion
G1 X6.732 Y2.807 Z0.058 E365.317 F1000 ; Linear move with extrusion
G1 X6.732 Y3.791 Z0.471 E370.800 F1000 ; Linear move with extrusion
G1 X6.732 Y3.791 Z0.357 E376.158 F1000 ; Linear move with extrusion
G1 X6.732 Y3.791 Z0.244 E381.401 F1000 ; Linear move with extrusion
G1 X6.732 Y3.791 Z0.131 E386.539 F1000 ; Linear move with extrusion
G1 X3.990 Y2.828 Z1.913 E388.477 F1000 ; Linear move with extrusion
G1 X3.879 Y2.828 Z1.912 E390.406 F1000 ; Linear move with extrusion
G1 X3.769 Y2.828 Z1.911 E392.327 F1000 ; Linear move with extrusion
G1 X3.658 Y2.828 Z1.910 E394.240 F1000 ; Linear move with extrusion
G1 X3.547 Y2.828 Z1.910 E396.146 F1000 ; Linear move with extrusion
G1 X3.436 Y2.828 Z1.909 E398.045 F1000 ; Linear move with extrusion
G1 X3.325 Y2.828 Z1.908 E399.938 F1000 ; Linear move with extrusion
G1 X3.214 Y2.828 Z1.908 E401.824 F1000 ; Linear move with extrusion
G1 X3.103 Y2.828 Z1.907 E403.704 F1000 ; Linear move with extrusion
G1 X2.993 Y2.829 Z1.906 E405.578 F1000 ; Linear move with extrusion
G1 X2.882 Y2.829 Z1.906 E407.447 F1000 ; Linear move with extrusion
G1 X2.771 Y2.829 Z1.905 E409.311 F1000 ; Linear move with extrusion
G1 X2.660 Y2.829 Z1.904 E411.171 F1000 ; Linear move with extrusion
G1 X2.997 Y3.771 Z0.073 E411.952 F1000 ; Linear move with extrusion
G1 X2.886 Y3.771 Z0.073 E412.760 F1000 ; Linear move with extrusion
G1 X2.775 Y3.771 Z0.072 E413.594 F1000 ; Linear move with extrusion
G1 X2.664 Y3.771 Z0.072 E414.455 F1000 ; Linear move with extrusion
G1 X2.554 Y3.771 Z0.072 E415.343 F1000 ; Linear move with extrusion
G1 X2.443 Y3.771 Z0.071 E416.257 F1000 ; Linear move with extrusion
G1 X2.332 Y3.772 Z0.071 E417.198 F1000 ; Linear move with extrusion
G1 X2.221 Y3.772 Z0.071 E418.166 F1000 ; Linear move with extrusion
G1 X2.110 Y3.772 Z0.071 E419.160 F1000 ; Linear move with extrusion
G1 X1.999 Y3.772 Z0.070 E420.180 F1000 ; Linear move with extrusion
G1 X1.888 Y3.772 Z0.070 E421.227 F1000 ; Linear move with extrusion
G1 X1.778 Y3.772 Z0.070 E422.517 F1000 ; Linear move with extrusion
G1 X4.101 Y2.828 Z1.913 E424.464 F1000 ; Linear move with extrusion
G1 X4.212 Y2.827 Z1.914 E426.419 F1000 ; Linear move with extrusion
G1 X4.323 Y2.827 Z1.915 E428.384 F1000 ; Linear move with extrusion
G1 X4.434 Y2.827 Z1.915 E430.358 F1000 ; Linear move with extrusion
G1 X4.545 Y2.827 Z1.916 E432.342 F1000 ; Linear move with extrusion
G1 X4.656 Y2.827 Z1.917 E434.337 F1000 ; Linear move with extrusion
G1 X4.766 Y2.827 Z1.918 E436.342 F1000 ; Linear move with extrusion
G1 X4.877 Y2.827 Z1.918 E438.359 F1000 ; Linear move with extrusion
G1 X4.988 Y2.827 Z1.919 E440.386 F1000 ; Linear move with extrusion
G1 X5.099 Y2.827 Z1.920 E442.425 F1000 ; Linear move with extrusion
G1 X5.210 Y2.827 Z1.920 E444.475 F1000 ; Linear move with extrusion
G1 X5.321 Y2.826 Z1.921 E446.538 F1000 ; Linear move with extrusion
G1 X5.432 Y2.826 Z1.922 E448.613 F1000 ; Linear move with extrusion
G1 X5.543 Y2.826 Z1.923 E450.700 F1000 ; Linear move with extrusion
G1 X5.653 Y2.826 Z1.923 E452.800 F1000 ; Linear move with extrusion
G1 X5.764 Y2.826 Z1.924 E454.914 F1000 ; Linear move with extrusion
G1 X6.324 Y3.769 Z0.079 E454.979 F1000 ; Linear move with extrusion
G1 X6.435 Y3.770 Z0.076 E455.021 F1000 ; Linear move with extrusion
G1 X6.547 Y3.772 Z0.073 E455.040 F1000 ; Linear move with extrusion
G1 X6.640 Y3.726 Z1.930 E457.153 F1000 ; Linear move with extrusion
G1 X6.640 Y3.495 Z1.930 E459.157 F1000 ; Linear move with extrusion
G1 X6.640 Y3.264 Z1.930 E461.079 F1000 ; Linear move with extrusion
G1 X6.640 Y3.032 Z1.930 E462.953 F1000 ; Linear move with extrusion
G1 X6.640 Y2.825 Z0.998 E468.244 F1000 ; Linear move with extrusion
G1 X6.640 Y2.825 Z0.898 E473.535 F1000 ; Linear move with extrusion
G1 X6.640 Y2.825 Z0.798 E478.826 F1000 ; Linear move with extrusion
G1 X6.640 Y2.825 Z0.698 E484.116 F1000 ; Linear move with extrusion
G1 X6.640 Y2.825 Z0.598 E489.407 F1000 ; Linear move with extrusion
G1 X6.640 Y2.825 Z0.498 E494.698 F1000 ; Linear move with extrusion
G1 X6.640 Y2.825 Z0.398 E499.989 F1000 ; Linear move with extrusion
G1 X6.640 Y2.825 Z0.298 E505.280 F1000 ; Linear move with extrusion
G1 X6.640 Y2.825 Z0.198 E510.571 F1000 ; Linear move with extrusion
G1 X6.640 Y2.825 Z0.098 E515.862 F1000 ; Linear move with extrusion
G1 X6.640 Y2.825 Z1.098 E521.153 F1000 ; Linear move with extrusion
G1 X6.640 Y2.825 Z1.198 E526.443 F1000 ; Linear move with extrusion
G1 X6.640 Y2.825 Z1.298 E531.734 F1000 ; Linear move with extrusion
G1 X6.640 Y2.825 Z1.398 E537.025 F1000 ; Linear move with extrusion
G1 X6.640 Y2.825 Z1.498 E542.316 F1000 ; Linear move with extrusion
G1 X6.640 Y2.825 Z1.598 E547.607 F1000 ; Linear move with extrusion
G1 X6.640 Y2.825 Z1.698 E552.898 F1000 ; Linear move with extrusion
G1 X6.640 Y2.825 Z1.798 E558.189 F1000 ; Linear move with extrusion
G1 X6.640 Y2.825 Z1.898 E563.480 F1000 ; Linear move with extrusion
G1 X4.002 Y2.850 Z1.869 E565.446 F1000 ; Linear move with extrusion
G1 X3.865 Y2.851 Z1.867 E567.410 F1000 ; Linear move with extrusion
G1 X3.727 Y2.851 Z1.866 E569.372 F1000 ; Linear move with extrusion
G1 X3.590 Y2.851 Z1.865 E571.333 F1000 ; Linear move with extrusion
G1 X3.453 Y2.852 Z1.863 E573.293 F1000 ; Linear move with extrusion
G1 X3.316 Y2.852 Z1.862 E575.252 F1000 ; Linear move with extrusion
G1 X3.179 Y2.852 Z1.861 E577.212 F1000 ; Linear move with extrusion
G1 X3.042 Y2.853 Z1.859 E579.172 F1000 ; Linear move with extrusion
G1 X2.905 Y2.853 Z1.858 E581.133 F1000 ; Linear move with extrusion
G1 X2.767 Y2.854 Z1.856 E583.095 F1000 ; Linear move with extrusion
G1 X2.716 Y2.854 Z1.716 E584.900 F1000 ; Linear move with extrusion
G1 X2.716 Y2.854 Z1.492 E586.192 F1000 ; Linear move with extrusion
G1 X2.716 Y2.854 Z1.267 E587.500 F1000 ; Linear move with extrusion
G1 X2.716 Y2.854 Z1.043 E588.835 F1000 ; Linear move with extrusion
G1 X2.716 Y2.854 Z0.819 E590.210 F1000 ; Linear move with extrusion
G1 X2.716 Y2.854 Z0.594 E591.635 F1000 ; Linear move with extrusion
G1 X2.716 Y2.854 Z0.370 E593.119 F1000 ; Linear move with extrusion
G1 X2.716 Y2.854 Z0.145 E594.670 F1000 ; Linear move with extrusion
G1 X1.953 Y3.754 Z0.105 E595.762 F1000 ; Linear move with extrusion
G1 X1.443 Y2.827 Z1.802 E595.762 F1000 ; Linear move with extrusion
G1 X1.443 Y2.827 Z1.578 E595.762 F1000 ; Linear move with extrusion
G1 X4.139 Y2.850 Z1.870 E597.731 F1000 ; Linear move with extrusion
G1 X4.276 Y2.849 Z1.872 E599.702 F1000 ; Linear move with extrusion
G1 X4.413 Y2.849 Z1.873 E601.677 F1000 ; Linear move with extrusion
G1 X4.550 Y2.849 Z1.874 E603.656 F1000 ; Linear move with extrusion
G1 X4.687 Y2.848 Z1.876 E605.639 F1000 ; Linear move with extrusion
G1 X4.824 Y2.848 Z1.877 E607.627 F1000 ; Linear move with extrusion
G1 X4.962 Y2.848 Z1.878 E609.620 F1000 ; Linear move with extrusion
G1 X5.099 Y2.847 Z1.880 E611.619 F1000 ; Linear move with extrusion
G1 X5.236 Y2.847 Z1.881 E613.623 F1000 ; Linear move with extrusion
G1 X5.373 Y2.846 Z1.883 E615.634 F1000 ; Linear move with extrusion
G1 X6.548 Y2.843 Z0.196 E616.678 F1000 ; Linear move with extrusion
G1 X6.548 Y2.843 Z0.420 E617.722 F1000 ; Linear move with extrusion
G1 X6.548 Y2.843 Z0.645 E618.777 F1000 ; Linear move with extrusion
G1 X6.548 Y2.843 Z0.869 E619.956 F1000 ; Linear move with extrusion
G1 X6.548 Y2.843 Z1.094 E621.295 F1000 ; Linear move with extrusion
G1 X6.548 Y2.843 Z1.318 E621.972 F1000 ; Linear move with extrusion
G1 X6.548 Y2.843 Z1.543 E622.385 F1000 ; Linear move with extrusion
G1 X6.548 Y2.843 Z1.767 E622.535 F1000 ; Linear move with extrusion
G1 X6.548 Y2.926 Z1.894 E623.439 F1000 ; Linear move with extrusion
G1 X6.548 Y3.117 Z1.894 E624.135 F1000 ; Linear move with extrusion
G1 X6.548 Y2.843 Z0.614 E629.240 F1000 ; Linear move with extrusion
G1 X6.548 Y2.843 Z0.745 E634.345 F1000 ; Linear move with extrusion
G1 X6.548 Y2.843 Z0.877 E639.450 F1000 ; Linear move with extrusion
G1 X6.548 Y2.843 Z1.008 E644.555 F1000 ; Linear move with extrusion
G1 X6.548 Y3.731 Z1.894 E649.797 F1000 ; Linear move with extrusion
G1 X6.548 Y3.576 Z1.894 E654.996 F1000 ; Linear move with extrusion
G1 X6.548 Y3.422 Z1.894 E660.161 F1000 ; Linear move with extrusion
G1 X6.548 Y3.268 Z1.894 E665.298 F1000 ; Linear move with extrusion
G1 X6.548 Y3.113 Z1.894 E670.417 F1000 ; Linear move with extrusion
G1 X6.548 Y2.959 Z1.894 E675.526 F1000 ; Linear move with extrusion
G1 X6.548 Y2.843 Z0.483 E680.631 F1000 ; Linear move with extrusion
G1 X6.548 Y2.843 Z0.351 E685.736 F1000 ; Linear move with extrusion
G1 X6.548 Y2.843 Z0.220 E690.841 F1000 ; Linear move with extrusion
G1 X6.548 Y3.755 Z0.865 E696.075 F1000 ; Linear move with extrusion
G1 X6.548 Y3.755 Z0.733 E701.196 F1000 ; Linear move with extrusion
G1 X6.548 Y3.755 Z0.602 E706.213 F1000 ; Linear move with extrusion
G1 X6.548 Y3.755 Z0.471 E711.133 F1000 ; Linear move with extrusion
G1 X6.548 Y3.755 Z0.339 E715.962 F1000 ; Linear move with extrusion
G1 X6.548 Y3.755 Z0.208 E720.711 F1000 ; Linear move with extrusion
G1 X6.456 Y2.861 Z0.645 E725.632 F1000 ; Linear move with extrusion
G1 X6.456 Y2.861 Z0.525 E730.553 F1000 ; Linear move with extrusion
G1 X6.456 Y2.861 Z0.405 E735.475 F1000 ; Linear move with extrusion
G1 X6.456 Y2.861 Z0.285 E740.396 F1000 ; Linear move with extrusion
G1 X6.456 Y2.861 Z0.166 E745.318 F1000 ; Linear move with extrusion
G1 X6.456 Y3.737 Z0.622 E750.337 F1000 ; Linear move with extrusion
G1 X6.456 Y3.737 Z0.502 E755.293 F1000 ; Linear move with extrusion
G1 X6.456 Y3.737 Z0.383 E760.126 F1000 ; Linear move with extrusion
G1 X6.456 Y3.737 Z0.263 E764.846 F1000 ; Linear move with extrusion
G1 X6.456 Y3.737 Z0.143 E769.463 F1000 ; Linear move with extrusion
G1 X2.514 Y3.735 Z0.143 E770.044 F1000 ; Linear move with extrusion
G1 X6.456 Y2.861 Z0.764 E774.965 F1000 ; Linear move with extrusion
G1 X6.456 Y2.861 Z0.884 E779.886 F1000 ; Linear move with extrusion
G1 X6.456 Y2.861 Z1.004 E784.808 F1000 ; Linear move with extrusion
G1 X6.456 Y2.861 Z1.124 E789.729 F1000 ; Linear move with extrusion
G1 X6.456 Y2.861 Z1.243 E794.651 F1000 ; Linear move with extrusion
G1 X6.456 Y3.615 Z1.859 E799.643 F1000 ; Linear move with extrusion
G1 X6.456 Y3.433 Z1.859 E804.604 F1000 ; Linear move with extrusion
G1 X6.456 Y3.251 Z1.859 E809.542 F1000 ; Linear move with extrusion
G1 X6.456 Y3.069 Z1.859 E814.467 F1000 ; Linear move with extrusion
G1 X6.456 Y2.887 Z1.859 E815.171 F1000 ; Linear move with extrusion
G1 X6.456 Y2.861 Z1.663 E820.091 F1000 ; Linear move with extrusion
G1 X6.456 Y2.861 Z1.481 E825.010 F1000 ; Linear move with extrusion
G1 X6.456 Y2.861 Z1.299 E829.930 F1000 ; Linear move with extrusion
G1 X6.456 Y2.861 Z1.117 E834.849 F1000 ; Linear move with extrusion
G1 X6.456 Y2.861 Z0.935 E839.769 F1000 ; Linear move with extrusion
G1 X6.456 Y2.861 Z0.753 E844.689 F1000 ; Linear move with extrusion
G1 X6.456 Y2.861 Z0.571 E849.608 F1000 ; Linear move with extrusion
G1 X6.456 Y2.861 Z0.389 E854.528 F1000 ; Linear move with extrusion
G1 X6.456 Y2.861 Z0.207 E859.447 F1000 ; Linear move with extrusion
G1 X6.456 Y2.861 Z1.845 E864.367 F1000 ; Linear move with extrusion
G1 X6.456 Y2.971 Z1.859 E869.094 F1000 ; Linear move with extrusion
G1 X6.456 Y3.091 Z1.859 E873.778 F1000 ; Linear move with extrusion
G1 X6.456 Y3.211 Z1.859 E878.422 F1000 ; Linear move with extrusion
G1 X6.456 Y3.330 Z1.859 E883.030 F1000 ; Linear move with extrusion
G1 X6.456 Y3.450 Z1.859 E887.605 F1000 ; Linear move with extrusion
G1 X6.456 Y3.570 Z1.859 E892.149 F1000 ; Linear move with extrusion
G1 X6.456 Y3.689 Z1.859 E896.665 F1000 ; Linear move with extrusion
G1 X6.364 Y2.879 Z0.216 E901.348 F1000 ; Linear move with extrusion
G1 X6.364 Y2.879 Z0.333 E902.290 F1000 ; Linear move with extrusion
G1 X6.364 Y2.879 Z0.450 E903.161 F1000 ; Linear move with extrusion
G1 X6.364 Y2.879 Z0.567 E906.276 F1000 ; Linear move with extrusion
G1 X6.364 Y2.879 Z0.684 E909.101 F1000 ; Linear move with extrusion
G1 X6.364 Y2.879 Z0.801 E911.636 F1000 ; Linear move with extrusion
G1 X6.364 Y2.879 Z0.918 E913.881 F1000 ; Linear move with extrusion
G1 X6.364 Y2.879 Z1.035 E915.836 F1000 ; Linear move with extrusion
G1 X6.364 Y2.879 Z1.152 E917.501 F1000 ; Linear move with extrusion
G1 X6.364 Y2.879 Z1.269 E918.875 F1000 ; Linear move with extrusion
G1 X2.884 Y2.904 Z1.637 E920.031 F1000 ; Linear move with extrusion
G1 X2.884 Y2.904 Z1.520 E921.176 F1000 ; Linear move with extrusion
G1 X2.884 Y2.904 Z1.403 E922.314 F1000 ; Linear move with extrusion
G1 X2.884 Y2.904 Z1.286 E923.448 F1000 ; Linear move with extrusion
G1 X2.884 Y2.904 Z1.169 E924.828 F1000 ; Linear move with extrusion
G1 X2.884 Y2.904 Z1.052 E926.208 F1000 ; Linear move with extrusion
G1 X2.884 Y2.904 Z0.935 E927.588 F1000 ; Linear move with extrusion
G1 X2.884 Y2.904 Z0.818 E928.968 F1000 ; Linear move with extrusion
G1 X2.884 Y2.904 Z0.701 E930.349 F1000 ; Linear move with extrusion
G1 X6.364 Y3.639 Z1.824 E934.946 F1000 ; Linear move with extrusion
G1 X6.364 Y3.719 Z1.756 E939.897 F1000 ; Linear move with extrusion
G1 X6.364 Y3.719 Z1.494 E944.706 F1000 ; Linear move with extrusion
G1 X6.364 Y3.719 Z1.233 E949.386 F1000 ; Linear move with extrusion
G1 X6.364 Y3.719 Z0.972 E953.952 F1000 ; Linear move with extrusion
G1 X6.364 Y3.719 Z0.711 E958.421 F1000 ; Linear move with extrusion
G1 X6.364 Y3.719 Z0.450 E962.809 F1000 ; Linear move with extrusion
G1 X6.364 Y3.719 Z0.189 E967.135 F1000 ; Linear move with extrusion
G1 X6.364 Y3.531 Z1.824 E972.184 F1000 ; Linear move with extrusion
G1 X6.364 Y3.422 Z1.824 E977.141 F1000 ; Linear move with extrusion
G1 X6.364 Y3.314 Z1.824 E982.022 F1000 ; Linear move with extrusion
G1 X6.364 Y3.206 Z1.824 E986.842 F1000 ; Linear move with extrusion
G1 X6.364 Y3.098 Z1.824 E991.617 F1000 ; Linear move with extrusion
G1 X6.364 Y2.989 Z1.824 E996.363 F1000 ; Linear move with extrusion
G1 X6.364 Y2.881 Z1.824 E1001.097 F1000 ; Linear move with extrusion
G1 X4.788 Y2.911 Z1.754 E1002.838 F1000 ; Linear move with extrusion
G1 X4.956 Y2.909 Z1.758 E1004.601 F1000 ; Linear move with extrusion
G1 X5.123 Y2.908 Z1.762 E1006.389 F1000 ; Linear move with extrusion
G1 X5.291 Y2.906 Z1.766 E1008.202 F1000 ; Linear move with extrusion
G1 X5.459 Y2.905 Z1.770 E1010.041 F1000 ; Linear move with extrusion
G1 X5.626 Y2.903 Z1.774 E1011.906 F1000 ; Linear move with extrusion
G1 X5.794 Y2.901 Z1.778 E1013.798 F1000 ; Linear move with extrusion
G1 X5.962 Y2.900 Z1.782 E1015.718 F1000 ; Linear move with extrusion
G1 X6.129 Y2.898 Z1.785 E1017.666 F1000 ; Linear move with extrusion
G1 X6.272 Y2.915 Z1.789 E1019.624 F1000 ; Linear move with extrusion
G1 X6.272 Y3.041 Z1.789 E1021.485 F1000 ; Linear move with extrusion
G1 X6.272 Y3.167 Z1.789 E1023.259 F1000 ; Linear move with extrusion
G1 X6.272 Y3.293 Z1.789 E1024.958 F1000 ; Linear move with extrusion
G1 X6.272 Y3.419 Z1.789 E1026.595 F1000 ; Linear move with extrusion
G1 X6.272 Y3.545 Z1.789 E1028.203 F1000 ; Linear move with extrusion
G1 X6.272 Y3.671 Z1.789 E1029.789 F1000 ; Linear move with extrusion
G1 X6.272 Y3.701 Z0.420 E1029.999 F1000 ; Linear move with extrusion
G1 X4.620 Y2.913 Z1.750 E1031.717 F1000 ; Linear move with extrusion
G1 X4.453 Y2.914 Z1.746 E1033.413 F1000 ; Linear move with extrusion
G1 X4.285 Y2.916 Z1.742 E1035.089 F1000 ; Linear move with extrusion
G1 X4.117 Y2.917 Z1.738 E1036.745 F1000 ; Linear move with extrusion
G1 X3.950 Y2.919 Z1.735 E1038.383 F1000 ; Linear move with extrusion
G1 X3.782 Y2.921 Z1.731 E1040.003 F1000 ; Linear move with extrusion
G1 X3.614 Y2.922 Z1.727 E1041.607 F1000 ; Linear move with extrusion
G1 X3.447 Y2.924 Z1.723 E1043.195 F1000 ; Linear move with extrusion
G1 X3.279 Y2.925 Z1.719 E1045.242 F1000 ; Linear move with extrusion
G1 X3.111 Y2.927 Z1.715 E1046.485 F1000 ; Linear move with extrusion
G1 X2.080 Y3.593 Z1.794 E1046.722 F1000 ; Linear move with extrusion
G1 X2.035 Y3.502 Z1.796 E1047.159 F1000 ; Linear move with extrusion
G1 X1.989 Y3.410 Z1.799 E1047.796 F1000 ; Linear move with extrusion
G1 X1.944 Y3.319 Z1.802 E1048.633 F1000 ; Linear move with extrusion
G1 X1.899 Y3.228 Z1.805 E1049.671 F1000 ; Linear move with extrusion
G1 X1.854 Y3.137 Z1.808 E1050.910 F1000 ; Linear move with extrusion
G1 X1.809 Y3.045 Z1.810 E1052.349 F1000 ; Linear move with extrusion
G1 X1.763 Y2.954 Z1.813 E1053.908 F1000 ; Linear move with extrusion
G1 X6.272 Y2.897 Z1.028 E1058.456 F1000 ; Linear move with extrusion
G1 X6.272 Y2.897 Z0.928 E1063.004 F1000 ; Linear move with extrusion
G1 X6.272 Y2.897 Z0.828 E1067.552 F1000 ; Linear move with extrusion
G1 X6.272 Y2.897 Z0.727 E1072.100 F1000 ; Linear move with extrusion
G1 X6.272 Y2.897 Z0.627 E1076.649 F1000 ; Linear move with extrusion
G1 X6.272 Y2.897 Z0.527 E1081.197 F1000 ; Linear move with extrusion
G1 X6.272 Y2.897 Z0.427 E1085.745 F1000 ; Linear move with extrusion
G1 X6.272 Y2.897 Z0.326 E1090.293 F1000 ; Linear move with extrusion
G1 X6.272 Y2.897 Z0.226 E1094.841 F1000 ; Linear move with extrusion
G1 X6.272 Y2.897 Z1.128 E1099.389 F1000 ; Linear move with extrusion
G1 X6.272 Y2.897 Z1.229 E1103.937 F1000 ; Linear move with extrusion
G1 X6.272 Y2.897 Z1.329 E1108.485 F1000 ; Linear move with extrusion
G1 X6.272 Y2.897 Z1.429 E1113.033 F1000 ; Linear move with extrusion
G1 X6.272 Y2.897 Z1.529 E1117.582 F1000 ; Linear move with extrusion
G1 X6.272 Y2.897 Z1.630 E1122.130 F1000 ; Linear move with extrusion
G1 X6.272 Y2.897 Z1.730 E1126.678 F1000 ; Linear move with extrusion
G1 X6.272 Y3.484 Z1.789 E1130.826 F1000 ; Linear move with extrusion
G1 X6.180 Y3.023 Z1.754 E1135.139 F1000 ; Linear move with extrusion
G1 X6.093 Y2.916 Z1.751 E1139.429 F1000 ; Linear move with extrusion
G1 X5.780 Y2.920 Z1.742 E1143.470 F1000 ; Linear move with extrusion
G1 X5.466 Y2.923 Z1.733 E1147.267 F1000 ; Linear move with extrusion
G1 X5.152 Y2.927 Z1.724 E1150.826 F1000 ; Linear move with extrusion
G1 X4.839 Y2.931 Z1.715 E1154.153 F1000 ; Linear move with extrusion
G1 X4.525 Y2.935 Z1.706 E1157.228 F1000 ; Linear move with extrusion
G1 X4.211 Y2.939 Z1.697 E1159.952 F1000 ; Linear move with extrusion
G1 X3.898 Y2.943 Z1.688 E1162.324 F1000 ; Linear move with extrusion
G1 X3.584 Y2.947 Z1.679 E1164.344 F1000 ; Linear move with extrusion
G1 X3.270 Y2.951 Z1.670 E1166.013 F1000 ; Linear move with extrusion
G1 X2.125 Y3.489 Z1.763 E1167.028 F1000 ; Linear move with extrusion
G1 X6.180 Y3.174 Z1.754 E1170.299 F1000 ; Linear move with extrusion
G1 X6.180 Y3.324 Z1.754 E1173.380 F1000 ; Linear move with extrusion
G1 X6.181 Y3.475 Z1.754 E1176.279 F1000 ; Linear move with extrusion
G1 X6.181 Y3.625 Z1.754 E1179.007 F1000 ; Linear move with extrusion
G1 X6.180 Y2.915 Z0.889 E1181.183 F1000 ; Linear move with extrusion
G1 X6.180 Y2.915 Z0.738 E1183.124 F1000 ; Linear move with extrusion
G1 X6.180 Y2.915 Z0.587 E1184.840 F1000 ; Linear move with extrusion
G1 X6.180 Y2.915 Z0.436 E1186.346 F1000 ; Linear move with extrusion
G1 X6.180 Y2.915 Z0.285 E1187.663 F1000 ; Linear move with extrusion
G1 X6.181 Y3.683 Z0.906 E1188.821 F1000 ; Linear move with extrusion
G1 X6.181 Y3.683 Z0.755 E1189.711 F1000 ; Linear move with extrusion
G1 X6.180 Y2.915 Z1.382 E1194.073 F1000 ; Linear move with extrusion
G1 X6.180 Y2.915 Z1.523 E1198.436 F1000 ; Linear move with extrusion
G1 X6.180 Y2.915 Z1.664 E1202.798 F1000 ; Linear move with extrusion
G1 X6.180 Y2.967 Z1.754 E1206.933 F1000 ; Linear move with extrusion
G1 X6.180 Y3.108 Z1.754 E1211.023 F1000 ; Linear move with extrusion
G1 X6.180 Y3.250 Z1.754 E1215.074 F1000 ; Linear move with extrusion
G1 X6.180 Y3.392 Z1.754 E1219.090 F1000 ; Linear move with extrusion
G1 X6.181 Y3.533 Z1.754 E1223.074 F1000 ; Linear move with extrusion
G1 X6.181 Y3.675 Z1.754 E1227.031 F1000 ; Linear move with extrusion
G1 X6.180 Y2.915 Z1.241 E1231.393 F1000 ; Linear move with extrusion
G1 X6.180 Y2.915 Z1.100 E1235.756 F1000 ; Linear move with extrusion
G1 X6.180 Y2.915 Z0.959 E1240.118 F1000 ; Linear move with extrusion
G1 X6.180 Y2.915 Z0.818 E1244.481 F1000 ; Linear move with extrusion
G1 X6.180 Y2.915 Z0.676 E1248.843 F1000 ; Linear move with extrusion
G1 X6.180 Y2.915 Z0.535 E1253.206 F1000 ; Linear move with extrusion
G1 X6.180 Y2.915 Z0.394 E1257.568 F1000 ; Linear move with extrusion
G1 X6.180 Y2.915 Z0.253 E1261.931 F1000 ; Linear move with extrusion
G1 X6.088 Y2.932 Z0.845 E1265.874 F1000 ; Linear move with extrusion
G1 X6.088 Y2.932 Z0.980 E1269.794 F1000 ; Linear move with extrusion
G1 X6.088 Y2.932 Z1.115 E1273.692 F1000 ; Linear move with extrusion
G1 X6.088 Y2.932 Z1.250 E1277.570 F1000 ; Linear move with extrusion
G1 X6.088 Y2.932 Z1.385 E1281.427 F1000 ; Linear move with extrusion
G1 X6.088 Y2.932 Z1.521 E1282.247 F1000 ; Linear move with extrusion
G1 X6.088 Y2.932 Z1.656 E1282.507 F1000 ; Linear move with extrusion
G1 X6.089 Y3.015 Z1.719 E1283.970 F1000 ; Linear move with extrusion
G1 X6.089 Y3.170 Z1.719 E1285.084 F1000 ; Linear move with extrusion
G1 X6.089 Y3.325 Z1.719 E1285.849 F1000 ; Linear move with extrusion
G1 X6.089 Y3.480 Z1.719 E1286.267 F1000 ; Linear move with extrusion
G1 X6.088 Y2.932 Z0.710 E1290.234 F1000 ; Linear move with extrusion
G1 X6.088 Y2.932 Z0.575 E1294.548 F1000 ; Linear move with extrusion
G1 X6.088 Y2.932 Z0.440 E1298.861 F1000 ; Linear move with extrusion
G1 X6.088 Y2.932 Z0.305 E1303.175 F1000 ; Linear move with extrusion
G1 X3.136 Y2.978 Z0.875 E1304.456 F1000 ; Linear move with extrusion
G1 X3.136 Y2.978 Z0.740 E1305.737 F1000 ; Linear move with extrusion
G1 X3.136 Y2.978 Z0.605 E1307.019 F1000 ; Linear move with extrusion
G1 X3.136 Y2.978 Z0.470 E1308.300 F1000 ; Linear move with extrusion
G1 X1.912 Y2.907 Z0.707 E1308.300 F1000 ; Linear move with extrusion
G1 X1.912 Y2.907 Z0.572 E1308.300 F1000 ; Linear move with extrusion
G1 X6.088 Y2.932 Z0.580 E1312.477 F1000 ; Linear move with extrusion
G1 X6.088 Y2.932 Z0.428 E1316.654 F1000 ; Linear move with extrusion
G1 X6.089 Y3.665 Z1.116 E1320.987 F1000 ; Linear move with extrusion
G1 X6.089 Y3.665 Z0.964 E1325.197 F1000 ; Linear move with extrusion
G1 X6.089 Y3.665 Z0.811 E1329.293 F1000 ; Linear move with extrusion
G1 X6.089 Y3.665 Z0.659 E1333.284 F1000 ; Linear move with extrusion
G1 X6.089 Y3.665 Z0.507 E1337.178 F1000 ; Linear move with extrusion
G1 X6.089 Y3.665 Z0.355 E1340.988 F1000 ; Linear move with extrusion
G1 X6.088 Y2.932 Z0.732 E1345.164 F1000 ; Linear move with extrusion
G1 X6.089 Y3.660 Z1.719 E1349.496 F1000 ; Linear move with extrusion
G1 X6.089 Y3.527 Z1.719 E1353.778 F1000 ; Linear move with extrusion
G1 X6.089 Y3.395 Z1.719 E1358.020 F1000 ; Linear move with extrusion
G1 X6.089 Y3.262 Z1.719 E1362.232 F1000 ; Linear move with extrusion
G1 X6.089 Y3.129 Z1.719 E1366.422 F1000 ; Linear move with extrusion
G1 X6.088 Y2.997 Z1.719 E1370.601 F1000 ; Linear move with extrusion
G1 X3.620 Y2.996 Z1.584 E1372.349 F1000 ; Linear move with extrusion
G1 X3.751 Y2.993 Z1.590 E1374.120 F1000 ; Linear move with extrusion
G1 X3.882 Y2.991 Z1.595 E1375.915 F1000 ; Linear move with extrusion
G1 X4.013 Y2.988 Z1.600 E1377.735 F1000 ; Linear move with extrusion
G1 X4.144 Y2.986 Z1.606 E1379.580 F1000 ; Linear move with extrusion
G1 X4.275 Y2.983 Z1.611 E1381.451 F1000 ; Linear move with extrusion
G1 X5.672 Y3.627 Z0.356 E1381.508 F1000 ; Linear move with extrusion
G1 X5.827 Y3.636 Z0.337 E1381.538 F1000 ; Linear move with extrusion
G1 X5.982 Y3.646 Z0.318 E1381.541 F1000 ; Linear move with extrusion
G1 X5.997 Y3.647 Z0.496 E1382.325 F1000 ; Linear move with extrusion
G1 X5.997 Y3.647 Z0.694 E1383.137 F1000 ; Linear move with extrusion
G1 X5.997 Y3.647 Z0.892 E1384.042 F1000 ; Linear move with extrusion
G1 X5.997 Y2.950 Z0.465 E1385.533 F1000 ; Linear move with extrusion
G1 X5.997 Y2.950 Z0.663 E1386.782 F1000 ; Linear move with extrusion
G1 X5.997 Y2.950 Z0.861 E1387.788 F1000 ; Linear move with extrusion
G1 X3.490 Y2.998 Z1.579 E1389.512 F1000 ; Linear move with extrusion
G1 X3.359 Y3.001 Z1.573 E1391.214 F1000 ; Linear move with extrusion
G1 X3.228 Y3.003 Z1.568 E1392.894 F1000 ; Linear move with extrusion
G1 X3.220 Y3.003 Z1.381 E1394.340 F1000 ; Linear move with extrusion
G1 X3.220 Y3.003 Z1.184 E1395.541 F1000 ; Linear move with extrusion
G1 X3.220 Y3.003 Z0.986 E1396.497 F1000 ; Linear move with extrusion
G1 X3.220 Y3.003 Z0.788 E1397.211 F1000 ; Linear move with extrusion
G1 X3.220 Y3.003 Z0.590 E1397.690 F1000 ; Linear move with extrusion
G1 X3.652 Y3.638 Z0.333 E1398.208 F1000 ; Linear move with extrusion
G1 X3.518 Y3.639 Z0.331 E1398.761 F1000 ; Linear move with extrusion
G1 X3.384 Y3.640 Z0.329 E1400.825 F1000 ; Linear move with extrusion
G1 X3.250 Y3.641 Z0.327 E1402.674 F1000 ; Linear move with extrusion
G1 X3.115 Y3.642 Z0.325 E1404.313 F1000 ; Linear move with extrusion
G1 X2.981 Y3.643 Z0.323 E1405.750 F1000 ; Linear move with extrusion
G1 X5.997 Y2.950 Z1.389 E1409.741 F1000 ; Linear move with extrusion
G1 X5.997 Y2.950 Z1.539 E1413.733 F1000 ; Linear move with extrusion
G1 X5.997 Y2.955 Z1.683 E1417.724 F1000 ; Linear move with extrusion
G1 X5.997 Y3.089 Z1.683 E1421.463 F1000 ; Linear move with extrusion
G1 X5.997 Y3.223 Z1.683 E1425.159 F1000 ; Linear move with extrusion
G1 X5.997 Y3.358 Z1.683 E1428.815 F1000 ; Linear move with extrusion
G1 X5.997 Y3.492 Z1.683 E1432.438 F1000 ; Linear move with extrusion
G1 X5.997 Y3.626 Z1.683 E1436.030 F1000 ; Linear move with extrusion
G1 X5.997 Y2.950 Z1.239 E1440.021 F1000 ; Linear move with extrusion
G1 X5.997 Y2.950 Z1.089 E1444.013 F1000 ; Linear move with extrusion
G1 X5.997 Y2.950 Z0.939 E1448.004 F1000 ; Linear move with extrusion
G1 X5.997 Y2.950 Z0.790 E1451.995 F1000 ; Linear move with extrusion
G1 X5.997 Y2.950 Z0.640 E1455.986 F1000 ; Linear move with extrusion
G1 X5.997 Y2.950 Z0.490 E1459.977 F1000 ; Linear move with extrusion
G1 X5.997 Y2.950 Z0.340 E1463.969 F1000 ; Linear move with extrusion
G1 X3.828 Y3.016 Z1.545 E1465.562 F1000 ; Linear move with extrusion
G1 X3.635 Y3.021 Z1.536 E1467.163 F1000 ; Linear move with extrusion
G1 X3.442 Y3.025 Z1.526 E1468.774 F1000 ; Linear move with extrusion
G1 X3.304 Y3.029 Z1.475 E1469.781 F1000 ; Linear move with extrusion
G1 X3.304 Y3.029 Z1.321 E1470.794 F1000 ; Linear move with extrusion
G1 X3.304 Y3.029 Z1.167 E1471.821 F1000 ; Linear move with extrusion
G1 X3.304 Y3.029 Z1.012 E1472.867 F1000 ; Linear move with extrusion
G1 X3.304 Y3.029 Z0.858 E1473.939 F1000 ; Linear move with extrusion
G1 X3.304 Y3.029 Z0.703 E1475.043 F1000 ; Linear move with extrusion
G1 X3.304 Y3.029 Z0.549 E1476.616 F1000 ; Linear move with extrusion
G1 X2.668 Y3.628 Z0.353 E1477.995 F1000 ; Linear move with extrusion
G1 X4.021 Y3.012 Z1.555 E1479.582 F1000 ; Linear move with extrusion
G1 X4.214 Y3.007 Z1.564 E1481.163 F1000 ; Linear move with extrusion
G1 X5.905 Y2.968 Z0.450 E1482.010 F1000 ; Linear move with extrusion
G1 X5.905 Y2.968 Z0.605 E1482.801 F1000 ; Linear move with extrusion
G1 X5.905 Y2.968 Z0.759 E1483.573 F1000 ; Linear move with extrusion
G1 X5.905 Y2.968 Z0.914 E1484.438 F1000 ; Linear move with extrusion
G1 X5.905 Y2.968 Z1.068 E1485.397 F1000 ; Linear move with extrusion
G1 X5.905 Y2.968 Z1.222 E1486.101 F1000 ; Linear move with extrusion
G1 X5.905 Y2.968 Z1.377 E1486.550 F1000 ; Linear move with extrusion
G1 X5.905 Y2.968 Z1.531 E1486.744 F1000 ; Linear move with extrusion
G1 X5.905 Y2.968 Z0.627 E1490.549 F1000 ; Linear move with extrusion
G1 X5.905 Y2.968 Z0.778 E1494.355 F1000 ; Linear move with extrusion
G1 X5.905 Y3.608 Z1.648 E1498.291 F1000 ; Linear move with extrusion
G1 X5.905 Y3.474 Z1.648 E1502.181 F1000 ; Linear move with extrusion
G1 X5.905 Y3.341 Z1.648 E1506.035 F1000 ; Linear move with extrusion
G1 X5.905 Y3.207 Z1.648 E1509.861 F1000 ; Linear move with extrusion
G1 X5.905 Y3.073 Z1.648 E1513.672 F1000 ; Linear move with extrusion
G1 X2.121 Y2.976 Z1.690 E1513.733 F1000 ; Linear move with extrusion
G1 X5.905 Y2.968 Z0.477 E1517.539 F1000 ; Linear move with extrusion
G1 X5.905 Y3.629 Z1.070 E1521.470 F1000 ; Linear move with extrusion
G1 X5.905 Y3.629 Z0.919 E1525.272 F1000 ; Linear move with extrusion
G1 X5.905 Y3.629 Z0.769 E1528.953 F1000 ; Linear move with extrusion
G1 X5.905 Y3.629 Z0.618 E1532.523 F1000 ; Linear move with extrusion
G1 X5.905 Y3.629 Z0.468 E1535.996 F1000 ; Linear move with extrusion
G1 X4.618 Y3.020 Z1.543 E1537.663 F1000 ; Linear move with extrusion
G1 X4.792 Y3.015 Z1.553 E1539.320 F1000 ; Linear move with extrusion
G1 X4.966 Y3.010 Z1.563 E1540.968 F1000 ; Linear move with extrusion
G1 X5.555 Y3.591 Z1.574 E1542.907 F1000 ; Linear move with extrusion
G1 X5.769 Y3.608 Z1.606 E1544.870 F1000 ; Linear move with extrusion
G1 X5.813 Y3.425 Z1.613 E1546.696 F1000 ; Linear move with extrusion
G1 X5.813 Y3.191 Z1.613 E1548.389 F1000 ; Linear move with extrusion
G1 X5.813 Y2.986 Z1.594 E1549.985 F1000 ; Linear move with extrusion
G1 X5.813 Y2.986 Z1.446 E1551.362 F1000 ; Linear move with extrusion
G1 X5.813 Y2.986 Z1.297 E1552.536 F1000 ; Linear move with extrusion
G1 X4.444 Y3.024 Z1.533 E1554.216 F1000 ; Linear move with extrusion
G1 X4.270 Y3.029 Z1.523 E1555.910 F1000 ; Linear move with extrusion
G1 X4.096 Y3.034 Z1.512 E1557.619 F1000 ; Linear move with extrusion
G1 X3.922 Y3.039 Z1.502 E1559.344 F1000 ; Linear move with extrusion
G1 X3.748 Y3.044 Z1.492 E1561.087 F1000 ; Linear move with extrusion
G1 X3.574 Y3.049 Z1.482 E1562.849 F1000 ; Linear move with extrusion
G1 X3.400 Y3.053 Z1.472 E1564.430 F1000 ; Linear move with extrusion
G1 X3.756 Y3.600 Z1.592 E1566.388 F1000 ; Linear move with extrusion
G1 X3.595 Y3.602 Z1.595 E1568.147 F1000 ; Linear move with extrusion
G1 X5.813 Y2.986 Z0.504 E1571.767 F1000 ; Linear move with extrusion
G1 X5.813 Y3.570 Z1.613 E1575.566 F1000 ; Linear move with extrusion
G1 X5.813 Y3.451 Z1.613 E1579.303 F1000 ; Linear move with extrusion
G1 X5.813 Y3.333 Z1.613 E1582.991 F1000 ; Linear move with extrusion
G1 X5.813 Y3.215 Z1.613 E1586.643 F1000 ; Linear move with extrusion
G1 X5.813 Y3.096 Z1.613 E1590.273 F1000 ; Linear move with extrusion
G1 X2.225 Y3.006 Z1.658 E1590.374 F1000 ; Linear move with extrusion
G1 X5.813 Y3.611 Z1.305 E1594.142 F1000 ; Linear move with extrusion
G1 X5.813 Y3.611 Z1.118 E1597.773 F1000 ; Linear move with extrusion
G1 X5.813 Y3.611 Z0.931 E1601.279 F1000 ; Linear move with extrusion
G1 X5.813 Y3.611 Z0.744 E1604.673 F1000 ; Linear move with extrusion
G1 X5.813 Y3.611 Z0.557 E1607.969 F1000 ; Linear move with extrusion
G1 X5.721 Y3.577 Z1.578 E1611.627 F1000 ; Linear move with extrusion
G1 X5.721 Y3.004 Z0.453 E1614.960 F1000 ; Linear move with extrusion
G1 X5.721 Y3.593 Z1.222 E1618.336 F1000 ; Linear move with extrusion
G1 X5.721 Y3.593 Z1.030 E1621.583 F1000 ; Linear move with extrusion
G1 X5.721 Y3.593 Z0.839 E1624.715 F1000 ; Linear move with extrusion
G1 X5.721 Y3.593 Z0.648 E1625.341 F1000 ; Linear move with extrusion
G1 X5.721 Y3.593 Z0.456 E1625.443 F1000 ; Linear move with extrusion
G1 X5.721 Y3.460 Z1.578 E1629.077 F1000 ; Linear move with extrusion
G1 X5.721 Y3.342 Z1.578 E1632.646 F1000 ; Linear move with extrusion
G1 X5.721 Y3.225 Z1.578 E1636.160 F1000 ; Linear move with extrusion
G1 X5.721 Y3.107 Z1.578 E1639.635 F1000 ; Linear move with extrusion
G1 X2.422 Y3.182 Z1.614 E1640.071 F1000 ; Linear move with extrusion
G1 X2.353 Y3.074 Z1.623 E1640.283 F1000 ; Linear move with extrusion
G1 X5.721 Y3.004 Z1.182 E1643.717 F1000 ; Linear move with extrusion
G1 X5.721 Y3.004 Z1.065 E1647.151 F1000 ; Linear move with extrusion
G1 X5.721 Y3.004 Z0.947 E1650.586 F1000 ; Linear move with extrusion
G1 X5.721 Y3.004 Z0.830 E1654.020 F1000 ; Linear move with extrusion
G1 X5.721 Y3.004 Z0.713 E1657.454 F1000 ; Linear move with extrusion
G1 X5.721 Y3.004 Z0.595 E1660.888 F1000 ; Linear move with extrusion
G1 X5.721 Y3.004 Z0.478 E1664.322 F1000 ; Linear move with extrusion
G1 X2.287 Y2.971 Z0.381 E1664.322 F1000 ; Linear move with extrusion
G1 X5.721 Y3.004 Z1.299 E1667.757 F1000 ; Linear move with extrusion
G1 X5.721 Y3.004 Z1.417 E1671.191 F1000 ; Linear move with extrusion
G1 X5.721 Y3.004 Z1.534 E1674.625 F1000 ; Linear move with extrusion
G1 X5.721 Y3.124 Z1.578 E1677.762 F1000 ; Linear move with extrusion
G1 X5.721 Y3.315 Z1.578 E1680.851 F1000 ; Linear move with extrusion
G1 X5.721 Y3.506 Z1.578 E1683.902 F1000 ; Linear move with extrusion
G1 X5.380 Y3.553 Z1.498 E1686.577 F1000 ; Linear move with extrusion
G1 X5.629 Y3.504 Z1.543 E1689.154 F1000 ; Linear move with extrusion
G1 X5.629 Y3.328 Z1.543 E1691.391 F1000 ; Linear move with extrusion
G1 X5.629 Y3.151 Z1.543 E1693.322 F1000 ; Linear move with extrusion
G1 X5.629 Y3.022 Z1.504 E1694.969 F1000 ; Linear move with extrusion
G1 X5.629 Y3.022 Z1.363 E1696.279 F1000 ; Linear move with extrusion
G1 X5.629 Y3.022 Z1.222 E1697.292 F1000 ; Linear move with extrusion
G1 X5.629 Y3.022 Z1.081 E1698.189 F1000 ; Linear move with extrusion
G1 X5.629 Y3.022 Z0.940 E1698.918 F1000 ; Linear move with extrusion
G1 X4.407 Y3.071 Z1.444 E1700.984 F1000 ; Linear move with extrusion
G1 X4.148 Y3.081 Z1.423 E1703.005 F1000 ; Linear move with extrusion
G1 X3.889 Y3.091 Z1.402 E1704.723 F1000 ; Linear move with extrusion
G1 X3.631 Y3.101 Z1.381 E1706.138 F1000 ; Linear move with extrusion
G1 X4.216 Y3.557 Z1.506 E1708.162 F1000 ; Linear move with extrusion
G1 X3.993 Y3.560 Z1.512 E1709.945 F1000 ; Linear move with extrusion
G1 X3.770 Y3.563 Z1.518 E1711.493 F1000 ; Linear move with extrusion
G1 X3.547 Y3.566 Z1.524 E1712.815 F1000 ; Linear move with extrusion
G1 X5.629 Y3.022 Z0.650 E1716.064 F1000 ; Linear move with extrusion
G1 X5.629 Y3.022 Z0.810 E1719.313 F1000 ; Linear move with extrusion
G1 X5.629 Y3.478 Z1.543 E1722.655 F1000 ; Linear move with extrusion
G1 X5.629 Y3.350 Z1.543 E1725.956 F1000 ; Linear move with extrusion
G1 X5.629 Y3.223 Z1.543 E1729.226 F1000 ; Linear move with extrusion
G1 X5.629 Y3.095 Z1.543 E1732.479 F1000 ; Linear move with extrusion
G1 X2.397 Y3.011 Z1.598 E1732.520 F1000 ; Linear move with extrusion
G1 X5.629 Y3.022 Z0.490 E1735.769 F1000 ; Linear move with extrusion
G1 X5.629 Y3.576 Z1.023 E1739.046 F1000 ; Linear move with extrusion
G1 X5.629 Y3.576 Z0.863 E1742.186 F1000 ; Linear move with extrusion
G1 X5.629 Y3.576 Z0.703 E1745.202 F1000 ; Linear move with extrusion
G1 X5.629 Y3.576 Z0.542 E1748.107 F1000 ; Linear move with extrusion
G1 X4.111 Y3.107 Z1.371 E1749.043 F1000 ; Linear move with extrusion
G1 X3.995 Y3.113 Z1.360 E1749.969 F1000 ; Linear move with extrusion
G1 X3.878 Y3.118 Z1.349 E1750.886 F1000 ; Linear move with extrusion
G1 X3.762 Y3.124 Z1.338 E1751.795 F1000 ; Linear move with extrusion
G1 X3.646 Y3.129 Z1.327 E1752.697 F1000 ; Linear move with extrusion
G1 X3.640 Y3.130 Z1.093 E1753.349 F1000 ; Linear move with extrusion
G1 X3.640 Y3.130 Z0.848 E1753.742 F1000 ; Linear move with extrusion
G1 X3.502 Y3.549 Z0.510 E1754.096 F1000 ; Linear move with extrusion
G1 X3.384 Y3.550 Z0.506 E1754.475 F1000 ; Linear move with extrusion
G1 X3.265 Y3.552 Z0.502 E1755.490 F1000 ; Linear move with extrusion
G1 X3.147 Y3.554 Z0.499 E1756.380 F1000 ; Linear move with extrusion
G1 X3.029 Y3.556 Z0.495 E1757.151 F1000 ; Linear move with extrusion
G1 X2.910 Y3.558 Z0.491 E1757.816 F1000 ; Linear move with extrusion
G1 X2.497 Y3.034 Z1.566 E1758.480 F1000 ; Linear move with extrusion
G1 X4.227 Y3.102 Z1.383 E1759.426 F1000 ; Linear move with extrusion
G1 X4.344 Y3.096 Z1.394 E1760.383 F1000 ; Linear move with extrusion
G1 X4.460 Y3.091 Z1.405 E1761.352 F1000 ; Linear move with extrusion
G1 X4.576 Y3.085 Z1.416 E1762.334 F1000 ; Linear move with extrusion
G1 X4.693 Y3.080 Z1.427 E1763.329 F1000 ; Linear move with extrusion
G1 X4.809 Y3.075 Z1.438 E1764.337 F1000 ; Linear move with extrusion
G1 X4.925 Y3.069 Z1.449 E1765.360 F1000 ; Linear move with extrusion
G1 X5.284 Y3.532 Z0.542 E1765.425 F1000 ; Linear move with extrusion
G1 X5.537 Y3.040 Z0.707 E1765.979 F1000 ; Linear move with extrusion
G1 X5.537 Y3.040 Z0.952 E1766.672 F1000 ; Linear move with extrusion
G1 X5.537 Y3.040 Z1.198 E1767.019 F1000 ; Linear move with extrusion
G1 X5.537 Y3.040 Z1.444 E1767.091 F1000 ; Linear move with extrusion
G1 X5.537 Y3.244 Z1.508 E1767.409 F1000 ; Linear move with extrusion
G1 X5.537 Y3.040 Z0.708 E1770.472 F1000 ; Linear move with extrusion
G1 X5.537 Y3.040 Z0.858 E1773.535 F1000 ; Linear move with extrusion
G1 X5.537 Y3.488 Z1.508 E1776.683 F1000 ; Linear move with extrusion
G1 X5.537 Y3.354 Z1.508 E1779.790 F1000 ; Linear move with extrusion
G1 X5.537 Y3.220 Z1.508 E1782.870 F1000 ; Linear move with extrusion
G1 X5.537 Y3.085 Z1.508 E1785.935 F1000 ; Linear move with extrusion
G1 X2.477 Y3.006 Z1.569 E1785.940 F1000 ; Linear move with extrusion
G1 X5.537 Y3.040 Z0.558 E1789.004 F1000 ; Linear move with extrusion
G1 X5.537 Y3.558 Z0.986 E1792.109 F1000 ; Linear move with extrusion
G1 X5.537 Y3.558 Z0.836 E1795.066 F1000 ; Linear move with extrusion
G1 X5.537 Y3.558 Z0.686 E1797.888 F1000 ; Linear move with extrusion
G1 X5.537 Y3.558 Z0.536 E1800.590 F1000 ; Linear move with extrusion
G1 X4.178 Y3.130 Z1.330 E1801.411 F1000 ; Linear move with extrusion
G1 X4.055 Y3.136 Z1.316 E1802.220 F1000 ; Linear move with extrusion
G1 X3.932 Y3.143 Z1.302 E1803.019 F1000 ; Linear move with extrusion
G1 X3.809 Y3.150 Z1.288 E1803.809 F1000 ; Linear move with extrusion
G1 X3.723 Y3.155 Z1.187 E1804.497 F1000 ; Linear move with extrusion
G1 X3.723 Y3.155 Z0.883 E1804.873 F1000 ; Linear move with extrusion
G1 X3.507 Y3.531 Z0.545 E1805.225 F1000 ; Linear move with extrusion
G1 X3.383 Y3.533 Z0.540 E1805.605 F1000 ; Linear move with extrusion
G1 X3.259 Y3.535 Z0.536 E1806.525 F1000 ; Linear move with extrusion
G1 X3.135 Y3.538 Z0.531 E1807.323 F1000 ; Linear move with extrusion
G1 X3.011 Y3.540 Z0.527 E1808.007 F1000 ; Linear move with extrusion
G1 X2.697 Y3.190 Z1.518 E1808.496 F1000 ; Linear move with extrusion
G1 X2.626 Y3.095 Z1.529 E1809.117 F1000 ; Linear move with extrusion
G1 X2.568 Y3.019 Z1.480 E1809.117 F1000 ; Linear move with extrusion
G1 X2.568 Y3.019 Z1.176 E1809.117 F1000 ; Linear move with extrusion
G1 X2.568 Y3.019 Z0.873 E1809.117 F1000 ; Linear move with extrusion
G1 X2.568 Y3.019 Z0.569 E1809.117 F1000 ; Linear move with extrusion
G1 X4.300 Y3.123 Z1.343 E1809.951 F1000 ; Linear move with extrusion
G1 X4.423 Y3.116 Z1.357 E1810.798 F1000 ; Linear move with extrusion
G1 X4.546 Y3.109 Z1.371 E1811.660 F1000 ; Linear move with extrusion
G1 X4.669 Y3.102 Z1.385 E1812.538 F1000 ; Linear move with extrusion
G1 X4.792 Y3.095 Z1.399 E1813.432 F1000 ; Linear move with extrusion
G1 X4.914 Y3.088 Z1.413 E1814.343 F1000 ; Linear move with extrusion
G1 X5.117 Y3.505 Z0.597 E1814.432 F1000 ; Linear move with extrusion
G1 X5.445 Y3.058 Z0.768 E1814.974 F1000 ; Linear move with extrusion
G1 X5.445 Y3.058 Z1.071 E1815.697 F1000 ; Linear move with extrusion
G1 X5.445 Y3.058 Z1.375 E1815.803 F1000 ; Linear move with extrusion
G1 X5.445 Y3.196 Z1.473 E1816.168 F1000 ; Linear move with extrusion
G1 X5.445 Y3.398 Z1.473 E1816.318 F1000 ; Linear move with extrusion
G1 X5.445 Y3.058 Z0.837 E1819.195 F1000 ; Linear move with extrusion
G1 X5.445 Y3.058 Z0.957 E1822.073 F1000 ; Linear move with extrusion
G1 X5.445 Y3.058 Z1.078 E1824.950 F1000 ; Linear move with extrusion
G1 X5.445 Y3.471 Z1.473 E1827.878 F1000 ; Linear move with extrusion
G1 X5.445 Y3.291 Z1.473 E1830.773 F1000 ; Linear move with extrusion
G1 X5.445 Y3.110 Z1.473 E1833.652 F1000 ; Linear move with extrusion
G1 X2.574 Y3.027 Z1.538 E1833.664 F1000 ; Linear move with extrusion
G1 X5.445 Y3.058 Z0.717 E1836.541 F1000 ; Linear move with extrusion
G1 X5.445 Y3.058 Z0.597 E1839.419 F1000 ; Linear move with extrusion
G1 X5.445 Y3.540 Z0.798 E1842.343 F1000 ; Linear move with extrusion
G1 X5.445 Y3.540 Z0.678 E1845.060 F1000 ; Linear move with extrusion
G1 X5.445 Y3.540 Z0.557 E1847.591 F1000 ; Linear move with extrusion
G1 X4.001 Y3.168 Z1.256 E1848.490 F1000 ; Linear move with extrusion
G1 X4.154 Y3.157 Z1.277 E1849.399 F1000 ; Linear move with extrusion
G1 X4.306 Y3.147 Z1.297 E1850.321 F1000 ; Linear move with extrusion
G1 X5.353 Y3.076 Z0.591 E1850.792 F1000 ; Linear move with extrusion
G1 X5.353 Y3.076 Z0.736 E1851.265 F1000 ; Linear move with extrusion
G1 X5.353 Y3.076 Z0.880 E1852.145 F1000 ; Linear move with extrusion
G1 X5.353 Y3.076 Z1.025 E1852.798 F1000 ; Linear move with extrusion
G1 X5.353 Y3.076 Z1.169 E1853.222 F1000 ; Linear move with extrusion
G1 X3.848 Y3.178 Z1.235 E1854.112 F1000 ; Linear move with extrusion
G1 X3.807 Y3.181 Z1.125 E1854.857 F1000 ; Linear move with extrusion
G1 X3.807 Y3.181 Z0.980 E1855.800 F1000 ; Linear move with extrusion
G1 X3.807 Y3.181 Z0.836 E1856.785 F1000 ; Linear move with extrusion
G1 X3.697 Y3.510 Z0.587 E1857.770 F1000 ; Linear move with extrusion
G1 X3.533 Y3.513 Z0.580 E1858.613 F1000 ; Linear move with extrusion
G1 X3.369 Y3.517 Z0.573 E1859.850 F1000 ; Linear move with extrusion
G1 X5.353 Y3.076 Z0.623 E1862.542 F1000 ; Linear move with extrusion
G1 X5.353 Y3.523 Z1.170 E1865.277 F1000 ; Linear move with extrusion
G1 X5.353 Y3.523 Z0.976 E1867.852 F1000 ; Linear move with extrusion
G1 X5.353 Y3.523 Z0.782 E1870.286 F1000 ; Linear move with extrusion
G1 X5.353 Y3.523 Z0.588 E1872.602 F1000 ; Linear move with extrusion
G1 X5.353 Y3.450 Z1.438 E1875.411 F1000 ; Linear move with extrusion
G1 X5.353 Y3.333 Z1.438 E1878.164 F1000 ; Linear move with extrusion
G1 X5.353 Y3.217 Z1.438 E1880.878 F1000 ; Linear move with extrusion
G1 X5.353 Y3.100 Z1.438 E1883.573 F1000 ; Linear move with extrusion
G1 X4.970 Y3.118 Z1.356 E1885.122 F1000 ; Linear move with extrusion
G1 X5.261 Y3.119 Z1.403 E1886.768 F1000 ; Linear move with extrusion
G1 X5.261 Y3.328 Z1.403 E1888.229 F1000 ; Linear move with extrusion
G1 X5.261 Y3.095 Z1.119 E1889.393 F1000 ; Linear move with extrusion
G1 X5.261 Y3.095 Z0.985 E1890.332 F1000 ; Linear move with extrusion
G1 X5.261 Y3.095 Z0.851 E1891.060 F1000 ; Linear move with extrusion
G1 X5.261 Y3.095 Z0.717 E1891.617 F1000 ; Linear move with extrusion
G1 X4.641 Y3.145 Z1.303 E1893.317 F1000 ; Linear move with extrusion
G1 X4.312 Y3.172 Z1.249 E1894.785 F1000 ; Linear move with extrusion
G1 X3.982 Y3.199 Z1.196 E1896.038 F1000 ; Linear move with extrusion
G1 X3.753 Y3.491 Z1.375 E1897.373 F1000 ; Linear move with extrusion
G1 X3.548 Y3.496 Z1.385 E1898.567 F1000 ; Linear move with extrusion
G1 X3.343 Y3.501 Z1.395 E1899.553 F1000 ; Linear move with extrusion
G1 X5.261 Y3.095 Z1.328 E1902.060 F1000 ; Linear move with extrusion
G1 X5.261 Y3.095 Z1.142 E1904.567 F1000 ; Linear move with extrusion
G1 X5.261 Y3.095 Z0.957 E1907.074 F1000 ; Linear move with extrusion
G1 X5.261 Y3.095 Z0.771 E1909.581 F1000 ; Linear move with extrusion
G1 X2.756 Y3.052 Z0.653 E1909.581 F1000 ; Linear move with extrusion
G1 X5.261 Y3.165 Z1.403 E1911.855 F1000 ; Linear move with extrusion
G1 X5.261 Y3.284 Z1.403 E1914.069 F1000 ; Linear move with extrusion
G1 X5.261 Y3.403 Z1.403 E1916.228 F1000 ; Linear move with extrusion
G1 X3.990 Y3.231 Z1.136 E1917.029 F1000 ; Linear move with extrusion
G1 X3.974 Y3.232 Z1.022 E1917.647 F1000 ; Linear move with extrusion
G1 X3.974 Y3.232 Z0.895 E1918.064 F1000 ; Linear move with extrusion
G1 X4.173 Y3.461 Z0.685 E1918.215 F1000 ; Linear move with extrusion
G1 X4.013 Y3.466 Z0.675 E1919.653 F1000 ; Linear move with extrusion
G1 X3.854 Y3.470 Z0.666 E1920.904 F1000 ; Linear move with extrusion
G1 X4.123 Y3.218 Z1.162 E1921.748 F1000 ; Linear move with extrusion
G1 X5.087 Y3.477 Z0.654 E1921.788 F1000 ; Linear move with extrusion
G1 X5.169 Y3.488 Z0.724 E1922.174 F1000 ; Linear move with extrusion
G1 X5.170 Y3.113 Z0.751 E1923.276 F1000 ; Linear move with extrusion
G1 X5.170 Y3.113 Z0.878 E1924.152 F1000 ; Linear move with extrusion
G1 X5.170 Y3.208 Z1.368 E1926.288 F1000 ; Linear move with extrusion
G1 X5.170 Y3.113 Z1.338 E1928.507 F1000 ; Linear move with extrusion
G1 X5.170 Y3.113 Z0.945 E1930.834 F1000 ; Linear move with extrusion
G1 X2.849 Y3.068 Z0.723 E1930.834 F1000 ; Linear move with extrusion
G1 X5.169 Y3.312 Z1.368 E1932.887 F1000 ; Linear move with extrusion
G1 X5.169 Y3.415 Z1.368 E1934.867 F1000 ; Linear move with extrusion
G1 X5.078 Y3.131 Z0.936 E1936.728 F1000 ; Linear move with extrusion
G1 X5.078 Y3.131 Z1.089 E1938.545 F1000 ; Linear move with extrusion
G1 X5.078 Y3.131 Z1.242 E1938.880 F1000 ; Linear move with extrusion
G1 X5.078 Y3.187 Z1.333 E1939.586 F1000 ; Linear move with extrusion
G1 X5.077 Y3.324 Z1.333 E1939.951 F1000 ; Linear move with extrusion
G1 X5.077 Y3.461 Z1.332 E1939.973 F1000 ; Linear move with extrusion
G1 X5.078 Y3.131 Z0.784 E1941.883 F1000 ; Linear move with extrusion
G1 X3.647 Y3.460 Z0.687 E1942.899 F1000 ; Linear move with extrusion
G1 X2.943 Y3.084 Z1.163 E1942.899 F1000 ; Linear move with extrusion
G1 X2.943 Y3.084 Z1.010 E1942.899 F1000 ; Linear move with extrusion
G1 X2.943 Y3.084 Z0.857 E1942.899 F1000 ; Linear move with extrusion
G1 X2.943 Y3.084 Z0.705 E1942.899 F1000 ; Linear move with extrusion
G1 X5.078 Y3.131 Z0.843 E1945.035 F1000 ; Linear move with extrusion
G1 X5.078 Y3.131 Z0.709 E1947.170 F1000 ; Linear move with extrusion
G1 X5.077 Y3.470 Z0.878 E1949.271 F1000 ; Linear move with extrusion
G1 X5.077 Y3.470 Z0.744 E1951.142 F1000 ; Linear move with extrusion
G1 X5.078 Y3.131 Z0.978 E1953.277 F1000 ; Linear move with extrusion
G1 X5.077 Y3.378 Z1.332 E1955.448 F1000 ; Linear move with extrusion
G1 X5.078 Y3.228 Z1.333 E1957.591 F1000 ; Linear move with extrusion
G1 X3.013 Y3.154 Z1.401 E1957.708 F1000 ; Linear move with extrusion
G1 X4.154 Y3.284 Z1.040 E1958.092 F1000 ; Linear move with extrusion
G1 X4.315 Y3.417 Z0.775 E1958.187 F1000 ; Linear move with extrusion
G1 X4.182 Y3.422 Z0.764 E1958.320 F1000 ; Linear move with extrusion
G1 X4.050 Y3.428 Z0.753 E1958.491 F1000 ; Linear move with extrusion
G1 X3.917 Y3.433 Z0.742 E1958.699 F1000 ; Linear move with extrusion
G1 X3.784 Y3.439 Z0.731 E1959.738 F1000 ; Linear move with extrusion
G1 X3.652 Y3.444 Z0.720 E1960.586 F1000 ; Linear move with extrusion
G1 X4.260 Y3.267 Z1.073 E1961.022 F1000 ; Linear move with extrusion
G1 X4.757 Y3.419 Z0.770 E1961.120 F1000 ; Linear move with extrusion
G1 X4.977 Y3.452 Z0.705 E1961.124 F1000 ; Linear move with extrusion
G1 X4.985 Y3.453 Z0.871 E1961.479 F1000 ; Linear move with extrusion
G1 X4.986 Y3.150 Z0.807 E1962.145 F1000 ; Linear move with extrusion
G1 X4.986 Y3.150 Z0.982 E1962.573 F1000 ; Linear move with extrusion
G1 X4.986 Y3.150 Z1.200 E1964.524 F1000 ; Linear move with extrusion
G1 X4.986 Y3.150 Z1.039 E1966.475 F1000 ; Linear move with extrusion
G1 X4.986 Y3.150 Z0.877 E1968.425 F1000 ; Linear move with extrusion
G1 X4.986 Y3.150 Z0.716 E1970.376 F1000 ; Linear move with extrusion
G1 X3.037 Y3.101 Z0.617 E1970.376 F1000 ; Linear move with extrusion
G1 X4.986 Y3.200 Z1.298 E1972.069 F1000 ; Linear move with extrusion
G1 X4.985 Y3.327 Z1.298 E1973.693 F1000 ; Linear move with extrusion
G1 X3.423 Y3.453 Z1.299 E1973.695 F1000 ; Linear move with extrusion
G1 X4.188 Y3.402 Z0.805 E1973.795 F1000 ; Linear move with extrusion
G1 X4.395 Y3.269 Z0.927 E1973.934 F1000 ; Linear move with extrusion
G1 X4.593 Y3.229 Z0.852 E1974.116 F1000 ; Linear move with extrusion
G1 X4.599 Y3.390 Z0.829 E1974.227 F1000 ; Linear move with extrusion
G1 X4.894 Y3.168 Z0.919 E1974.565 F1000 ; Linear move with extrusion
G1 X4.894 Y3.183 Z1.263 E1975.147 F1000 ; Linear move with extrusion
G1 X4.893 Y3.343 Z1.263 E1975.254 F1000 ; Linear move with extrusion
G1 X4.050 Y3.409 Z0.791 E1975.391 F1000 ; Linear move with extrusion
G1 X3.913 Y3.416 Z0.777 E1975.566 F1000 ; Linear move with extrusion
G1 X3.775 Y3.423 Z0.763 E1975.778 F1000 ; Linear move with extrusion
G1 X3.638 Y3.430 Z0.749 E1976.272 F1000 ; Linear move with extrusion
G1 X3.389 Y3.333 Z1.293 E1976.449 F1000 ; Linear move with extrusion
G1 X3.305 Y3.263 Z1.313 E1976.747 F1000 ; Linear move with extrusion
G1 X3.221 Y3.193 Z1.332 E1977.164 F1000 ; Linear move with extrusion
G1 X3.138 Y3.124 Z1.352 E1977.701 F1000 ; Linear move with extrusion
G1 X3.130 Y3.118 Z1.006 E1977.701 F1000 ; Linear move with extrusion
G1 X4.894 Y3.168 Z0.941 E1979.465 F1000 ; Linear move with extrusion
G1 X4.894 Y3.168 Z0.833 E1981.230 F1000 ; Linear move with extrusion
G1 X4.893 Y3.436 Z0.837 E1983.026 F1000 ; Linear move with extrusion
G1 X4.894 Y3.168 Z1.050 E1984.790 F1000 ; Linear move with extrusion
G1 X4.893 Y3.417 Z1.262 E1986.583 F1000 ; Linear move with extrusion
G1 X3.316 Y3.272 Z1.310 E1986.833 F1000 ; Linear move with extrusion
G1 X4.801 Y3.419 Z0.861 E1988.474 F1000 ; Linear move with extrusion
G1 X4.345 Y3.372 Z0.866 E1989.644 F1000 ; Linear move with extrusion
G1 X4.101 Y3.388 Z0.835 E1990.570 F1000 ; Linear move with extrusion
G1 X3.857 Y3.403 Z0.804 E1991.261 F1000 ; Linear move with extrusion
G1 X4.802 Y3.187 Z0.863 E1991.769 F1000 ; Linear move with extrusion
G1 X4.802 Y3.187 Z0.979 E1992.116 F1000 ; Linear move with extrusion
G1 X4.802 Y3.187 Z1.094 E1992.302 F1000 ; Linear move with extrusion
G1 X4.802 Y3.195 Z1.228 E1993.677 F1000 ; Linear move with extrusion
G1 X4.802 Y3.187 Z1.016 E1995.260 F1000 ; Linear move with extrusion
G1 X4.802 Y3.187 Z0.786 E1996.842 F1000 ; Linear move with extrusion
G1 X4.801 Y3.306 Z1.228 E1998.123 F1000 ; Linear move with extrusion
G1 X4.801 Y3.417 Z1.228 E1999.321 F1000 ; Linear move with extrusion
G1 X4.073 Y3.371 Z0.870 E1999.557 F1000 ; Linear move with extrusion
G1 X3.845 Y3.389 Z0.832 E1999.969 F1000 ; Linear move with extrusion
G1 X4.028 Y3.374 Z1.138 E2000.791 F1000 ; Linear move with extrusion
G1 X3.875 Y3.387 Z1.163 E2001.436 F1000 ; Linear move with extrusion
G1 X3.722 Y3.399 Z1.188 E2001.920 F1000 ; Linear move with extrusion
G1 X4.709 Y3.381 Z1.194 E2002.469 F1000 ; Linear move with extrusion
G1 X4.710 Y3.205 Z1.194 E2003.061 F1000 ; Linear move with extrusion
G1 X4.710 Y3.204 Z1.042 E2003.384 F1000 ; Linear move with extrusion
G1 X4.710 Y3.204 Z0.889 E2003.539 F1000 ; Linear move with extrusion
G1 X4.710 Y3.204 Z0.888 E2004.934 F1000 ; Linear move with extrusion
G1 X4.708 Y3.402 Z0.963 E2006.291 F1000 ; Linear move with extrusion
G1 X4.708 Y3.402 Z0.810 E2007.308 F1000 ; Linear move with extrusion
G1 X4.709 Y3.337 Z1.194 E2008.728 F1000 ; Linear move with extrusion
G1 X4.710 Y3.205 Z1.194 E2010.123 F1000 ; Linear move with extrusion
G1 X3.324 Y3.155 Z1.289 E2010.132 F1000 ; Linear move with extrusion
G1 X4.155 Y3.341 Z0.926 E2010.202 F1000 ; Linear move with extrusion
G1 X4.297 Y3.329 Z0.950 E2010.365 F1000 ; Linear move with extrusion
G1 X4.441 Y3.354 Z0.900 E2010.453 F1000 ; Linear move with extrusion
G1 X4.616 Y3.269 Z1.161 E2010.798 F1000 ; Linear move with extrusion
G1 X4.617 Y3.221 Z0.931 E2010.903 F1000 ; Linear move with extrusion
G1 X4.014 Y3.357 Z0.895 E2011.049 F1000 ; Linear move with extrusion
G1 X3.872 Y3.372 Z0.864 E2011.273 F1000 ; Linear move with extrusion
G1 X3.851 Y3.375 Z1.141 E2011.687 F1000 ; Linear move with extrusion
G1 X3.677 Y3.319 Z1.186 E2012.112 F1000 ; Linear move with extrusion
G1 X3.437 Y3.182 Z1.252 E2012.154 F1000 ; Linear move with extrusion
G1 X4.617 Y3.221 Z0.964 E2013.361 F1000 ; Linear move with extrusion
G1 X4.617 Y3.221 Z1.075 E2014.569 F1000 ; Linear move with extrusion
G1 X3.593 Y3.271 Z1.209 E2014.784 F1000 ; Linear move with extrusion
G1 X4.617 Y3.221 Z0.854 E2015.992 F1000 ; Linear move with extrusion
G1 X4.117 Y3.320 Z0.961 E2016.096 F1000 ; Linear move with extrusion
G1 X4.523 Y3.311 Z1.129 E2016.577 F1000 ; Linear move with extrusion
G1 X4.523 Y3.236 Z1.042 E2016.797 F1000 ; Linear move with extrusion
G1 X4.523 Y3.236 Z0.873 E2016.800 F1000 ; Linear move with extrusion
G1 X4.047 Y3.331 Z1.061 E2017.427 F1000 ; Linear move with extrusion
G1 X3.919 Y3.354 Z1.103 E2017.899 F1000 ; Linear move with extrusion
G1 X3.680 Y3.267 Z1.175 E2018.100 F1000 ; Linear move with extrusion
G1 X4.523 Y3.236 Z0.949 E2019.122 F1000 ; Linear move with extrusion
G1 X4.523 Y3.285 Z1.129 E2020.150 F1000 ; Linear move with extrusion
G1 X3.579 Y3.220 Z1.204 E2020.239 F1000 ; Linear move with extrusion
G1 X4.522 Y3.367 Z0.933 E2021.236 F1000 ; Linear move with extrusion
G1 X4.092 Y3.302 Z1.017 E2021.269 F1000 ; Linear move with extrusion
G1 X3.982 Y3.332 Z0.932 E2021.397 F1000 ; Linear move with extrusion
G1 X3.776 Y3.267 Z1.135 E2021.561 F1000 ; Linear move with extrusion
G1 X3.651 Y3.220 Z1.175 E2021.835 F1000 ; Linear move with extrusion
G1 X3.705 Y3.219 Z0.847 E2022.074 F1000 ; Linear move with extrusion
G1 X4.251 Y3.316 Z0.960 E2022.157 F1000 ; Linear move with extrusion
G1 X4.429 Y3.249 Z0.970 E2022.279 F1000 ; Linear move with extrusion
G1 X4.429 Y3.336 Z1.098 E2022.294 F1000 ; Linear move with extrusion
G1 X4.429 Y3.249 Z0.971 E2023.129 F1000 ; Linear move with extrusion
G1 X4.429 Y3.250 Z1.098 E2023.964 F1000 ; Linear move with extrusion
G1 X3.606 Y3.204 Z1.189 E2023.975 F1000 ; Linear move with extrusion
G1 X4.429 Y3.350 Z0.922 E2024.697 F1000 ; Linear move with extrusion
G1 X4.070 Y3.301 Z1.022 E2024.742 F1000 ; Linear move with extrusion
G1 X4.334 Y3.261 Z0.936 E2024.821 F1000 ; Linear move with extrusion
G1 X4.335 Y3.315 Z1.069 E2024.840 F1000 ; Linear move with extrusion
G1 X3.890 Y3.267 Z1.088 E2024.966 F1000 ; Linear move with extrusion
G1 X3.725 Y3.225 Z1.146 E2025.221 F1000 ; Linear move with extrusion
G1 X3.779 Y3.231 Z0.875 E2025.379 F1000 ; Linear move with extrusion
G1 X4.334 Y3.261 Z0.982 E2026.026 F1000 ; Linear move with extrusion
G1 X3.834 Y3.252 Z1.108 E2026.179 F1000 ; Linear move with extrusion
G1 X2.245 Y2.226 Z2.000 E2029.436 F1000 ; Linear move with extrusion
G1 X2.101 Y1.859 Z2.000 E2032.686 F1000 ; Linear move with extrusion
G1 X1.957 Y1.493 Z2.000 E2035.810 F1000 ; Linear move with extrusion
G1 X1.813 Y1.127 Z2.000 E2038.590 F1000 ; Linear move with extrusion
G1 X1.669 Y0.760 Z2.000 E2041.049 F1000 ; Linear move with extrusion
G1 X1.524 Y0.394 Z2.000 E2043.221 F1000 ; Linear move with extrusion
G1 X1.380 Y0.028 Z2.000 E2045.154 F1000 ; Linear move with extrusion
G1 X1.270 Y2.779 Z2.000 E2048.440 F1000 ; Linear move with extrusion
G1 X1.130 Y2.701 Z2.000 E2051.556 F1000 ; Linear move with extrusion
G1 X0.986 Y2.349 Z2.000 E2054.266 F1000 ; Linear move with extrusion
G1 X0.842 Y1.996 Z2.000 E2056.568 F1000 ; Linear move with extrusion
G1 X0.698 Y1.643 Z2.000 E2058.464 F1000 ; Linear move with extrusion
G1 X0.554 Y1.291 Z2.000 E2059.953 F1000 ; Linear move with extrusion
G1 X0.410 Y0.938 Z2.000 E2061.035 F1000 ; Linear move with extrusion
G1 X0.266 Y0.586 Z2.000 E2061.710 F1000 ; Linear move with extrusion
G1 X2.389 Y2.592 Z2.000 E2064.975 F1000 ; Linear move with extrusion
G1 X1.370 Y0.000 Z0.847 E2066.720 F1000 ; Linear move with extrusion
G1 X1.370 Y0.000 Z0.704 E2068.629 F1000 ; Linear move with extrusion
G1 X1.370 Y0.000 Z0.561 E2070.768 F1000 ; Linear move with extrusion
G1 X1.370 Y0.000 Z0.418 E2073.184 F1000 ; Linear move with extrusion
G1 X1.370 Y0.000 Z0.275 E2075.909 F1000 ; Linear move with extrusion
G1 X1.370 Y0.000 Z0.132 E2077.321 F1000 ; Linear move with extrusion
G1 X2.462 Y2.779 Z1.073 E2079.261 F1000 ; Linear move with extrusion
G1 X2.462 Y2.779 Z0.930 E2080.944 F1000 ; Linear move with extrusion
G1 X2.462 Y2.779 Z0.787 E2082.367 F1000 ; Linear move with extrusion
G1 X2.462 Y2.779 Z0.645 E2083.533 F1000 ; Linear move with extrusion
G1 X2.462 Y2.779 Z0.502 E2084.440 F1000 ; Linear move with extrusion
G1 X2.462 Y2.779 Z0.359 E2085.089 F1000 ; Linear move with extrusion
G1 X2.462 Y2.779 Z0.216 E2085.480 F1000 ; Linear move with extrusion
G1 X1.920 Y1.401 Z2.000 E2087.141 F1000 ; Linear move with extrusion
G1 X1.960 Y1.501 Z2.000 E2088.758 F1000 ; Linear move with extrusion
G1 X1.999 Y1.601 Z2.000 E2090.332 F1000 ; Linear move with extrusion
G1 X2.038 Y1.701 Z2.000 E2091.867 F1000 ; Linear move with extrusion
G1 X2.078 Y1.801 Z2.000 E2093.365 F1000 ; Linear move with extrusion
G1 X2.117 Y1.901 Z2.000 E2094.828 F1000 ; Linear move with extrusion
G1 X2.156 Y2.001 Z2.000 E2096.259 F1000 ; Linear move with extrusion
G1 X2.196 Y2.101 Z2.000 E2097.662 F1000 ; Linear move with extrusion
G1 X2.235 Y2.201 Z2.000 E2099.039 F1000 ; Linear move with extrusion
G1 X2.274 Y2.301 Z2.000 E2100.394 F1000 ; Linear move with extrusion
G1 X2.314 Y2.401 Z2.000 E2101.730 F1000 ; Linear move with extrusion
G1 X2.353 Y2.501 Z2.000 E2103.052 F1000 ; Linear move with extrusion
G1 X2.392 Y2.601 Z2.000 E2104.362 F1000 ; Linear move with extrusion
G1 X2.432 Y2.701 Z2.000 E2105.666 F1000 ; Linear move with extrusion
G1 X2.462 Y2.779 Z0.063 E2106.969 F1000 ; Linear move with extrusion
G1 X1.881 Y1.301 Z2.000 E2108.676 F1000 ; Linear move with extrusion
G1 X1.842 Y1.201 Z2.000 E2110.431 F1000 ; Linear move with extrusion
G1 X1.802 Y1.101 Z2.000 E2112.235 F1000 ; Linear move with extrusion
G1 X1.763 Y1.001 Z2.000 E2114.091 F1000 ; Linear move with extrusion
G1 X1.724 Y0.901 Z2.000 E2115.999 F1000 ; Linear move with extrusion
G1 X1.684 Y0.801 Z2.000 E2117.960 F1000 ; Linear move with extrusion
G1 X1.645 Y0.701 Z2.000 E2119.977 F1000 ; Linear move with extrusion
G1 X1.606 Y0.601 Z2.000 E2122.049 F1000 ; Linear move with extrusion
G1 X1.566 Y0.501 Z2.000 E2124.179 F1000 ; Linear move with extrusion
G1 X1.527 Y0.401 Z2.000 E2126.366 F1000 ; Linear move with extrusion
G1 X1.488 Y0.301 Z2.000 E2128.612 F1000 ; Linear move with extrusion
G1 X1.448 Y0.201 Z2.000 E2130.918 F1000 ; Linear move with extrusion
G1 X1.409 Y0.101 Z2.000 E2133.284 F1000 ; Linear move with extrusion
G1 X1.370 Y0.001 Z2.000 E2134.629 F1000 ; Linear move with extrusion
G1 X1.639 Y0.779 Z1.945 E2136.181 F1000 ; Linear move with extrusion
G1 X1.695 Y0.920 Z1.945 E2137.690 F1000 ; Linear move with extrusion
G1 X1.751 Y1.060 Z1.946 E2139.158 F1000 ; Linear move with extrusion
G1 X1.806 Y1.201 Z1.946 E2140.590 F1000 ; Linear move with extrusion
G1 X1.862 Y1.342 Z1.947 E2141.990 F1000 ; Linear move with extrusion
G1 X1.918 Y1.483 Z1.947 E2143.362 F1000 ; Linear move with extrusion
G1 X1.974 Y1.624 Z1.948 E2144.711 F1000 ; Linear move with extrusion
G1 X2.029 Y1.764 Z1.948 E2146.041 F1000 ; Linear move with extrusion
G1 X2.085 Y1.905 Z1.949 E2147.359 F1000 ; Linear move with extrusion
G1 X2.141 Y2.046 Z1.950 E2148.668 F1000 ; Linear move with extrusion
G1 X2.196 Y2.187 Z1.950 E2149.976 F1000 ; Linear move with extrusion
G1 X2.252 Y2.327 Z1.951 E2151.286 F1000 ; Linear move with extrusion
G1 X2.308 Y2.468 Z1.951 E2152.604 F1000 ; Linear move with extrusion
G1 X2.364 Y2.609 Z1.952 E2153.937 F1000 ; Linear move with extrusion
G1 X2.260 Y2.711 Z1.951 E2155.125 F1000 ; Linear move with extrusion
G1 X1.708 Y2.705 Z1.946 E2155.714 F1000 ; Linear move with extrusion
G1 X1.583 Y0.638 Z1.944 E2157.313 F1000 ; Linear move with extrusion
G1 X1.528 Y0.497 Z1.943 E2158.962 F1000 ; Linear move with extrusion
G1 X1.472 Y0.357 Z1.943 E2160.381 F1000 ; Linear move with extrusion
G1 X1.416 Y0.216 Z1.942 E2161.742 F1000 ; Linear move with extrusion
G1 X1.363 Y0.081 Z1.934 E2163.082 F1000 ; Linear move with extrusion
G1 X1.363 Y0.081 Z1.764 E2164.423 F1000 ; Linear move with extrusion
G1 X1.363 Y0.081 Z1.594 E2165.763 F1000 ; Linear move with extrusion
G1 X1.363 Y0.081 Z1.424 E2167.103 F1000 ; Linear move with extrusion
G1 X1.363 Y0.081 Z1.253 E2168.444 F1000 ; Linear move with extrusion
G1 X1.363 Y0.081 Z1.083 E2169.784 F1000 ; Linear move with extrusion
G1 X1.363 Y0.081 Z0.913 E2171.124 F1000 ; Linear move with extrusion
G1 X1.363 Y0.081 Z0.743 E2172.465 F1000 ; Linear move with extrusion
G1 X1.363 Y0.081 Z0.572 E2173.805 F1000 ; Linear move with extrusion
G1 X1.363 Y0.081 Z0.402 E2174.973 F1000 ; Linear move with extrusion
G1 X1.363 Y0.081 Z0.232 E2175.563 F1000 ; Linear move with extrusion
G1 X1.363 Y0.081 Z0.061 E2175.573 F1000 ; Linear move with extrusion
G1 X2.385 Y2.663 Z1.952 E2177.945 F1000 ; Linear move with extrusion
G1 X2.405 Y2.713 Z1.865 E2181.710 F1000 ; Linear move with extrusion
G1 X2.405 Y2.713 Z1.740 E2185.265 F1000 ; Linear move with extrusion
G1 X2.405 Y2.713 Z1.615 E2188.613 F1000 ; Linear move with extrusion
G1 X2.405 Y2.713 Z1.490 E2191.755 F1000 ; Linear move with extrusion
G1 X2.405 Y2.713 Z1.365 E2194.693 F1000 ; Linear move with extrusion
G1 X2.405 Y2.713 Z1.240 E2197.430 F1000 ; Linear move with extrusion
G1 X2.405 Y2.713 Z1.116 E2199.970 F1000 ; Linear move with extrusion
G1 X2.405 Y2.713 Z0.991 E2202.315 F1000 ; Linear move with extrusion
G1 X2.405 Y2.713 Z0.866 E2204.472 F1000 ; Linear move with extrusion
G1 X2.405 Y2.713 Z0.741 E2206.448 F1000 ; Linear move with extrusion
G1 X2.405 Y2.713 Z0.616 E2208.250 F1000 ; Linear move with extrusion
G1 X2.318 Y2.495 Z1.951 E2212.016 F1000 ; Linear move with extrusion
G1 X2.252 Y2.327 Z1.951 E2215.575 F1000 ; Linear move with extrusion
G1 X2.186 Y2.159 Z1.950 E2218.928 F1000 ; Linear move with extrusion
G1 X2.119 Y1.991 Z1.949 E2222.077 F1000 ; Linear move with extrusion
G1 X2.053 Y1.823 Z1.949 E2225.024 F1000 ; Linear move with extrusion
G1 X1.986 Y1.655 Z1.948 E2227.772 F1000 ; Linear move with extrusion
G1 X1.920 Y1.488 Z1.947 E2230.325 F1000 ; Linear move with extrusion
G1 X1.853 Y1.320 Z1.947 E2232.686 F1000 ; Linear move with extrusion
G1 X1.787 Y1.152 Z1.946 E2234.861 F1000 ; Linear move with extrusion
G1 X1.720 Y0.984 Z1.945 E2236.858 F1000 ; Linear move with extrusion
G1 X1.654 Y0.816 Z1.945 E2238.685 F1000 ; Linear move with extrusion
G1 X1.649 Y0.895 Z1.890 E2240.036 F1000 ; Linear move with extrusion
G1 X1.688 Y0.995 Z1.891 E2241.355 F1000 ; Linear move with extrusion
G1 X1.728 Y1.095 Z1.891 E2242.642 F1000 ; Linear move with extrusion
G1 X1.768 Y1.194 Z1.892 E2243.902 F1000 ; Linear move with extrusion
G1 X1.808 Y1.294 Z1.893 E2245.137 F1000 ; Linear move with extrusion
G1 X1.848 Y1.394 Z1.894 E2246.350 F1000 ; Linear move with extrusion
G1 X1.888 Y1.494 Z1.895 E2247.544 F1000 ; Linear move with extrusion
G1 X1.927 Y1.594 Z1.896 E2248.723 F1000 ; Linear move with extrusion
G1 X1.967 Y1.694 Z1.896 E2249.890 F1000 ; Linear move with extrusion
G1 X2.007 Y1.794 Z1.897 E2251.048 F1000 ; Linear move with extrusion
G1 X2.047 Y1.894 Z1.898 E2252.883 F1000 ; Linear move with extrusion
G1 X2.087 Y1.993 Z1.899 E2254.713 F1000 ; Linear move with extrusion
G1 X2.126 Y2.093 Z1.900 E2256.540 F1000 ; Linear move with extrusion
G1 X2.166 Y2.193 Z1.901 E2258.364 F1000 ; Linear move with extrusion
G1 X2.206 Y2.293 Z1.902 E2260.185 F1000 ; Linear move with extrusion
G1 X2.246 Y2.393 Z1.902 E2262.006 F1000 ; Linear move with extrusion
G1 X2.286 Y2.493 Z1.903 E2262.061 F1000 ; Linear move with extrusion
G1 X2.326 Y2.593 Z1.904 E2262.081 F1000 ; Linear move with extrusion
G1 X1.609 Y0.795 Z1.889 E2263.467 F1000 ; Linear move with extrusion
G1 X1.569 Y0.695 Z1.888 E2264.892 F1000 ; Linear move with extrusion
G1 X1.529 Y0.595 Z1.887 E2266.356 F1000 ; Linear move with extrusion
G1 X1.489 Y0.495 Z1.886 E2267.861 F1000 ; Linear move with extrusion
G1 X1.449 Y0.396 Z1.885 E2269.410 F1000 ; Linear move with extrusion
G1 X1.410 Y0.296 Z1.885 E2271.003 F1000 ; Linear move with extrusion
G1 X1.370 Y0.196 Z1.884 E2272.642 F1000 ; Linear move with extrusion
G1 X1.356 Y0.162 Z1.281 E2273.964 F1000 ; Linear move with extrusion
G1 X1.356 Y0.162 Z0.370 E2275.171 F1000 ; Linear move with extrusion
G1 X0.377 Y0.695 Z1.900 E2276.478 F1000 ; Linear move with extrusion
G1 X0.336 Y0.596 Z1.901 E2277.853 F1000 ; Linear move with extrusion
G1 X0.295 Y0.497 Z1.902 E2279.295 F1000 ; Linear move with extrusion
G1 X0.254 Y0.398 Z1.903 E2280.805 F1000 ; Linear move with extrusion
G1 X0.213 Y0.299 Z1.904 E2282.382 F1000 ; Linear move with extrusion
G1 X0.172 Y0.200 Z1.904 E2284.027 F1000 ; Linear move with extrusion
G1 X0.144 Y0.132 Z1.617 E2284.027 F1000 ; Linear move with extrusion
G1 X0.144 Y0.132 Z0.705 E2284.027 F1000 ; Linear move with extrusion
G1 X1.356 Y0.162 Z0.816 E2285.240 F1000 ; Linear move with extrusion
G1 X1.356 Y0.162 Z0.715 E2286.452 F1000 ; Linear move with extrusion
G1 X1.356 Y0.162 Z0.614 E2287.665 F1000 ; Linear move with extrusion
G1 X1.356 Y0.162 Z0.513 E2288.878 F1000 ; Linear move with extrusion
G1 X1.356 Y0.162 Z0.412 E2290.091 F1000 ; Linear move with extrusion
G1 X1.356 Y0.162 Z0.310 E2291.304 F1000 ; Linear move with extrusion
G1 X1.356 Y0.162 Z0.209 E2292.517 F1000 ; Linear move with extrusion
G1 X2.347 Y2.647 Z0.481 E2295.882 F1000 ; Linear move with extrusion
G1 X2.347 Y2.647 Z0.379 E2298.579 F1000 ; Linear move with extrusion
G1 X2.347 Y2.647 Z0.278 E2300.583 F1000 ; Linear move with extrusion
G1 X1.356 Y0.162 Z0.917 E2301.796 F1000 ; Linear move with extrusion
G1 X1.356 Y0.162 Z1.018 E2303.009 F1000 ; Linear move with extrusion
G1 X1.356 Y0.162 Z1.119 E2304.222 F1000 ; Linear move with extrusion
G1 X1.356 Y0.162 Z1.221 E2305.435 F1000 ; Linear move with extrusion
G1 X1.356 Y0.162 Z1.322 E2306.648 F1000 ; Linear move with extrusion
G1 X1.356 Y0.162 Z1.423 E2307.860 F1000 ; Linear move with extrusion
G1 X1.356 Y0.162 Z1.524 E2309.073 F1000 ; Linear move with extrusion
G1 X2.085 Y1.990 Z1.899 E2311.775 F1000 ; Linear move with extrusion
G1 X1.800 Y1.275 Z1.893 E2313.795 F1000 ; Linear move with extrusion
G1 X1.801 Y1.366 Z1.840 E2314.941 F1000 ; Linear move with extrusion
G1 X1.844 Y1.472 Z1.842 E2316.050 F1000 ; Linear move with extrusion
G1 X1.886 Y1.577 Z1.843 E2317.132 F1000 ; Linear move with extrusion
G1 X1.929 Y1.683 Z1.845 E2318.199 F1000 ; Linear move with extrusion
G1 X1.971 Y1.789 Z1.846 E2319.262 F1000 ; Linear move with extrusion
G1 X2.014 Y1.894 Z1.848 E2321.263 F1000 ; Linear move with extrusion
G1 X2.056 Y2.000 Z1.849 E2323.265 F1000 ; Linear move with extrusion
G1 X2.099 Y2.106 Z1.850 E2325.265 F1000 ; Linear move with extrusion
G1 X2.141 Y2.211 Z1.852 E2327.265 F1000 ; Linear move with extrusion
G1 X2.184 Y2.317 Z1.853 E2329.264 F1000 ; Linear move with extrusion
G1 X2.226 Y2.423 Z1.855 E2331.263 F1000 ; Linear move with extrusion
G1 X2.269 Y2.528 Z1.856 E2333.107 F1000 ; Linear move with extrusion
G1 X2.290 Y2.580 Z1.719 E2334.803 F1000 ; Linear move with extrusion
G1 X2.290 Y2.580 Z1.449 E2336.208 F1000 ; Linear move with extrusion
G1 X2.290 Y2.580 Z1.178 E2337.322 F1000 ; Linear move with extrusion
G1 X2.290 Y2.580 Z0.908 E2338.144 F1000 ; Linear move with extrusion
G1 X2.290 Y2.580 Z0.637 E2338.676 F1000 ; Linear move with extrusion
G1 X2.290 Y2.580 Z0.366 E2338.916 F1000 ; Linear move with extrusion
G1 X1.759 Y1.260 Z1.839 E2340.107 F1000 ; Linear move with extrusion
G1 X1.716 Y1.155 Z1.837 E2341.352 F1000 ; Linear move with extrusion
G1 X1.674 Y1.049 Z1.836 E2342.658 F1000 ; Linear move with extrusion
G1 X1.631 Y0.943 Z1.835 E2344.032 F1000 ; Linear move with extrusion
G1 X1.589 Y0.838 Z1.833 E2345.478 F1000 ; Linear move with extrusion
G1 X1.546 Y0.732 Z1.832 E2347.001 F1000 ; Linear move with extrusion
G1 X1.504 Y0.626 Z1.830 E2348.605 F1000 ; Linear move with extrusion
G1 X1.461 Y0.520 Z1.829 E2350.293 F1000 ; Linear move with extrusion
G1 X1.419 Y0.415 Z1.827 E2352.069 F1000 ; Linear move with extrusion
G1 X1.376 Y0.309 Z1.826 E2353.935 F1000 ; Linear move with extrusion
G1 X0.502 Y0.917 Z1.848 E2355.715 F1000 ; Linear move with extrusion
G1 X0.459 Y0.813 Z1.849 E2357.447 F1000 ; Linear move with extrusion
G1 X0.415 Y0.709 Z1.850 E2358.887 F1000 ; Linear move with extrusion
G1 X0.372 Y0.606 Z1.852 E2360.035 F1000 ; Linear move with extrusion
G1 X0.329 Y0.502 Z1.853 E2360.892 F1000 ; Linear move with extrusion
G1 X0.286 Y0.399 Z1.855 E2361.457 F1000 ; Linear move with extrusion
G1 X0.243 Y0.295 Z1.856 E2361.731 F1000 ; Linear move with extrusion
G1 X1.350 Y0.243 Z1.597 E2362.880 F1000 ; Linear move with extrusion
G1 X1.350 Y0.243 Z1.484 E2364.029 F1000 ; Linear move with extrusion
G1 X1.350 Y0.243 Z1.371 E2365.177 F1000 ; Linear move with extrusion
G1 X1.350 Y0.243 Z1.258 E2366.326 F1000 ; Linear move with extrusion
G1 X1.350 Y0.243 Z1.146 E2367.475 F1000 ; Linear move with extrusion
G1 X1.350 Y0.243 Z1.033 E2368.623 F1000 ; Linear move with extrusion
G1 X1.350 Y0.243 Z0.920 E2369.772 F1000 ; Linear move with extrusion
G1 X1.350 Y0.243 Z0.807 E2370.921 F1000 ; Linear move with extrusion
G1 X1.350 Y0.243 Z0.695 E2372.070 F1000 ; Linear move with extrusion
G1 X1.350 Y0.243 Z0.582 E2373.218 F1000 ; Linear move with extrusion
G1 X1.350 Y0.243 Z1.709 E2374.367 F1000 ; Linear move with extrusion
G1 X1.350 Y0.243 Z1.822 E2375.516 F1000 ; Linear move with extrusion
G1 X1.432 Y0.448 Z1.828 E2377.018 F1000 ; Linear move with extrusion
G1 X1.517 Y0.659 Z1.831 E2378.419 F1000 ; Linear move with extrusion
G1 X1.602 Y0.870 Z1.834 E2379.728 F1000 ; Linear move with extrusion
G1 X1.687 Y1.082 Z1.837 E2380.954 F1000 ; Linear move with extrusion
G1 X1.772 Y1.293 Z1.839 E2382.109 F1000 ; Linear move with extrusion
G1 X1.857 Y1.504 Z1.842 E2383.207 F1000 ; Linear move with extrusion
G1 X1.942 Y1.715 Z1.845 E2384.265 F1000 ; Linear move with extrusion
G1 X1.898 Y1.691 Z1.793 E2385.453 F1000 ; Linear move with extrusion
G1 X1.852 Y1.579 Z1.791 E2386.743 F1000 ; Linear move with extrusion
G1 X1.807 Y1.468 Z1.789 E2388.149 F1000 ; Linear move with extrusion
G1 X1.762 Y1.356 Z1.787 E2389.678 F1000 ; Linear move with extrusion
G1 X1.717 Y1.244 Z1.785 E2391.337 F1000 ; Linear move with extrusion
G1 X1.671 Y1.133 Z1.782 E2393.131 F1000 ; Linear move with extrusion
G1 X1.626 Y1.021 Z1.780 E2395.064 F1000 ; Linear move with extrusion
G1 X1.581 Y0.910 Z1.778 E2397.140 F1000 ; Linear move with extrusion
G1 X1.535 Y0.798 Z1.776 E2399.166 F1000 ; Linear move with extrusion
G1 X1.490 Y0.687 Z1.774 E2401.000 F1000 ; Linear move with extrusion
G1 X1.445 Y0.575 Z1.772 E2402.652 F1000 ; Linear move with extrusion
G1 X1.399 Y0.463 Z1.770 E2404.130 F1000 ; Linear move with extrusion
G1 X1.354 Y0.352 Z1.767 E2405.451 F1000 ; Linear move with extrusion
G1 X0.407 Y0.612 Z1.803 E2406.148 F1000 ; Linear move with extrusion
G1 X0.361 Y0.504 Z1.805 E2406.628 F1000 ; Linear move with extrusion
G1 X1.943 Y1.802 Z1.795 E2407.725 F1000 ; Linear move with extrusion
G1 X1.988 Y1.914 Z1.798 E2408.751 F1000 ; Linear move with extrusion
G1 X2.034 Y2.025 Z1.800 E2409.727 F1000 ; Linear move with extrusion
G1 X2.079 Y2.137 Z1.802 E2411.855 F1000 ; Linear move with extrusion
G1 X2.124 Y2.249 Z1.804 E2413.984 F1000 ; Linear move with extrusion
G1 X2.169 Y2.360 Z1.806 E2416.111 F1000 ; Linear move with extrusion
G1 X2.215 Y2.472 Z1.808 E2418.237 F1000 ; Linear move with extrusion
G1 X2.232 Y2.514 Z1.694 E2420.241 F1000 ; Linear move with extrusion
G1 X2.232 Y2.514 Z1.510 E2422.051 F1000 ; Linear move with extrusion
G1 X2.232 Y2.514 Z1.326 E2423.676 F1000 ; Linear move with extrusion
G1 X2.232 Y2.514 Z1.141 E2425.126 F1000 ; Linear move with extrusion
G1 X2.232 Y2.514 Z0.957 E2426.415 F1000 ; Linear move with extrusion
G1 X2.232 Y2.514 Z0.772 E2427.121 F1000 ; Linear move with extrusion
G1 X2.232 Y2.514 Z0.588 E2427.603 F1000 ; Linear move with extrusion
G1 X1.343 Y0.324 Z1.736 E2428.688 F1000 ; Linear move with extrusion
G1 X1.395 Y0.452 Z1.769 E2430.080 F1000 ; Linear move with extrusion
G1 X1.464 Y0.623 Z1.773 E2431.397 F1000 ; Linear move with extrusion
G1 X1.534 Y0.794 Z1.776 E2432.644 F1000 ; Linear move with extrusion
G1 X1.603 Y0.965 Z1.779 E2433.826 F1000 ; Linear move with extrusion
G1 X1.673 Y1.136 Z1.783 E2434.950 F1000 ; Linear move with extrusion
G1 X1.742 Y1.307 Z1.786 E2436.024 F1000 ; Linear move with extrusion
G1 X1.812 Y1.479 Z1.789 E2437.058 F1000 ; Linear move with extrusion
G1 X1.881 Y1.650 Z1.792 E2438.060 F1000 ; Linear move with extrusion
G1 X1.950 Y1.821 Z1.796 E2439.043 F1000 ; Linear move with extrusion
G1 X1.343 Y0.324 Z1.614 E2440.128 F1000 ; Linear move with extrusion
G1 X1.343 Y0.324 Z1.493 E2441.213 F1000 ; Linear move with extrusion
G1 X1.343 Y0.324 Z1.371 E2442.298 F1000 ; Linear move with extrusion
G1 X1.343 Y0.324 Z1.250 E2443.383 F1000 ; Linear move with extrusion
G1 X1.343 Y0.324 Z1.128 E2444.468 F1000 ; Linear move with extrusion
G1 X1.343 Y0.324 Z1.007 E2445.554 F1000 ; Linear move with extrusion
G1 X1.343 Y0.324 Z0.885 E2446.639 F1000 ; Linear move with extrusion
G1 X1.343 Y0.324 Z0.764 E2447.724 F1000 ; Linear move with extrusion
G1 X1.343 Y0.324 Z0.642 E2448.809 F1000 ; Linear move with extrusion
G1 X1.336 Y0.405 Z1.090 E2449.885 F1000 ; Linear move with extrusion
G1 X1.336 Y0.405 Z0.984 E2450.962 F1000 ; Linear move with extrusion
G1 X1.336 Y0.405 Z0.878 E2452.039 F1000 ; Linear move with extrusion
G1 X1.336 Y0.405 Z0.772 E2453.115 F1000 ; Linear move with extrusion
G1 X1.336 Y0.405 Z0.666 E2454.192 F1000 ; Linear move with extrusion
G1 X1.336 Y0.405 Z0.560 E2455.269 F1000 ; Linear move with extrusion
G1 X1.336 Y0.405 Z0.454 E2456.345 F1000 ; Linear move with extrusion
G1 X1.336 Y0.405 Z0.348 E2457.422 F1000 ; Linear move with extrusion
G1 X0.318 Y0.330 Z0.586 E2457.422 F1000 ; Linear move with extrusion
G1 X1.336 Y0.405 Z1.196 E2458.499 F1000 ; Linear move with extrusion
G1 X1.336 Y0.405 Z1.302 E2459.576 F1000 ; Linear move with extrusion
G1 X1.336 Y0.405 Z1.408 E2460.652 F1000 ; Linear move with extrusion
G1 X1.336 Y0.405 Z1.514 E2462.266 F1000 ; Linear move with extrusion
G1 X1.336 Y0.405 Z1.619 E2463.980 F1000 ; Linear move with extrusion
G1 X1.361 Y0.465 Z1.710 E2465.738 F1000 ; Linear move with extrusion
G1 X1.516 Y0.844 Z1.720 E2467.248 F1000 ; Linear move with extrusion
G1 X1.672 Y1.224 Z1.730 E2467.698 F1000 ; Linear move with extrusion
G1 X1.776 Y1.476 Z1.736 E2468.948 F1000 ; Linear move with extrusion
G1 X1.734 Y1.375 Z1.734 E2470.250 F1000 ; Linear move with extrusion
G1 X1.693 Y1.274 Z1.731 E2471.606 F1000 ; Linear move with extrusion
G1 X1.651 Y1.173 Z1.728 E2473.017 F1000 ; Linear move with extrusion
G1 X1.610 Y1.072 Z1.726 E2474.487 F1000 ; Linear move with extrusion
G1 X1.569 Y0.971 Z1.723 E2476.017 F1000 ; Linear move with extrusion
G1 X1.527 Y0.870 Z1.721 E2477.607 F1000 ; Linear move with extrusion
G1 X1.486 Y0.769 Z1.718 E2479.261 F1000 ; Linear move with extrusion
G1 X1.444 Y0.668 Z1.715 E2480.978 F1000 ; Linear move with extrusion
G1 X1.403 Y0.567 Z1.713 E2482.760 F1000 ; Linear move with extrusion
G1 X1.361 Y0.466 Z1.710 E2484.319 F1000 ; Linear move with extrusion
G1 X0.336 Y0.372 Z1.762 E2484.675 F1000 ; Linear move with extrusion
G1 X1.817 Y1.577 Z1.739 E2485.877 F1000 ; Linear move with extrusion
G1 X1.859 Y1.678 Z1.741 E2487.033 F1000 ; Linear move with extrusion
G1 X1.900 Y1.779 Z1.744 E2488.147 F1000 ; Linear move with extrusion
G1 X1.942 Y1.880 Z1.747 E2489.223 F1000 ; Linear move with extrusion
G1 X1.983 Y1.981 Z1.749 E2490.265 F1000 ; Linear move with extrusion
G1 X2.024 Y2.082 Z1.752 E2491.278 F1000 ; Linear move with extrusion
G1 X2.066 Y2.183 Z1.755 E2492.267 F1000 ; Linear move with extrusion
G1 X2.107 Y2.284 Z1.757 E2493.238 F1000 ; Linear move with extrusion
G1 X2.149 Y2.385 Z1.760 E2495.043 F1000 ; Linear move with extrusion
G1 X2.174 Y2.448 Z1.435 E2496.577 F1000 ; Linear move with extrusion
G1 X2.174 Y2.448 Z0.585 E2496.928 F1000 ; Linear move with extrusion
G1 X2.117 Y2.381 Z1.104 E2499.574 F1000 ; Linear move with extrusion
G1 X2.117 Y2.381 Z1.352 E2502.220 F1000 ; Linear move with extrusion
G1 X2.117 Y2.381 Z1.599 E2504.867 F1000 ; Linear move with extrusion
G1 X2.049 Y2.219 Z1.708 E2507.341 F1000 ; Linear move with extrusion
G1 X1.924 Y1.918 Z1.698 E2509.222 F1000 ; Linear move with extrusion
G1 X1.799 Y1.617 Z1.688 E2510.708 F1000 ; Linear move with extrusion
G1 X1.674 Y1.316 Z1.678 E2511.799 F1000 ; Linear move with extrusion
G1 X1.549 Y1.016 Z1.668 E2512.495 F1000 ; Linear move with extrusion
G1 X1.424 Y0.715 Z1.658 E2512.795 F1000 ; Linear move with extrusion
G1 X2.117 Y2.381 Z0.856 E2515.442 F1000 ; Linear move with extrusion
G1 X2.117 Y2.381 Z0.608 E2518.088 F1000 ; Linear move with extrusion
G1 X2.117 Y2.381 Z0.360 E2519.868 F1000 ; Linear move with extrusion
G1 X1.996 Y2.370 Z0.295 E2521.958 F1000 ; Linear move with extrusion
G1 X1.824 Y2.353 Z0.307 E2523.599 F1000 ; Linear move with extrusion
G1 X1.652 Y2.337 Z0.318 E2524.793 F1000 ; Linear move with extrusion
G1 X1.480 Y2.320 Z0.330 E2525.539 F1000 ; Linear move with extrusion
G1 X1.308 Y2.304 Z0.342 E2525.836 F1000 ; Linear move with extrusion
G1 X1.329 Y0.486 Z1.584 E2526.795 F1000 ; Linear move with extrusion
G1 X1.362 Y0.563 Z1.653 E2528.000 F1000 ; Linear move with extrusion
G1 X1.434 Y0.738 Z1.659 E2529.128 F1000 ; Linear move with extrusion
G1 X1.507 Y0.914 Z1.665 E2530.185 F1000 ; Linear move with extrusion
G1 X1.580 Y1.089 Z1.670 E2531.179 F1000 ; Linear move with extrusion
G1 X1.653 Y1.264 Z1.676 E2532.119 F1000 ; Linear move with extrusion
G1 X1.725 Y1.439 Z1.682 E2533.014 F1000 ; Linear move with extrusion
G1 X1.798 Y1.614 Z1.688 E2533.876 F1000 ; Linear move with extrusion
G1 X1.871 Y1.789 Z1.694 E2534.720 F1000 ; Linear move with extrusion
G1 X1.329 Y0.486 Z1.465 E2535.678 F1000 ; Linear move with extrusion
G1 X1.329 Y0.486 Z1.346 E2536.637 F1000 ; Linear move with extrusion
G1 X1.329 Y0.486 Z1.227 E2537.596 F1000 ; Linear move with extrusion
G1 X1.329 Y0.486 Z1.108 E2538.554 F1000 ; Linear move with extrusion
G1 X1.329 Y0.486 Z0.988 E2539.513 F1000 ; Linear move with extrusion
G1 X1.329 Y0.486 Z0.869 E2540.472 F1000 ; Linear move with extrusion
G1 X1.329 Y0.486 Z0.750 E2541.430 F1000 ; Linear move with extrusion
G1 X1.329 Y0.486 Z0.631 E2542.389 F1000 ; Linear move with extrusion
G1 X1.604 Y1.234 Z1.620 E2543.273 F1000 ; Linear move with extrusion
G1 X1.652 Y1.349 Z1.625 E2544.143 F1000 ; Linear move with extrusion
G1 X1.700 Y1.464 Z1.630 E2545.013 F1000 ; Linear move with extrusion
G1 X1.749 Y1.578 Z1.635 E2546.467 F1000 ; Linear move with extrusion
G1 X1.797 Y1.693 Z1.640 E2547.920 F1000 ; Linear move with extrusion
G1 X1.845 Y1.808 Z1.644 E2549.372 F1000 ; Linear move with extrusion
G1 X1.894 Y1.922 Z1.649 E2550.750 F1000 ; Linear move with extrusion
G1 X1.942 Y2.037 Z1.654 E2552.134 F1000 ; Linear move with extrusion
G1 X1.990 Y2.151 Z1.659 E2553.522 F1000 ; Linear move with extrusion
G1 X2.038 Y2.266 Z1.664 E2554.918 F1000 ; Linear move with extrusion
G1 X2.059 Y2.315 Z1.473 E2556.114 F1000 ; Linear move with extrusion
G1 X2.059 Y2.315 Z1.137 E2556.957 F1000 ; Linear move with extrusion
G1 X2.059 Y2.315 Z0.801 E2557.447 F1000 ; Linear move with extrusion
G1 X2.059 Y2.315 Z0.464 E2557.583 F1000 ; Linear move with extrusion
G1 X1.556 Y1.120 Z1.615 E2558.493 F1000 ; Linear move with extrusion
G1 X1.507 Y1.005 Z1.611 E2559.440 F1000 ; Linear move with extrusion
G1 X1.459 Y0.891 Z1.606 E2560.434 F1000 ; Linear move with extrusion
G1 X1.411 Y0.776 Z1.601 E2561.484 F1000 ; Linear move with extrusion
G1 X1.362 Y0.661 Z1.596 E2562.597 F1000 ; Linear move with extrusion
G1 X0.795 Y1.287 Z1.632 E2563.583 F1000 ; Linear move with extrusion
G1 X0.747 Y1.177 Z1.637 E2564.686 F1000 ; Linear move with extrusion
G1 X0.699 Y1.067 Z1.641 E2565.906 F1000 ; Linear move with extrusion
G1 X0.651 Y0.957 Z1.646 E2567.243 F1000 ; Linear move with extrusion
G1 X0.603 Y0.847 Z1.651 E2568.479 F1000 ; Linear move with extrusion
G1 X0.555 Y0.737 Z1.656 E2569.363 F1000 ; Linear move with extrusion
G1 X0.507 Y0.627 Z1.660 E2569.895 F1000 ; Linear move with extrusion
G1 X0.459 Y0.517 Z1.665 E2570.074 F1000 ; Linear move with extrusion
G1 X1.323 Y0.567 Z1.437 E2570.969 F1000 ; Linear move with extrusion
G1 X1.323 Y0.567 Z1.324 E2571.865 F1000 ; Linear move with extrusion
G1 X1.323 Y0.567 Z1.211 E2572.760 F1000 ; Linear move with extrusion
G1 X1.323 Y0.567 Z1.098 E2573.656 F1000 ; Linear move with extrusion
G1 X1.323 Y0.567 Z0.984 E2574.551 F1000 ; Linear move with extrusion
G1 X1.323 Y0.567 Z0.871 E2575.447 F1000 ; Linear move with extrusion
G1 X1.323 Y0.567 Z0.758 E2576.343 F1000 ; Linear move with extrusion
G1 X1.323 Y0.567 Z0.644 E2577.238 F1000 ; Linear move with extrusion
G1 X1.323 Y0.567 Z1.551 E2578.134 F1000 ; Linear move with extrusion
G1 X1.375 Y0.692 Z1.597 E2579.228 F1000 ; Linear move with extrusion
G1 X1.458 Y0.889 Z1.606 E2580.235 F1000 ; Linear move with extrusion
G1 X1.542 Y1.086 Z1.614 E2581.163 F1000 ; Linear move with extrusion
G1 X1.625 Y1.284 Z1.622 E2582.026 F1000 ; Linear move with extrusion
G1 X1.708 Y1.481 Z1.631 E2582.837 F1000 ; Linear move with extrusion
G1 X1.791 Y1.678 Z1.639 E2583.616 F1000 ; Linear move with extrusion
G1 X1.316 Y0.648 Z1.092 E2584.691 F1000 ; Linear move with extrusion
G1 X1.316 Y0.648 Z0.947 E2585.694 F1000 ; Linear move with extrusion
G1 X1.316 Y0.648 Z0.802 E2586.637 F1000 ; Linear move with extrusion
G1 X1.316 Y0.648 Z0.657 E2587.842 F1000 ; Linear move with extrusion
G1 X1.316 Y0.648 Z0.512 E2589.047 F1000 ; Linear move with extrusion
G1 X0.493 Y0.528 Z1.238 E2589.047 F1000 ; Linear move with extrusion
G1 X0.493 Y0.528 Z1.093 E2589.047 F1000 ; Linear move with extrusion
G1 X0.493 Y0.528 Z0.948 E2589.047 F1000 ; Linear move with extrusion
G1 X0.493 Y0.528 Z0.803 E2589.047 F1000 ; Linear move with extrusion
G1 X1.316 Y0.648 Z1.237 E2590.206 F1000 ; Linear move with extrusion
G1 X1.316 Y0.648 Z1.382 E2591.457 F1000 ; Linear move with extrusion
G1 X1.316 Y0.648 Z1.527 E2592.808 F1000 ; Linear move with extrusion
G1 X1.400 Y0.844 Z1.544 E2594.071 F1000 ; Linear move with extrusion
G1 X1.488 Y1.050 Z1.555 E2594.541 F1000 ; Linear move with extrusion
G1 X1.577 Y1.257 Z1.566 E2594.929 F1000 ; Linear move with extrusion
G1 X1.665 Y1.463 Z1.577 E2595.237 F1000 ; Linear move with extrusion
G1 X1.753 Y1.669 Z1.588 E2595.464 F1000 ; Linear move with extrusion
G1 X1.685 Y1.510 Z1.579 E2596.467 F1000 ; Linear move with extrusion
G1 X1.641 Y1.407 Z1.574 E2597.529 F1000 ; Linear move with extrusion
G1 X1.597 Y1.304 Z1.568 E2598.652 F1000 ; Linear move with extrusion
G1 X1.552 Y1.200 Z1.563 E2599.839 F1000 ; Linear move with extrusion
G1 X1.508 Y1.097 Z1.557 E2601.092 F1000 ; Linear move with extrusion
G1 X1.464 Y0.994 Z1.552 E2602.414 F1000 ; Linear move with extrusion
G1 X1.420 Y0.890 Z1.546 E2603.806 F1000 ; Linear move with extrusion
G1 X1.376 Y0.787 Z1.541 E2605.269 F1000 ; Linear move with extrusion
G1 X1.331 Y0.684 Z1.536 E2606.399 F1000 ; Linear move with extrusion
G1 X0.525 Y0.599 Z1.616 E2606.746 F1000 ; Linear move with extrusion
G1 X1.729 Y1.614 Z1.585 E2607.695 F1000 ; Linear move with extrusion
G1 X1.774 Y1.717 Z1.590 E2608.594 F1000 ; Linear move with extrusion
G1 X1.818 Y1.820 Z1.596 E2609.448 F1000 ; Linear move with extrusion
G1 X1.862 Y1.924 Z1.601 E2610.264 F1000 ; Linear move with extrusion
G1 X1.906 Y2.027 Z1.607 E2611.048 F1000 ; Linear move with extrusion
G1 X1.951 Y2.130 Z1.612 E2611.809 F1000 ; Linear move with extrusion
G1 X1.995 Y2.234 Z1.617 E2613.268 F1000 ; Linear move with extrusion
G1 X2.001 Y2.249 Z1.202 E2614.376 F1000 ; Linear move with extrusion
G1 X2.001 Y2.249 Z0.716 E2614.723 F1000 ; Linear move with extrusion
G1 X1.944 Y2.182 Z1.301 E2616.911 F1000 ; Linear move with extrusion
G1 X1.896 Y2.074 Z1.563 E2618.946 F1000 ; Linear move with extrusion
G1 X1.778 Y1.803 Z1.546 E2620.681 F1000 ; Linear move with extrusion
G1 X1.660 Y1.532 Z1.528 E2622.086 F1000 ; Linear move with extrusion
G1 X1.542 Y1.262 Z1.510 E2622.897 F1000 ; Linear move with extrusion
G1 X1.424 Y0.991 Z1.493 E2623.295 F1000 ; Linear move with extrusion
G1 X1.944 Y2.182 Z0.851 E2625.275 F1000 ; Linear move with extrusion
G1 X1.932 Y2.180 Z0.431 E2626.804 F1000 ; Linear move with extrusion
G1 X1.747 Y2.147 Z0.455 E2627.936 F1000 ; Linear move with extrusion
G1 X1.561 Y2.113 Z0.479 E2628.772 F1000 ; Linear move with extrusion
G1 X1.376 Y2.080 Z0.503 E2629.167 F1000 ; Linear move with extrusion
G1 X1.309 Y0.729 Z1.214 E2629.938 F1000 ; Linear move with extrusion
G1 X1.309 Y0.729 Z1.319 E2630.709 F1000 ; Linear move with extrusion
G1 X1.309 Y0.729 Z1.424 E2631.479 F1000 ; Linear move with extrusion
G1 X1.369 Y0.866 Z1.484 E2632.404 F1000 ; Linear move with extrusion
G1 X1.487 Y1.136 Z1.502 E2633.198 F1000 ; Linear move with extrusion
G1 X1.605 Y1.407 Z1.520 E2633.889 F1000 ; Linear move with extrusion
G1 X1.723 Y1.677 Z1.537 E2634.522 F1000 ; Linear move with extrusion
G1 X1.309 Y0.729 Z1.109 E2635.293 F1000 ; Linear move with extrusion
G1 X1.309 Y0.729 Z1.003 E2636.064 F1000 ; Linear move with extrusion
G1 X1.309 Y0.729 Z0.898 E2636.834 F1000 ; Linear move with extrusion
G1 X1.309 Y0.729 Z0.793 E2637.605 F1000 ; Linear move with extrusion
G1 X1.309 Y0.729 Z0.688 E2638.376 F1000 ; Linear move with extrusion
G1 X1.309 Y0.729 Z0.583 E2639.147 F1000 ; Linear move with extrusion
G1 X1.302 Y0.810 Z0.591 E2640.541 F1000 ; Linear move with extrusion
G1 X1.509 Y2.033 Z0.537 E2641.412 F1000 ; Linear move with extrusion
G1 X1.380 Y2.005 Z0.557 E2642.221 F1000 ; Linear move with extrusion
G1 X1.251 Y1.977 Z0.577 E2643.846 F1000 ; Linear move with extrusion
G1 X0.610 Y0.660 Z1.038 E2643.846 F1000 ; Linear move with extrusion
G1 X0.610 Y0.660 Z0.793 E2643.846 F1000 ; Linear move with extrusion
G1 X0.610 Y0.660 Z0.548 E2643.846 F1000 ; Linear move with extrusion
G1 X1.302 Y0.810 Z0.836 E2645.123 F1000 ; Linear move with extrusion
G1 X1.302 Y0.810 Z1.081 E2645.349 F1000 ; Linear move with extrusion
G1 X1.302 Y0.810 Z1.325 E2645.410 F1000 ; Linear move with extrusion
G1 X1.432 Y1.099 Z1.441 E2646.053 F1000 ; Linear move with extrusion
G1 X1.639 Y1.562 Z1.478 E2646.402 F1000 ; Linear move with extrusion
G1 X1.846 Y2.025 Z1.516 E2646.459 F1000 ; Linear move with extrusion
G1 X1.457 Y1.156 Z1.445 E2647.175 F1000 ; Linear move with extrusion
G1 X1.409 Y1.047 Z1.436 E2647.925 F1000 ; Linear move with extrusion
G1 X1.360 Y0.939 Z1.428 E2648.712 F1000 ; Linear move with extrusion
G1 X1.312 Y0.831 Z1.419 E2649.537 F1000 ; Linear move with extrusion
G1 X1.302 Y0.810 Z1.244 E2650.279 F1000 ; Linear move with extrusion
G1 X1.302 Y0.810 Z1.028 E2651.044 F1000 ; Linear move with extrusion
G1 X1.302 Y0.810 Z0.812 E2651.808 F1000 ; Linear move with extrusion
G1 X1.302 Y0.810 Z0.596 E2652.573 F1000 ; Linear move with extrusion
G1 X0.610 Y0.660 Z0.668 E2652.573 F1000 ; Linear move with extrusion
G1 X1.505 Y1.264 Z1.454 E2653.258 F1000 ; Linear move with extrusion
G1 X1.554 Y1.372 Z1.463 E2653.916 F1000 ; Linear move with extrusion
G1 X1.602 Y1.481 Z1.471 E2654.551 F1000 ; Linear move with extrusion
G1 X1.650 Y1.589 Z1.480 E2655.168 F1000 ; Linear move with extrusion
G1 X1.699 Y1.697 Z1.489 E2655.771 F1000 ; Linear move with extrusion
G1 X1.747 Y1.805 Z1.498 E2656.366 F1000 ; Linear move with extrusion
G1 X1.796 Y1.914 Z1.506 E2656.959 F1000 ; Linear move with extrusion
G1 X1.844 Y2.022 Z1.515 E2657.003 F1000 ; Linear move with extrusion
G1 X1.534 Y1.409 Z1.411 E2657.852 F1000 ; Linear move with extrusion
G1 X1.459 Y1.246 Z1.394 E2658.732 F1000 ; Linear move with extrusion
G1 X1.384 Y1.083 Z1.378 E2659.562 F1000 ; Linear move with extrusion
G1 X1.309 Y0.921 Z1.362 E2660.422 F1000 ; Linear move with extrusion
G1 X1.295 Y0.891 Z1.086 E2661.243 F1000 ; Linear move with extrusion
G1 X1.295 Y0.891 Z0.752 E2661.448 F1000 ; Linear move with extrusion
G1 X1.609 Y1.572 Z1.427 E2662.272 F1000 ; Linear move with extrusion
G1 X1.684 Y1.735 Z1.444 E2663.081 F1000 ; Linear move with extrusion
G1 X1.759 Y1.898 Z1.460 E2663.883 F1000 ; Linear move with extrusion
G1 X1.797 Y2.041 Z1.469 E2664.645 F1000 ; Linear move with extrusion
G1 X1.352 Y1.923 Z1.384 E2664.819 F1000 ; Linear move with extrusion
G1 X1.295 Y0.891 Z0.817 E2665.471 F1000 ; Linear move with extrusion
G1 X1.295 Y0.891 Z0.923 E2666.123 F1000 ; Linear move with extrusion
G1 X1.295 Y0.891 Z1.030 E2666.774 F1000 ; Linear move with extrusion
G1 X1.677 Y1.721 Z1.442 E2668.238 F1000 ; Linear move with extrusion
G1 X1.494 Y1.323 Z1.402 E2669.281 F1000 ; Linear move with extrusion
G1 X1.311 Y0.925 Z1.362 E2669.958 F1000 ; Linear move with extrusion
G1 X1.295 Y0.891 Z0.710 E2670.610 F1000 ; Linear move with extrusion
G1 X1.828 Y2.050 Z1.030 E2672.437 F1000 ; Linear move with extrusion
G1 X1.828 Y2.050 Z0.924 E2673.902 F1000 ; Linear move with extrusion
G1 X1.828 Y2.050 Z0.817 E2674.938 F1000 ; Linear move with extrusion
G1 X1.828 Y2.050 Z0.711 E2675.598 F1000 ; Linear move with extrusion
G1 X1.771 Y1.983 Z0.954 E2677.186 F1000 ; Linear move with extrusion
G1 X1.771 Y1.983 Z1.263 E2678.775 F1000 ; Linear move with extrusion
G1 X1.670 Y1.772 Z1.401 E2679.858 F1000 ; Linear move with extrusion
G1 X1.453 Y1.317 Z1.344 E2680.326 F1000 ; Linear move with extrusion
G1 X1.771 Y1.983 Z0.645 E2681.914 F1000 ; Linear move with extrusion
G1 X1.602 Y1.929 Z0.612 E2683.139 F1000 ; Linear move with extrusion
G1 X1.382 Y1.857 Z0.663 E2683.645 F1000 ; Linear move with extrusion
G1 X1.289 Y0.972 Z1.223 E2684.243 F1000 ; Linear move with extrusion
G1 X1.314 Y1.025 Z1.307 E2684.815 F1000 ; Linear move with extrusion
G1 X1.396 Y1.197 Z1.329 E2685.325 F1000 ; Linear move with extrusion
G1 X1.478 Y1.369 Z1.350 E2685.787 F1000 ; Linear move with extrusion
G1 X1.560 Y1.541 Z1.372 E2686.220 F1000 ; Linear move with extrusion
G1 X1.289 Y0.972 Z1.109 E2686.818 F1000 ; Linear move with extrusion
G1 X1.289 Y0.972 Z0.996 E2687.416 F1000 ; Linear move with extrusion
G1 X1.289 Y0.972 Z0.882 E2688.014 F1000 ; Linear move with extrusion
G1 X1.289 Y0.972 Z0.769 E2688.613 F1000 ; Linear move with extrusion
G1 X1.572 Y1.634 Z1.335 E2689.517 F1000 ; Linear move with extrusion
G1 X1.485 Y1.460 Z1.307 E2690.516 F1000 ; Linear move with extrusion
G1 X1.398 Y1.285 Z1.279 E2691.351 F1000 ; Linear move with extrusion
G1 X1.311 Y1.111 Z1.251 E2691.556 F1000 ; Linear move with extrusion
G1 X1.659 Y1.808 Z1.363 E2692.372 F1000 ; Linear move with extrusion
G1 X1.713 Y1.917 Z1.110 E2693.010 F1000 ; Linear move with extrusion
G1 X1.470 Y1.820 Z0.690 E2693.322 F1000 ; Linear move with extrusion
G1 X1.282 Y1.053 Z1.055 E2693.857 F1000 ; Linear move with extrusion
G1 X1.282 Y1.053 Z1.156 E2694.392 F1000 ; Linear move with extrusion
G1 X1.306 Y1.101 Z1.250 E2694.969 F1000 ; Linear move with extrusion
G1 X1.462 Y1.414 Z1.300 E2695.781 F1000 ; Linear move with extrusion
G1 X1.282 Y1.053 Z0.954 E2696.316 F1000 ; Linear move with extrusion
G1 X1.282 Y1.053 Z0.852 E2696.851 F1000 ; Linear move with extrusion
G1 X0.784 Y0.857 Z0.783 E2696.851 F1000 ; Linear move with extrusion
G1 X1.499 Y1.556 Z1.271 E2697.495 F1000 ; Linear move with extrusion
G1 X1.418 Y1.404 Z1.240 E2698.227 F1000 ; Linear move with extrusion
G1 X1.337 Y1.251 Z1.208 E2699.004 F1000 ; Linear move with extrusion
G1 X0.868 Y0.970 Z1.325 E2699.164 F1000 ; Linear move with extrusion
G1 X1.580 Y1.709 Z1.303 E2699.728 F1000 ; Linear move with extrusion
G1 X1.655 Y1.851 Z1.298 E2700.499 F1000 ; Linear move with extrusion
G1 X1.655 Y1.851 Z0.831 E2700.682 F1000 ; Linear move with extrusion
G1 X1.275 Y1.133 Z1.061 E2701.165 F1000 ; Linear move with extrusion
G1 X1.275 Y1.133 Z1.163 E2701.648 F1000 ; Linear move with extrusion
G1 X1.373 Y1.319 Z1.222 E2702.316 F1000 ; Linear move with extrusion
G1 X1.495 Y1.550 Z1.270 E2702.754 F1000 ; Linear move with extrusion
G1 X1.275 Y1.133 Z0.958 E2703.237 F1000 ; Linear move with extrusion
G1 X1.275 Y1.133 Z0.855 E2703.720 F1000 ; Linear move with extrusion
G1 X0.843 Y0.923 Z0.802 E2703.720 F1000 ; Linear move with extrusion
G1 X1.268 Y1.214 Z1.007 E2704.163 F1000 ; Linear move with extrusion
G1 X1.268 Y1.214 Z0.904 E2704.607 F1000 ; Linear move with extrusion
G1 X0.901 Y0.989 Z0.908 E2704.607 F1000 ; Linear move with extrusion
G1 X1.268 Y1.214 Z1.110 E2705.051 F1000 ; Linear move with extrusion
G1 X1.372 Y1.394 Z1.176 E2705.525 F1000 ; Linear move with extrusion
G1 X1.374 Y1.399 Z1.177 E2705.821 F1000 ; Linear move with extrusion
G1 X1.315 Y1.297 Z1.148 E2706.151 F1000 ; Linear move with extrusion
G1 X1.027 Y1.202 Z1.228 E2706.531 F1000 ; Linear move with extrusion
G1 X0.968 Y1.103 Z1.255 E2707.015 F1000 ; Linear move with extrusion
G1 X0.910 Y1.005 Z1.283 E2707.261 F1000 ; Linear move with extrusion
G1 X1.433 Y1.501 Z1.205 E2707.528 F1000 ; Linear move with extrusion
G1 X1.492 Y1.603 Z1.234 E2708.055 F1000 ; Linear move with extrusion
G1 X1.551 Y1.705 Z1.262 E2708.607 F1000 ; Linear move with extrusion
G1 X1.597 Y1.784 Z0.933 E2708.825 F1000 ; Linear move with extrusion
G1 X1.260 Y1.295 Z0.952 E2709.220 F1000 ; Linear move with extrusion
G1 X1.305 Y1.363 Z1.094 E2709.697 F1000 ; Linear move with extrusion
G1 X1.080 Y1.235 Z1.167 E2709.927 F1000 ; Linear move with extrusion
G1 X1.540 Y1.718 Z1.023 E2710.451 F1000 ; Linear move with extrusion
G1 X1.540 Y1.718 Z0.910 E2710.955 F1000 ; Linear move with extrusion
G1 X1.292 Y1.344 Z1.086 E2711.101 F1000 ; Linear move with extrusion
G1 X1.354 Y1.437 Z1.124 E2711.238 F1000 ; Linear move with extrusion
G1 X1.415 Y1.530 Z1.161 E2711.352 F1000 ; Linear move with extrusion
G1 X1.477 Y1.623 Z1.199 E2711.410 F1000 ; Linear move with extrusion
G1 X1.538 Y1.716 Z1.236 E2711.411 F1000 ; Linear move with extrusion
G1 X1.260 Y1.295 Z0.961 E2711.545 F1000 ; Linear move with extrusion
G1 X0.959 Y1.055 Z1.212 E2711.545 F1000 ; Linear move with extrusion
G1 X0.959 Y1.055 Z0.991 E2711.545 F1000 ; Linear move with extrusion
G1 X0.959 Y1.055 Z0.771 E2711.545 F1000 ; Linear move with extrusion
G1 X1.258 Y1.383 Z1.013 E2711.581 F1000 ; Linear move with extrusion
G1 X1.178 Y1.314 Z1.066 E2711.852 F1000 ; Linear move with extrusion
G1 X1.104 Y1.225 Z1.124 E2712.069 F1000 ; Linear move with extrusion
G1 X1.029 Y1.136 Z1.183 E2712.099 F1000 ; Linear move with extrusion
G1 X1.433 Y1.593 Z1.151 E2712.531 F1000 ; Linear move with extrusion
G1 X1.482 Y1.652 Z1.041 E2712.824 F1000 ; Linear move with extrusion
G1 X1.482 Y1.652 Z0.837 E2712.858 F1000 ; Linear move with extrusion
G1 X1.260 Y1.385 Z1.015 E2712.883 F1000 ; Linear move with extrusion
G1 X1.337 Y1.477 Z1.075 E2713.152 F1000 ; Linear move with extrusion
G1 X1.413 Y1.570 Z1.136 E2713.483 F1000 ; Linear move with extrusion
G1 X1.144 Y1.273 Z1.093 E2713.646 F1000 ; Linear move with extrusion
G1 X1.050 Y1.161 Z1.166 E2713.949 F1000 ; Linear move with extrusion
G1 X1.424 Y1.585 Z1.044 E2714.217 F1000 ; Linear move with extrusion
G1 X1.271 Y1.411 Z1.143 E2714.445 F1000 ; Linear move with extrusion
G1 X1.424 Y1.585 Z0.906 E2714.514 F1000 ; Linear move with extrusion
G1 X1.311 Y1.457 Z1.143 E2714.684 F1000 ; Linear move with extrusion
G1 X1.400 Y1.558 Z1.123 E2714.901 F1000 ; Linear move with extrusion
G1 X1.424 Y1.585 Z0.951 E2714.983 F1000 ; Linear move with extrusion
G1 X1.214 Y1.346 Z1.143 E2715.083 F1000 ; Linear move with extrusion
G1 X1.117 Y1.235 Z1.144 E2715.113 F1000 ; Linear move with extrusion
G1 X1.366 Y1.519 Z1.054 E2715.297 F1000 ; Linear move with extrusion
G1 X1.139 Y1.261 Z1.097 E2715.303 F1000 ; Linear move with extrusion
G1 X1.366 Y1.519 Z0.906 E2715.304 F1000 ; Linear move with extrusion
G1 X1.288 Y1.430 Z1.095 E2715.415 F1000 ; Linear move with extrusion
G1 X1.366 Y1.519 Z1.049 E2715.542 F1000 ; Linear move with extrusion
G1 X1.192 Y1.321 Z1.096 E2715.584 F1000 ; Linear move with extrusion
G1 X4.374 Y7.746 Z1.190 E2719.896 F1000 ; Linear move with extrusion
G1 X4.374 Y7.746 Z1.086 E2723.848 F1000 ; Linear move with extrusion
G1 X4.374 Y7.746 Z0.982 E2727.443 F1000 ; Linear move with extrusion
G1 X4.374 Y7.746 Z0.878 E2730.685 F1000 ; Linear move with extrusion
G1 X4.374 Y7.746 Z0.774 E2733.578 F1000 ; Linear move with extrusion
G1 X4.374 Y7.746 Z0.669 E2736.129 F1000 ; Linear move with extrusion
G1 X4.374 Y7.746 Z0.565 E2738.350 F1000 ; Linear move with extrusion
G1 X4.374 Y7.746 Z0.461 E2740.255 F1000 ; Linear move with extrusion
G1 X4.374 Y7.746 Z0.357 E2741.869 F1000 ; Linear move with extrusion
G1 X4.374 Y7.746 Z0.253 E2743.234 F1000 ; Linear move with extrusion
G1 X4.374 Y7.746 Z0.149 E2744.415 F1000 ; Linear move with extrusion
G1 X4.374 Y7.746 Z1.294 E2749.036 F1000 ; Linear move with extrusion
G1 X4.374 Y7.746 Z1.399 E2754.060 F1000 ; Linear move with extrusion
G1 X4.374 Y7.746 Z1.503 E2759.041 F1000 ; Linear move with extrusion
G1 X4.374 Y7.746 Z1.607 E2763.979 F1000 ; Linear move with extrusion
G1 X4.374 Y7.746 Z1.711 E2768.876 F1000 ; Linear move with extrusion
G1 X4.374 Y7.746 Z1.815 E2773.732 F1000 ; Linear move with extrusion
G1 X4.463 Y8.010 Z2.000 E2778.832 F1000 ; Linear move with extrusion
G1 X4.346 Y7.669 Z2.000 E2783.526 F1000 ; Linear move with extrusion
G1 X4.225 Y7.329 Z2.000 E2787.812 F1000 ; Linear move with extrusion
G1 X4.100 Y6.992 Z2.000 E2791.691 F1000 ; Linear move with extrusion
G1 X4.238 Y7.365 Z0.639 E2793.076 F1000 ; Linear move with extrusion
G1 X4.238 Y7.365 Z0.241 E2794.685 F1000 ; Linear move with extrusion
G1 X4.082 Y6.943 Z1.468 E2795.923 F1000 ; Linear move with extrusion
G1 X4.082 Y6.943 Z1.069 E2797.147 F1000 ; Linear move with extrusion
G1 X4.082 Y6.943 Z0.671 E2798.470 F1000 ; Linear move with extrusion
G1 X4.082 Y6.943 Z0.272 E2799.985 F1000 ; Linear move with extrusion
G1 X2.636 Y6.392 Z2.000 E2801.034 F1000 ; Linear move with extrusion
G1 X2.594 Y6.289 Z2.000 E2802.116 F1000 ; Linear move with extrusion
G1 X2.551 Y6.186 Z2.000 E2803.233 F1000 ; Linear move with extrusion
G1 X2.509 Y6.083 Z2.000 E2804.384 F1000 ; Linear move with extrusion
G1 X2.467 Y5.979 Z2.000 E2805.569 F1000 ; Linear move with extrusion
G1 X2.425 Y5.876 Z2.000 E2806.789 F1000 ; Linear move with extrusion
G1 X2.383 Y5.773 Z2.000 E2808.042 F1000 ; Linear move with extrusion
G1 X2.341 Y5.669 Z2.000 E2809.330 F1000 ; Linear move with extrusion
G1 X2.298 Y5.566 Z2.000 E2810.653 F1000 ; Linear move with extrusion
G1 X2.256 Y5.463 Z2.000 E2812.009 F1000 ; Linear move with extrusion
G1 X2.214 Y5.359 Z2.000 E2813.400 F1000 ; Linear move with extrusion
G1 X2.172 Y5.256 Z2.000 E2814.825 F1000 ; Linear move with extrusion
G1 X2.130 Y5.153 Z2.000 E2816.284 F1000 ; Linear move with extrusion
G1 X2.088 Y5.050 Z2.000 E2817.777 F1000 ; Linear move with extrusion
G1 X2.046 Y4.946 Z2.000 E2819.305 F1000 ; Linear move with extrusion
G1 X2.003 Y4.843 Z2.000 E2820.867 F1000 ; Linear move with extrusion
G1 X1.961 Y4.740 Z2.000 E2822.463 F1000 ; Linear move with extrusion
G1 X1.919 Y4.636 Z2.000 E2824.094 F1000 ; Linear move with extrusion
G1 X1.877 Y4.533 Z2.000 E2825.758 F1000 ; Linear move with extrusion
G1 X1.835 Y4.430 Z2.000 E2827.457 F1000 ; Linear move with extrusion
G1 X1.793 Y4.326 Z2.000 E2829.190 F1000 ; Linear move with extrusion
G1 X1.750 Y4.223 Z2.000 E2830.958 F1000 ; Linear move with extrusion
G1 X1.708 Y4.120 Z2.000 E2832.760 F1000 ; Linear move with extrusion
G1 X1.666 Y4.017 Z2.000 E2834.595 F1000 ; Linear move with extrusion
G1 X1.624 Y3.913 Z2.000 E2836.466 F1000 ; Linear move with extrusion
G1 X1.582 Y3.810 Z2.000 E2838.370 F1000 ; Linear move with extrusion
G1 X2.863 Y3.808 Z1.609 E2838.621 F1000 ; Linear move with extrusion
G1 X2.863 Y3.808 Z1.210 E2839.127 F1000 ; Linear move with extrusion
G1 X2.863 Y3.808 Z0.812 E2839.889 F1000 ; Linear move with extrusion
G1 X2.863 Y3.808 Z0.413 E2840.906 F1000 ; Linear move with extrusion
G1 X2.863 Y3.808 Z0.014 E2842.179 F1000 ; Linear move with extrusion
G1 X4.238 Y7.365 Z1.038 E2843.419 F1000 ; Linear move with extrusion
G1 X4.238 Y7.365 Z1.437 E2844.620 F1000 ; Linear move with extrusion
G1 X4.374 Y7.746 Z0.366 E2846.218 F1000 ; Linear move with extrusion
G1 X4.374 Y7.746 Z0.764 E2847.588 F1000 ; Linear move with extrusion
G1 X4.374 Y7.746 Z1.163 E2848.810 F1000 ; Linear move with extrusion
G1 X4.374 Y7.746 Z1.562 E2849.991 F1000 ; Linear move with extrusion
G1 X4.374 Y7.746 Z1.960 E2851.250 F1000 ; Linear move with extrusion
G1 X4.405 Y7.839 Z2.000 E2852.506 F1000 ; Linear move with extrusion
G1 X4.440 Y7.942 Z2.000 E2853.744 F1000 ; Linear move with extrusion
G1 X4.475 Y8.045 Z2.000 E2854.964 F1000 ; Linear move with extrusion
G1 X4.509 Y8.149 Z2.000 E2856.166 F1000 ; Linear move with extrusion
G1 X4.542 Y8.252 Z2.000 E2857.350 F1000 ; Linear move with extrusion
G1 X4.574 Y8.355 Z2.000 E2858.516 F1000 ; Linear move with extrusion
G1 X4.607 Y8.459 Z2.000 E2859.666 F1000 ; Linear move with extrusion
G1 X4.640 Y8.562 Z2.000 E2860.800 F1000 ; Linear move with extrusion
G1 X4.645 Y9.183 Z0.000 E2862.861 F1000 ; Linear move with extrusion
G1 X4.645 Y9.287 Z0.000 E2864.932 F1000 ; Linear move with extrusion
G1 X4.645 Y9.390 Z0.000 E2867.015 F1000 ; Linear move with extrusion
G1 X4.645 Y9.493 Z0.000 E2869.110 F1000 ; Linear move with extrusion
G1 X4.645 Y9.078 Z2.000 E2870.021 F1000 ; Linear move with extrusion
G1 X4.645 Y9.182 Z2.000 E2870.888 F1000 ; Linear move with extrusion
G1 X4.645 Y9.285 Z2.000 E2871.712 F1000 ; Linear move with extrusion
G1 X4.645 Y9.388 Z2.000 E2872.495 F1000 ; Linear move with extrusion
G1 X4.645 Y9.492 Z2.000 E2873.238 F1000 ; Linear move with extrusion
G1 X4.317 Y7.664 Z1.916 E2874.366 F1000 ; Linear move with extrusion
G1 X4.270 Y7.537 Z1.912 E2875.516 F1000 ; Linear move with extrusion
G1 X4.224 Y7.411 Z1.908 E2876.688 F1000 ; Linear move with extrusion
G1 X4.178 Y7.287 Z1.907 E2877.887 F1000 ; Linear move with extrusion
G1 X4.133 Y7.164 Z1.907 E2879.117 F1000 ; Linear move with extrusion
G1 X4.087 Y7.041 Z1.907 E2880.379 F1000 ; Linear move with extrusion
G1 X3.223 Y7.757 Z1.965 E2881.337 F1000 ; Linear move with extrusion
G1 X3.174 Y7.638 Z1.965 E2882.362 F1000 ; Linear move with extrusion
G1 X3.125 Y7.518 Z1.966 E2883.454 F1000 ; Linear move with extrusion
G1 X3.076 Y7.399 Z1.966 E2884.613 F1000 ; Linear move with extrusion
G1 X3.027 Y7.280 Z1.966 E2885.839 F1000 ; Linear move with extrusion
G1 X2.978 Y7.160 Z1.967 E2887.133 F1000 ; Linear move with extrusion
G1 X2.929 Y7.041 Z1.967 E2888.493 F1000 ; Linear move with extrusion
G1 X2.880 Y6.921 Z1.968 E2889.920 F1000 ; Linear move with extrusion
G1 X2.831 Y6.802 Z1.968 E2891.415 F1000 ; Linear move with extrusion
G1 X2.782 Y6.683 Z1.968 E2892.976 F1000 ; Linear move with extrusion
G1 X2.733 Y6.563 Z1.969 E2894.605 F1000 ; Linear move with extrusion
G1 X2.684 Y6.444 Z1.969 E2896.300 F1000 ; Linear move with extrusion
G1 X4.362 Y7.791 Z1.921 E2897.410 F1000 ; Linear move with extrusion
G1 X4.407 Y7.919 Z1.926 E2898.504 F1000 ; Linear move with extrusion
G1 X4.332 Y7.707 Z1.440 E2899.722 F1000 ; Linear move with extrusion
G1 X4.332 Y7.707 Z1.260 E2901.090 F1000 ; Linear move with extrusion
G1 X4.332 Y7.707 Z1.080 E2902.647 F1000 ; Linear move with extrusion
G1 X4.332 Y7.707 Z0.901 E2904.421 F1000 ; Linear move with extrusion
G1 X4.332 Y7.707 Z0.721 E2906.428 F1000 ; Linear move with extrusion
G1 X4.332 Y7.707 Z0.541 E2908.683 F1000 ; Linear move with extrusion
G1 X4.332 Y7.707 Z0.361 E2909.792 F1000 ; Linear move with extrusion
G1 X4.332 Y7.707 Z0.182 E2910.890 F1000 ; Linear move with extrusion
G1 X4.446 Y8.030 Z0.467 E2912.008 F1000 ; Linear move with extrusion
G1 X4.446 Y8.030 Z0.288 E2913.089 F1000 ; Linear move with extrusion
G1 X4.446 Y8.030 Z0.108 E2914.178 F1000 ; Linear move with extrusion
G1 X4.478 Y8.127 Z0.067 E2915.268 F1000 ; Linear move with extrusion
G1 X4.519 Y8.252 Z0.063 E2916.348 F1000 ; Linear move with extrusion
G1 X4.560 Y8.376 Z0.059 E2917.419 F1000 ; Linear move with extrusion
G1 X4.600 Y8.500 Z0.055 E2918.481 F1000 ; Linear move with extrusion
G1 X4.332 Y7.707 Z0.580 E2920.086 F1000 ; Linear move with extrusion
G1 X4.332 Y7.707 Z0.717 E2921.581 F1000 ; Linear move with extrusion
G1 X4.332 Y7.707 Z0.853 E2922.976 F1000 ; Linear move with extrusion
G1 X4.332 Y7.707 Z0.990 E2924.279 F1000 ; Linear move with extrusion
G1 X4.332 Y7.707 Z1.126 E2925.505 F1000 ; Linear move with extrusion
G1 X4.332 Y7.707 Z1.263 E2926.666 F1000 ; Linear move with extrusion
G1 X4.332 Y7.707 Z1.399 E2927.781 F1000 ; Linear move with extrusion
G1 X4.332 Y7.707 Z1.535 E2928.869 F1000 ; Linear move with extrusion
G1 X4.332 Y7.707 Z1.672 E2929.952 F1000 ; Linear move with extrusion
G1 X4.332 Y7.707 Z1.808 E2931.049 F1000 ; Linear move with extrusion
G1 X4.342 Y7.735 Z1.919 E2932.170 F1000 ; Linear move with extrusion
G1 X4.392 Y7.876 Z1.924 E2933.272 F1000 ; Linear move with extrusion
G1 X4.441 Y8.017 Z1.930 E2934.356 F1000 ; Linear move with extrusion
G1 X4.488 Y8.159 Z1.934 E2935.422 F1000 ; Linear move with extrusion
G1 X4.332 Y7.707 Z0.444 E2937.142 F1000 ; Linear move with extrusion
G1 X4.332 Y7.707 Z0.308 E2938.983 F1000 ; Linear move with extrusion
G1 X4.332 Y7.707 Z0.171 E2940.949 F1000 ; Linear move with extrusion
G1 X4.204 Y7.356 Z0.360 E2942.650 F1000 ; Linear move with extrusion
G1 X4.204 Y7.356 Z0.224 E2944.469 F1000 ; Linear move with extrusion
G1 X4.062 Y6.974 Z0.442 E2946.008 F1000 ; Linear move with extrusion
G1 X4.062 Y6.974 Z0.305 E2947.656 F1000 ; Linear move with extrusion
G1 X4.062 Y6.974 Z0.169 E2949.420 F1000 ; Linear move with extrusion
G1 X2.043 Y4.882 Z1.974 E2951.213 F1000 ; Linear move with extrusion
G1 X1.982 Y4.735 Z1.974 E2953.064 F1000 ; Linear move with extrusion
G1 X1.922 Y4.588 Z1.974 E2954.972 F1000 ; Linear move with extrusion
G1 X1.861 Y4.440 Z1.975 E2956.938 F1000 ; Linear move with extrusion
G1 X1.800 Y4.293 Z1.975 E2958.962 F1000 ; Linear move with extrusion
G1 X4.348 Y7.824 Z1.849 E2961.150 F1000 ; Linear move with extrusion
G1 X4.290 Y7.667 Z1.557 E2962.983 F1000 ; Linear move with extrusion
G1 X4.290 Y7.667 Z1.384 E2964.639 F1000 ; Linear move with extrusion
G1 X4.290 Y7.667 Z1.211 E2966.150 F1000 ; Linear move with extrusion
G1 X4.290 Y7.667 Z1.038 E2967.563 F1000 ; Linear move with extrusion
G1 X4.290 Y7.667 Z0.865 E2968.930 F1000 ; Linear move with extrusion
G1 X4.290 Y7.667 Z0.692 E2970.313 F1000 ; Linear move with extrusion
G1 X4.290 Y7.667 Z0.519 E2971.769 F1000 ; Linear move with extrusion
G1 X4.290 Y7.667 Z0.347 E2973.348 F1000 ; Linear move with extrusion
G1 X4.290 Y7.667 Z0.174 E2975.089 F1000 ; Linear move with extrusion
G1 X4.402 Y7.972 Z0.232 E2975.786 F1000 ; Linear move with extrusion
G1 X4.437 Y8.073 Z0.132 E2976.520 F1000 ; Linear move with extrusion
G1 X4.512 Y8.293 Z0.118 E2977.205 F1000 ; Linear move with extrusion
G1 X4.565 Y8.630 Z0.103 E2977.723 F1000 ; Linear move with extrusion
G1 X4.579 Y9.168 Z0.084 E2977.870 F1000 ; Linear move with extrusion
G1 X4.254 Y7.572 Z1.830 E2980.033 F1000 ; Linear move with extrusion
G1 X4.162 Y7.329 Z1.814 E2981.959 F1000 ; Linear move with extrusion
G1 X4.078 Y7.102 Z1.813 E2983.763 F1000 ; Linear move with extrusion
G1 X3.715 Y8.873 Z1.923 E2984.265 F1000 ; Linear move with extrusion
G1 X3.629 Y8.664 Z1.924 E2984.978 F1000 ; Linear move with extrusion
G1 X3.543 Y8.456 Z1.926 E2985.901 F1000 ; Linear move with extrusion
G1 X3.456 Y8.247 Z1.927 E2990.587 F1000 ; Linear move with extrusion
G1 X3.370 Y8.039 Z1.928 E2995.093 F1000 ; Linear move with extrusion
G1 X3.284 Y7.830 Z1.929 E2999.421 F1000 ; Linear move with extrusion
G1 X3.198 Y7.621 Z1.931 E3003.574 F1000 ; Linear move with extrusion
G1 X3.111 Y7.413 Z1.932 E3007.555 F1000 ; Linear move with extrusion
G1 X3.025 Y7.204 Z1.933 E3011.369 F1000 ; Linear move with extrusion
G1 X2.939 Y6.995 Z1.935 E3015.020 F1000 ; Linear move with extrusion
G1 X2.853 Y6.787 Z1.936 E3018.512 F1000 ; Linear move with extrusion
G1 X2.766 Y6.578 Z1.937 E3021.851 F1000 ; Linear move with extrusion
G1 X2.680 Y6.369 Z1.938 E3025.045 F1000 ; Linear move with extrusion
G1 X4.168 Y7.346 Z0.563 E3026.348 F1000 ; Linear move with extrusion
G1 X4.041 Y7.003 Z1.528 E3027.482 F1000 ; Linear move with extrusion
G1 X4.041 Y7.003 Z1.113 E3028.580 F1000 ; Linear move with extrusion
G1 X4.041 Y7.003 Z0.699 E3029.779 F1000 ; Linear move with extrusion
G1 X4.041 Y7.003 Z0.284 E3031.187 F1000 ; Linear move with extrusion
G1 X2.729 Y6.489 Z1.938 E3032.156 F1000 ; Linear move with extrusion
G1 X2.687 Y6.386 Z1.938 E3033.161 F1000 ; Linear move with extrusion
G1 X2.644 Y6.282 Z1.939 E3034.200 F1000 ; Linear move with extrusion
G1 X2.601 Y6.179 Z1.940 E3035.274 F1000 ; Linear move with extrusion
G1 X2.559 Y6.076 Z1.940 E3036.383 F1000 ; Linear move with extrusion
G1 X2.516 Y5.973 Z1.941 E3037.526 F1000 ; Linear move with extrusion
G1 X2.473 Y5.870 Z1.941 E3038.705 F1000 ; Linear move with extrusion
G1 X2.431 Y5.766 Z1.942 E3039.918 F1000 ; Linear move with extrusion
G1 X2.388 Y5.663 Z1.943 E3041.165 F1000 ; Linear move with extrusion
G1 X2.345 Y5.560 Z1.943 E3042.447 F1000 ; Linear move with extrusion
G1 X2.303 Y5.457 Z1.944 E3043.764 F1000 ; Linear move with extrusion
G1 X2.260 Y5.354 Z1.945 E3045.116 F1000 ; Linear move with extrusion
G1 X2.217 Y5.250 Z1.945 E3046.503 F1000 ; Linear move with extrusion
G1 X2.175 Y5.147 Z1.946 E3047.924 F1000 ; Linear move with extrusion
G1 X2.132 Y5.044 Z1.946 E3049.380 F1000 ; Linear move with extrusion
G1 X2.090 Y4.941 Z1.947 E3050.870 F1000 ; Linear move with extrusion
G1 X2.047 Y4.838 Z1.948 E3052.396 F1000 ; Linear move with extrusion
G1 X2.004 Y4.734 Z1.948 E3053.956 F1000 ; Linear move with extrusion
G1 X1.962 Y4.631 Z1.949 E3055.551 F1000 ; Linear move with extrusion
G1 X1.919 Y4.528 Z1.950 E3057.180 F1000 ; Linear move with extrusion
G1 X1.876 Y4.425 Z1.950 E3058.844 F1000 ; Linear move with extrusion
G1 X1.834 Y4.322 Z1.951 E3060.543 F1000 ; Linear move with extrusion
G1 X1.791 Y4.218 Z1.952 E3062.277 F1000 ; Linear move with extrusion
G1 X1.748 Y4.115 Z1.952 E3064.045 F1000 ; Linear move with extrusion
G1 X1.706 Y4.012 Z1.953 E3065.849 F1000 ; Linear move with extrusion
G1 X2.917 Y3.993 Z1.615 E3066.054 F1000 ; Linear move with extrusion
G1 X2.917 Y3.993 Z1.200 E3066.516 F1000 ; Linear move with extrusion
G1 X2.917 Y3.993 Z0.786 E3067.234 F1000 ; Linear move with extrusion
G1 X2.917 Y3.993 Z0.371 E3068.208 F1000 ; Linear move with extrusion
G1 X1.713 Y3.971 Z0.047 E3068.208 F1000 ; Linear move with extrusion
G1 X4.168 Y7.346 Z0.978 E3069.339 F1000 ; Linear move with extrusion
G1 X4.168 Y7.346 Z1.392 E3070.419 F1000 ; Linear move with extrusion
G1 X4.290 Y7.667 Z0.516 E3071.805 F1000 ; Linear move with extrusion
G1 X4.290 Y7.667 Z0.931 E3072.978 F1000 ; Linear move with extrusion
G1 X4.290 Y7.667 Z1.345 E3074.051 F1000 ; Linear move with extrusion
G1 X4.290 Y7.667 Z1.760 E3075.162 F1000 ; Linear move with extrusion
G1 X4.320 Y7.749 Z1.843 E3076.285 F1000 ; Linear move with extrusion
G1 X4.357 Y7.850 Z1.851 E3077.395 F1000 ; Linear move with extrusion
G1 X4.394 Y7.951 Z1.859 E3078.494 F1000 ; Linear move with extrusion
G1 X4.429 Y8.052 Z1.866 E3079.579 F1000 ; Linear move with extrusion
G1 X4.464 Y8.154 Z1.873 E3080.651 F1000 ; Linear move with extrusion
G1 X4.499 Y8.255 Z1.879 E3081.709 F1000 ; Linear move with extrusion
G1 X4.533 Y8.357 Z1.886 E3082.755 F1000 ; Linear move with extrusion
G1 X4.572 Y8.905 Z0.093 E3084.626 F1000 ; Linear move with extrusion
G1 X4.575 Y9.009 Z0.089 E3086.509 F1000 ; Linear move with extrusion
G1 X4.578 Y9.113 Z0.086 E3088.407 F1000 ; Linear move with extrusion
G1 X4.581 Y9.217 Z0.082 E3090.321 F1000 ; Linear move with extrusion
G1 X4.583 Y9.321 Z0.078 E3092.251 F1000 ; Linear move with extrusion
G1 X4.574 Y8.969 Z1.909 E3093.067 F1000 ; Linear move with extrusion
G1 X4.577 Y9.071 Z1.913 E3093.843 F1000 ; Linear move with extrusion
G1 X4.579 Y9.173 Z1.916 E3094.580 F1000 ; Linear move with extrusion
G1 X4.582 Y9.275 Z1.920 E3095.278 F1000 ; Linear move with extrusion
G1 X4.585 Y9.378 Z1.924 E3095.279 F1000 ; Linear move with extrusion
G1 X4.247 Y7.625 Z0.978 E3099.104 F1000 ; Linear move with extrusion
G1 X4.247 Y7.625 Z0.802 E3102.112 F1000 ; Linear move with extrusion
G1 X4.247 Y7.625 Z0.627 E3104.370 F1000 ; Linear move with extrusion
G1 X4.247 Y7.625 Z0.451 E3106.040 F1000 ; Linear move with extrusion
G1 X4.247 Y7.625 Z0.275 E3107.494 F1000 ; Linear move with extrusion
G1 X4.358 Y7.914 Z0.278 E3109.064 F1000 ; Linear move with extrusion
G1 X4.407 Y8.054 Z0.193 E3111.034 F1000 ; Linear move with extrusion
G1 X4.490 Y8.289 Z0.170 E3113.599 F1000 ; Linear move with extrusion
G1 X4.521 Y8.480 Z0.157 E3116.014 F1000 ; Linear move with extrusion
G1 X4.528 Y8.651 Z0.148 E3118.251 F1000 ; Linear move with extrusion
G1 X4.535 Y8.823 Z0.139 E3120.308 F1000 ; Linear move with extrusion
G1 X4.542 Y8.995 Z0.130 E3122.185 F1000 ; Linear move with extrusion
G1 X4.549 Y9.166 Z0.121 E3123.884 F1000 ; Linear move with extrusion
G1 X4.508 Y9.291 Z0.114 E3125.336 F1000 ; Linear move with extrusion
G1 X4.332 Y9.288 Z0.116 E3126.356 F1000 ; Linear move with extrusion
G1 X4.157 Y9.284 Z0.117 E3126.944 F1000 ; Linear move with extrusion
G1 X3.981 Y9.281 Z0.119 E3127.100 F1000 ; Linear move with extrusion
G1 X4.247 Y7.625 Z1.154 E3131.575 F1000 ; Linear move with extrusion
G1 X4.247 Y7.625 Z1.329 E3135.999 F1000 ; Linear move with extrusion
G1 X4.247 Y7.625 Z1.505 E3140.385 F1000 ; Linear move with extrusion
G1 X4.306 Y7.780 Z1.776 E3144.933 F1000 ; Linear move with extrusion
G1 X4.166 Y7.420 Z1.732 E3149.032 F1000 ; Linear move with extrusion
G1 X4.052 Y7.120 Z1.720 E3152.763 F1000 ; Linear move with extrusion
G1 X2.279 Y5.341 Z1.917 E3155.057 F1000 ; Linear move with extrusion
G1 X2.156 Y5.046 Z1.920 E3156.518 F1000 ; Linear move with extrusion
G1 X2.033 Y4.750 Z1.923 E3157.743 F1000 ; Linear move with extrusion
G1 X1.910 Y4.455 Z1.926 E3158.807 F1000 ; Linear move with extrusion
G1 X1.787 Y4.160 Z1.928 E3159.826 F1000 ; Linear move with extrusion
G1 X3.502 Y5.616 Z1.816 E3161.738 F1000 ; Linear move with extrusion
G1 X3.411 Y5.367 Z1.833 E3163.338 F1000 ; Linear move with extrusion
G1 X3.320 Y5.118 Z1.849 E3164.628 F1000 ; Linear move with extrusion
G1 X3.230 Y4.869 Z1.866 E3165.606 F1000 ; Linear move with extrusion
G1 X3.139 Y4.621 Z1.883 E3166.274 F1000 ; Linear move with extrusion
G1 X4.247 Y7.625 Z0.599 E3167.721 F1000 ; Linear move with extrusion
G1 X4.247 Y7.625 Z0.458 E3169.286 F1000 ; Linear move with extrusion
G1 X4.247 Y7.625 Z0.318 E3170.973 F1000 ; Linear move with extrusion
G1 X4.131 Y7.333 Z0.466 E3172.452 F1000 ; Linear move with extrusion
G1 X4.131 Y7.333 Z0.325 E3174.048 F1000 ; Linear move with extrusion
G1 X4.018 Y7.030 Z0.484 E3175.440 F1000 ; Linear move with extrusion
G1 X4.018 Y7.030 Z0.344 E3176.943 F1000 ; Linear move with extrusion
G1 X2.258 Y5.293 Z1.918 E3178.501 F1000 ; Linear move with extrusion
G1 X2.199 Y5.149 Z1.919 E3180.115 F1000 ; Linear move with extrusion
G1 X2.139 Y5.005 Z1.920 E3181.785 F1000 ; Linear move with extrusion
G1 X2.079 Y4.862 Z1.922 E3183.512 F1000 ; Linear move with extrusion
G1 X2.019 Y4.718 Z1.923 E3185.295 F1000 ; Linear move with extrusion
G1 X1.959 Y4.574 Z1.924 E3187.133 F1000 ; Linear move with extrusion
G1 X1.900 Y4.430 Z1.926 E3189.028 F1000 ; Linear move with extrusion
G1 X4.247 Y7.625 Z0.740 E3190.365 F1000 ; Linear move with extrusion
G1 X4.247 Y7.625 Z0.880 E3191.602 F1000 ; Linear move with extrusion
G1 X4.247 Y7.625 Z1.021 E3192.750 F1000 ; Linear move with extrusion
G1 X4.247 Y7.625 Z1.161 E3193.825 F1000 ; Linear move with extrusion
G1 X4.247 Y7.625 Z1.302 E3194.845 F1000 ; Linear move with extrusion
G1 X4.247 Y7.625 Z1.442 E3195.831 F1000 ; Linear move with extrusion
G1 X4.247 Y7.625 Z1.583 E3196.807 F1000 ; Linear move with extrusion
G1 X4.247 Y7.625 Z1.723 E3197.797 F1000 ; Linear move with extrusion
G1 X4.284 Y7.722 Z1.768 E3198.787 F1000 ; Linear move with extrusion
G1 X4.332 Y7.848 Z1.784 E3199.767 F1000 ; Linear move with extrusion
G1 X4.380 Y7.976 Z1.799 E3200.738 F1000 ; Linear move with extrusion
G1 X4.425 Y8.105 Z1.812 E3201.698 F1000 ; Linear move with extrusion
G1 X4.471 Y8.235 Z1.824 E3202.647 F1000 ; Linear move with extrusion
G1 X4.093 Y7.319 Z0.875 E3203.825 F1000 ; Linear move with extrusion
G1 X4.093 Y7.319 Z0.602 E3205.138 F1000 ; Linear move with extrusion
G1 X3.993 Y7.054 Z0.924 E3206.277 F1000 ; Linear move with extrusion
G1 X3.993 Y7.054 Z0.651 E3207.527 F1000 ; Linear move with extrusion
G1 X3.993 Y7.054 Z0.378 E3208.930 F1000 ; Linear move with extrusion
G1 X2.575 Y5.995 Z1.882 E3210.032 F1000 ; Linear move with extrusion
G1 X2.524 Y5.871 Z1.883 E3211.177 F1000 ; Linear move with extrusion
G1 X2.472 Y5.747 Z1.885 E3212.363 F1000 ; Linear move with extrusion
G1 X2.420 Y5.624 Z1.887 E3213.593 F1000 ; Linear move with extrusion
G1 X2.368 Y5.500 Z1.888 E3214.865 F1000 ; Linear move with extrusion
G1 X2.316 Y5.377 Z1.890 E3216.180 F1000 ; Linear move with extrusion
G1 X2.265 Y5.253 Z1.891 E3217.538 F1000 ; Linear move with extrusion
G1 X2.213 Y5.129 Z1.893 E3218.938 F1000 ; Linear move with extrusion
G1 X2.161 Y5.006 Z1.894 E3220.381 F1000 ; Linear move with extrusion
G1 X2.109 Y4.882 Z1.896 E3221.866 F1000 ; Linear move with extrusion
G1 X2.057 Y4.759 Z1.898 E3223.394 F1000 ; Linear move with extrusion
G1 X2.006 Y4.635 Z1.899 E3224.965 F1000 ; Linear move with extrusion
G1 X1.954 Y4.511 Z1.901 E3226.579 F1000 ; Linear move with extrusion
G1 X1.902 Y4.388 Z1.902 E3228.235 F1000 ; Linear move with extrusion
G1 X1.850 Y4.264 Z1.904 E3229.933 F1000 ; Linear move with extrusion
G1 X1.798 Y4.141 Z1.905 E3231.675 F1000 ; Linear move with extrusion
G1 X3.026 Y4.336 Z1.878 E3232.942 F1000 ; Linear move with extrusion
G1 X2.981 Y4.210 Z1.889 E3234.236 F1000 ; Linear move with extrusion
G1 X2.969 Y4.178 Z1.688 E3234.457 F1000 ; Linear move with extrusion
G1 X2.969 Y4.178 Z1.415 E3234.972 F1000 ; Linear move with extrusion
G1 X4.203 Y7.583 Z0.562 E3236.363 F1000 ; Linear move with extrusion
G1 X4.203 Y7.583 Z0.835 E3237.600 F1000 ; Linear move with extrusion
G1 X4.203 Y7.583 Z1.108 E3238.726 F1000 ; Linear move with extrusion
G1 X4.203 Y7.583 Z1.381 E3239.794 F1000 ; Linear move with extrusion
G1 X4.203 Y7.583 Z1.654 E3240.867 F1000 ; Linear move with extrusion
G1 X4.245 Y7.687 Z1.696 E3241.939 F1000 ; Linear move with extrusion
G1 X4.290 Y7.800 Z1.716 E3243.007 F1000 ; Linear move with extrusion
G1 X4.334 Y7.914 Z1.734 E3244.069 F1000 ; Linear move with extrusion
G1 X4.376 Y8.028 Z1.749 E3245.121 F1000 ; Linear move with extrusion
G1 X4.418 Y8.143 Z1.764 E3246.165 F1000 ; Linear move with extrusion
G1 X4.461 Y8.257 Z1.779 E3247.201 F1000 ; Linear move with extrusion
G1 X4.514 Y9.035 Z0.163 E3249.056 F1000 ; Linear move with extrusion
G1 X4.521 Y9.150 Z0.155 E3250.927 F1000 ; Linear move with extrusion
G1 X4.489 Y8.585 Z1.805 E3251.841 F1000 ; Linear move with extrusion
G1 X4.495 Y8.694 Z1.812 E3252.712 F1000 ; Linear move with extrusion
G1 X4.501 Y8.803 Z1.820 E3253.541 F1000 ; Linear move with extrusion
G1 X4.507 Y8.912 Z1.828 E3254.327 F1000 ; Linear move with extrusion
G1 X4.513 Y9.021 Z1.836 E3255.072 F1000 ; Linear move with extrusion
G1 X4.520 Y9.130 Z1.843 E3255.777 F1000 ; Linear move with extrusion
G1 X4.359 Y9.200 Z1.847 E3256.272 F1000 ; Linear move with extrusion
G1 X4.203 Y7.583 Z1.155 E3259.738 F1000 ; Linear move with extrusion
G1 X4.203 Y7.583 Z1.263 E3260.642 F1000 ; Linear move with extrusion
G1 X4.203 Y7.583 Z1.371 E3262.820 F1000 ; Linear move with extrusion
G1 X4.203 Y7.583 Z1.479 E3267.003 F1000 ; Linear move with extrusion
G1 X4.203 Y7.583 Z1.586 E3271.401 F1000 ; Linear move with extrusion
G1 X4.171 Y7.507 Z1.664 E3275.672 F1000 ; Linear move with extrusion
G1 X4.030 Y7.152 Z1.628 E3279.503 F1000 ; Linear move with extrusion
G1 X3.192 Y7.467 Z1.863 E3283.260 F1000 ; Linear move with extrusion
G1 X3.084 Y7.208 Z1.866 E3286.696 F1000 ; Linear move with extrusion
G1 X2.976 Y6.950 Z1.870 E3289.813 F1000 ; Linear move with extrusion
G1 X4.203 Y7.583 Z1.047 E3292.972 F1000 ; Linear move with extrusion
G1 X4.203 Y7.583 Z0.939 E3295.828 F1000 ; Linear move with extrusion
G1 X4.203 Y7.583 Z0.831 E3298.383 F1000 ; Linear move with extrusion
G1 X4.203 Y7.583 Z0.723 E3300.644 F1000 ; Linear move with extrusion
G1 X4.203 Y7.583 Z0.615 E3302.615 F1000 ; Linear move with extrusion
G1 X4.203 Y7.583 Z0.508 E3304.310 F1000 ; Linear move with extrusion
G1 X4.203 Y7.583 Z0.400 E3305.744 F1000 ; Linear move with extrusion
G1 X4.313 Y7.855 Z0.402 E3307.172 F1000 ; Linear move with extrusion
G1 X4.313 Y7.855 Z0.294 E3308.368 F1000 ; Linear move with extrusion
G1 X4.158 Y7.539 Z0.753 E3312.063 F1000 ; Linear move with extrusion
G1 X4.158 Y7.539 Z0.965 E3315.738 F1000 ; Linear move with extrusion
G1 X4.158 Y7.539 Z1.176 E3319.410 F1000 ; Linear move with extrusion
G1 X4.158 Y7.539 Z1.387 E3323.149 F1000 ; Linear move with extrusion
G1 X4.169 Y7.564 Z1.605 E3326.894 F1000 ; Linear move with extrusion
G1 X3.869 Y6.796 Z1.566 E3329.773 F1000 ; Linear move with extrusion
G1 X3.727 Y6.387 Z1.614 E3332.185 F1000 ; Linear move with extrusion
G1 X3.585 Y5.977 Z1.663 E3334.130 F1000 ; Linear move with extrusion
G1 X3.444 Y5.567 Z1.711 E3335.608 F1000 ; Linear move with extrusion
G1 X3.302 Y5.158 Z1.760 E3336.619 F1000 ; Linear move with extrusion
G1 X3.160 Y4.748 Z1.808 E3337.163 F1000 ; Linear move with extrusion
G1 X3.019 Y4.339 Z1.857 E3337.240 F1000 ; Linear move with extrusion
G1 X4.158 Y7.539 Z0.542 E3340.970 F1000 ; Linear move with extrusion
G1 X4.267 Y7.795 Z0.400 E3345.034 F1000 ; Linear move with extrusion
G1 X4.381 Y8.094 Z0.289 E3349.479 F1000 ; Linear move with extrusion
G1 X4.439 Y8.377 Z0.254 E3354.270 F1000 ; Linear move with extrusion
G1 X4.456 Y8.606 Z0.234 E3359.340 F1000 ; Linear move with extrusion
G1 X4.472 Y8.834 Z0.214 E3364.239 F1000 ; Linear move with extrusion
G1 X4.489 Y9.063 Z0.193 E3368.466 F1000 ; Linear move with extrusion
G1 X4.389 Y9.114 Z0.190 E3371.811 F1000 ; Linear move with extrusion
G1 X4.253 Y9.109 Z0.192 E3374.205 F1000 ; Linear move with extrusion
G1 X4.116 Y9.104 Z0.194 E3375.650 F1000 ; Linear move with extrusion
G1 X3.980 Y9.099 Z0.197 E3376.145 F1000 ; Linear move with extrusion
G1 X4.158 Y7.539 Z0.623 E3377.432 F1000 ; Linear move with extrusion
G1 X4.158 Y7.539 Z0.768 E3378.608 F1000 ; Linear move with extrusion
G1 X4.158 Y7.539 Z0.913 E3379.684 F1000 ; Linear move with extrusion
G1 X4.158 Y7.539 Z1.059 E3380.676 F1000 ; Linear move with extrusion
G1 X4.158 Y7.539 Z1.204 E3381.603 F1000 ; Linear move with extrusion
G1 X4.158 Y7.539 Z1.349 E3382.488 F1000 ; Linear move with extrusion
G1 X4.158 Y7.539 Z1.494 E3383.358 F1000 ; Linear move with extrusion
G1 X4.171 Y7.570 Z1.607 E3384.234 F1000 ; Linear move with extrusion
G1 X4.219 Y7.682 Z1.633 E3385.109 F1000 ; Linear move with extrusion
G1 X4.267 Y7.795 Z1.660 E3385.984 F1000 ; Linear move with extrusion
G1 X4.312 Y7.914 Z1.680 E3386.852 F1000 ; Linear move with extrusion
G1 X4.358 Y8.033 Z1.700 E3387.714 F1000 ; Linear move with extrusion
G1 X4.403 Y8.152 Z1.720 E3388.572 F1000 ; Linear move with extrusion
G1 X4.158 Y7.539 Z0.478 E3389.978 F1000 ; Linear move with extrusion
G1 X4.052 Y7.302 Z0.582 E3391.228 F1000 ; Linear move with extrusion
G1 X3.966 Y7.076 Z0.674 E3392.360 F1000 ; Linear move with extrusion
G1 X3.966 Y7.076 Z0.529 E3393.598 F1000 ; Linear move with extrusion
G1 X2.465 Y5.675 Z1.858 E3394.935 F1000 ; Linear move with extrusion
G1 X2.406 Y5.535 Z1.860 E3396.327 F1000 ; Linear move with extrusion
G1 X2.347 Y5.394 Z1.862 E3397.774 F1000 ; Linear move with extrusion
G1 X2.288 Y5.254 Z1.865 E3399.275 F1000 ; Linear move with extrusion
G1 X2.228 Y5.114 Z1.867 E3400.832 F1000 ; Linear move with extrusion
G1 X2.169 Y4.974 Z1.869 E3402.443 F1000 ; Linear move with extrusion
G1 X2.110 Y4.834 Z1.872 E3404.108 F1000 ; Linear move with extrusion
G1 X2.051 Y4.694 Z1.874 E3405.829 F1000 ; Linear move with extrusion
G1 X4.111 Y7.494 Z0.906 E3409.312 F1000 ; Linear move with extrusion
G1 X4.111 Y7.494 Z1.009 E3412.767 F1000 ; Linear move with extrusion
G1 X4.111 Y7.494 Z1.113 E3416.194 F1000 ; Linear move with extrusion
G1 X4.111 Y7.494 Z1.216 E3419.594 F1000 ; Linear move with extrusion
G1 X4.111 Y7.494 Z1.319 E3422.969 F1000 ; Linear move with extrusion
G1 X4.111 Y7.494 Z1.422 E3426.318 F1000 ; Linear move with extrusion
G1 X4.113 Y7.499 Z1.525 E3427.448 F1000 ; Linear move with extrusion
G1 X4.221 Y7.738 Z1.596 E3428.564 F1000 ; Linear move with extrusion
G1 X4.346 Y8.051 Z1.661 E3429.608 F1000 ; Linear move with extrusion
G1 X4.111 Y7.494 Z0.803 E3433.120 F1000 ; Linear move with extrusion
G1 X4.111 Y7.494 Z0.699 E3436.663 F1000 ; Linear move with extrusion
G1 X4.111 Y7.494 Z0.596 E3440.236 F1000 ; Linear move with extrusion
G1 X4.111 Y7.494 Z0.493 E3443.841 F1000 ; Linear move with extrusion
G1 X4.401 Y8.351 Z0.298 E3448.377 F1000 ; Linear move with extrusion
G1 X4.213 Y9.018 Z0.230 E3453.467 F1000 ; Linear move with extrusion
G1 X3.020 Y4.364 Z0.525 E3454.232 F1000 ; Linear move with extrusion
G1 X3.020 Y4.364 Z0.422 E3455.058 F1000 ; Linear move with extrusion
G1 X3.964 Y7.169 Z1.444 E3455.958 F1000 ; Linear move with extrusion
G1 X4.004 Y7.269 Z1.451 E3456.847 F1000 ; Linear move with extrusion
G1 X4.051 Y7.369 Z1.482 E3457.738 F1000 ; Linear move with extrusion
G1 X4.100 Y7.470 Z1.516 E3458.635 F1000 ; Linear move with extrusion
G1 X4.146 Y7.571 Z1.546 E3459.533 F1000 ; Linear move with extrusion
G1 X4.191 Y7.671 Z1.576 E3460.432 F1000 ; Linear move with extrusion
G1 X4.225 Y7.748 Z0.402 E3461.695 F1000 ; Linear move with extrusion
G1 X4.265 Y7.848 Z0.382 E3462.998 F1000 ; Linear move with extrusion
G1 X4.305 Y7.948 Z0.361 E3464.341 F1000 ; Linear move with extrusion
G1 X4.345 Y8.047 Z0.340 E3465.726 F1000 ; Linear move with extrusion
G1 X4.383 Y8.147 Z0.320 E3467.153 F1000 ; Linear move with extrusion
G1 X4.392 Y8.247 Z0.309 E3468.597 F1000 ; Linear move with extrusion
G1 X4.401 Y8.346 Z0.298 E3470.061 F1000 ; Linear move with extrusion
G1 X4.409 Y8.446 Z0.288 E3471.547 F1000 ; Linear move with extrusion
G1 X4.418 Y8.546 Z0.277 E3473.057 F1000 ; Linear move with extrusion
G1 X4.427 Y8.646 Z0.266 E3474.592 F1000 ; Linear move with extrusion
G1 X4.436 Y8.746 Z0.256 E3476.154 F1000 ; Linear move with extrusion
G1 X4.445 Y8.845 Z0.245 E3477.745 F1000 ; Linear move with extrusion
G1 X4.454 Y8.945 Z0.234 E3479.366 F1000 ; Linear move with extrusion
G1 X3.084 Y7.076 Z1.802 E3480.073 F1000 ; Linear move with extrusion
G1 X3.041 Y6.976 Z1.804 E3480.817 F1000 ; Linear move with extrusion
G1 X2.999 Y6.876 Z1.806 E3481.597 F1000 ; Linear move with extrusion
G1 X2.956 Y6.776 Z1.808 E3482.414 F1000 ; Linear move with extrusion
G1 X2.914 Y6.676 Z1.810 E3483.268 F1000 ; Linear move with extrusion
G1 X2.871 Y6.576 Z1.812 E3484.159 F1000 ; Linear move with extrusion
G1 X2.829 Y6.476 Z1.814 E3485.086 F1000 ; Linear move with extrusion
G1 X2.786 Y6.376 Z1.816 E3486.049 F1000 ; Linear move with extrusion
G1 X2.744 Y6.276 Z1.818 E3487.050 F1000 ; Linear move with extrusion
G1 X2.701 Y6.176 Z1.820 E3488.087 F1000 ; Linear move with extrusion
G1 X2.659 Y6.076 Z1.822 E3489.161 F1000 ; Linear move with extrusion
G1 X2.616 Y5.976 Z1.824 E3490.271 F1000 ; Linear move with extrusion
G1 X2.574 Y5.876 Z1.826 E3491.419 F1000 ; Linear move with extrusion
G1 X2.531 Y5.776 Z1.828 E3492.602 F1000 ; Linear move with extrusion
G1 X2.489 Y5.676 Z1.830 E3493.823 F1000 ; Linear move with extrusion
G1 X2.446 Y5.576 Z1.832 E3495.080 F1000 ; Linear move with extrusion
G1 X2.404 Y5.476 Z1.834 E3496.374 F1000 ; Linear move with extrusion
G1 X2.361 Y5.376 Z1.836 E3497.704 F1000 ; Linear move with extrusion
G1 X2.319 Y5.276 Z1.838 E3499.071 F1000 ; Linear move with extrusion
G1 X2.276 Y5.176 Z1.840 E3500.475 F1000 ; Linear move with extrusion
G1 X2.234 Y5.076 Z1.842 E3501.916 F1000 ; Linear move with extrusion
G1 X2.191 Y4.976 Z1.844 E3503.393 F1000 ; Linear move with extrusion
G1 X2.149 Y4.876 Z1.846 E3504.907 F1000 ; Linear move with extrusion
G1 X2.106 Y4.776 Z1.848 E3506.457 F1000 ; Linear move with extrusion
G1 X2.064 Y4.676 Z1.850 E3508.044 F1000 ; Linear move with extrusion
G1 X2.021 Y4.576 Z1.852 E3509.668 F1000 ; Linear move with extrusion
G1 X1.979 Y4.476 Z1.854 E3511.329 F1000 ; Linear move with extrusion
G1 X1.936 Y4.376 Z1.856 E3513.185 F1000 ; Linear move with extrusion
G1 X4.272 Y7.914 Z1.591 E3517.479 F1000 ; Linear move with extrusion
G1 X4.363 Y8.313 Z1.660 E3522.230 F1000 ; Linear move with extrusion
G1 X4.393 Y8.602 Z1.696 E3527.308 F1000 ; Linear move with extrusion
G1 X4.423 Y8.891 Z1.732 E3532.634 F1000 ; Linear move with extrusion
G1 X3.922 Y8.913 Z0.274 E3537.604 F1000 ; Linear move with extrusion
G1 X4.215 Y8.930 Z1.733 E3542.717 F1000 ; Linear move with extrusion
G1 X4.097 Y8.923 Z1.730 E3547.746 F1000 ; Linear move with extrusion
G1 X3.980 Y8.916 Z1.728 E3548.496 F1000 ; Linear move with extrusion
G1 X4.063 Y7.446 Z1.202 E3552.122 F1000 ; Linear move with extrusion
G1 X4.063 Y7.446 Z0.786 E3555.590 F1000 ; Linear move with extrusion
G1 X3.045 Y4.456 Z1.722 E3557.191 F1000 ; Linear move with extrusion
G1 X3.045 Y4.456 Z1.306 E3558.357 F1000 ; Linear move with extrusion
G1 X3.045 Y4.456 Z0.890 E3559.088 F1000 ; Linear move with extrusion
G1 X3.045 Y4.456 Z0.474 E3559.385 F1000 ; Linear move with extrusion
G1 X4.063 Y7.446 Z1.182 E3560.133 F1000 ; Linear move with extrusion
G1 X4.063 Y7.446 Z1.065 E3561.039 F1000 ; Linear move with extrusion
G1 X4.063 Y7.446 Z0.949 E3562.367 F1000 ; Linear move with extrusion
G1 X4.063 Y7.446 Z0.833 E3564.109 F1000 ; Linear move with extrusion
G1 X4.063 Y7.446 Z0.717 E3565.625 F1000 ; Linear move with extrusion
G1 X4.063 Y7.446 Z0.601 E3566.926 F1000 ; Linear move with extrusion
G1 X4.172 Y7.674 Z0.619 E3568.259 F1000 ; Linear move with extrusion
G1 X4.172 Y7.674 Z0.503 E3569.392 F1000 ; Linear move with extrusion
G1 X4.213 Y7.771 Z0.444 E3570.428 F1000 ; Linear move with extrusion
G1 X4.271 Y7.910 Z0.410 E3571.409 F1000 ; Linear move with extrusion
G1 X4.063 Y7.446 Z1.298 E3572.401 F1000 ; Linear move with extrusion
G1 X4.139 Y7.604 Z1.507 E3574.026 F1000 ; Linear move with extrusion
G1 X3.915 Y7.143 Z1.351 E3575.644 F1000 ; Linear move with extrusion
G1 X3.349 Y7.634 Z1.756 E3578.013 F1000 ; Linear move with extrusion
G1 X3.268 Y7.444 Z1.760 E3580.734 F1000 ; Linear move with extrusion
G1 X3.187 Y7.255 Z1.765 E3583.805 F1000 ; Linear move with extrusion
G1 X3.106 Y7.065 Z1.769 E3587.126 F1000 ; Linear move with extrusion
G1 X3.025 Y6.876 Z1.774 E3590.180 F1000 ; Linear move with extrusion
G1 X2.944 Y6.686 Z1.778 E3592.969 F1000 ; Linear move with extrusion
G1 X4.014 Y7.397 Z0.770 E3596.522 F1000 ; Linear move with extrusion
G1 X4.014 Y7.397 Z1.141 E3600.073 F1000 ; Linear move with extrusion
G1 X2.326 Y5.196 Z1.788 E3601.812 F1000 ; Linear move with extrusion
G1 X2.143 Y4.771 Z1.800 E3603.470 F1000 ; Linear move with extrusion
G1 X3.674 Y6.511 Z1.379 E3606.010 F1000 ; Linear move with extrusion
G1 X3.593 Y6.247 Z1.433 E3608.278 F1000 ; Linear move with extrusion
G1 X3.512 Y5.983 Z1.487 E3610.300 F1000 ; Linear move with extrusion
G1 X3.430 Y5.719 Z1.541 E3612.111 F1000 ; Linear move with extrusion
G1 X3.349 Y5.456 Z1.596 E3613.242 F1000 ; Linear move with extrusion
G1 X3.268 Y5.192 Z1.650 E3614.044 F1000 ; Linear move with extrusion
G1 X3.187 Y4.928 Z1.704 E3614.517 F1000 ; Linear move with extrusion
G1 X3.105 Y4.664 Z1.758 E3614.661 F1000 ; Linear move with extrusion
G1 X4.124 Y7.612 Z0.530 E3618.172 F1000 ; Linear move with extrusion
G1 X4.269 Y7.945 Z0.435 E3621.243 F1000 ; Linear move with extrusion
G1 X4.311 Y8.162 Z0.397 E3623.761 F1000 ; Linear move with extrusion
G1 X4.335 Y8.359 Z0.368 E3625.761 F1000 ; Linear move with extrusion
G1 X4.359 Y8.556 Z0.340 E3627.367 F1000 ; Linear move with extrusion
G1 X4.384 Y8.753 Z0.312 E3628.811 F1000 ; Linear move with extrusion
G1 X4.330 Y8.850 Z0.299 E3630.655 F1000 ; Linear move with extrusion
G1 X4.193 Y8.841 Z0.303 E3631.927 F1000 ; Linear move with extrusion
G1 X4.057 Y8.831 Z0.307 E3632.629 F1000 ; Linear move with extrusion
G1 X3.920 Y8.822 Z0.311 E3632.761 F1000 ; Linear move with extrusion
G1 X4.014 Y7.397 Z0.865 E3633.780 F1000 ; Linear move with extrusion
G1 X4.014 Y7.397 Z0.976 E3634.688 F1000 ; Linear move with extrusion
G1 X4.014 Y7.397 Z1.087 E3635.500 F1000 ; Linear move with extrusion
G1 X4.014 Y7.397 Z1.197 E3636.239 F1000 ; Linear move with extrusion
G1 X4.014 Y7.397 Z1.308 E3636.936 F1000 ; Linear move with extrusion
G1 X4.037 Y7.443 Z1.397 E3637.627 F1000 ; Linear move with extrusion
G1 X4.099 Y7.565 Z1.450 E3638.327 F1000 ; Linear move with extrusion
G1 X4.163 Y7.701 Z1.496 E3639.032 F1000 ; Linear move with extrusion
G1 X4.226 Y7.846 Z1.537 E3639.737 F1000 ; Linear move with extrusion
G1 X4.014 Y7.397 Z0.754 E3640.880 F1000 ; Linear move with extrusion
G1 X4.014 Y7.397 Z0.643 E3642.156 F1000 ; Linear move with extrusion
G1 X2.131 Y4.745 Z1.801 E3644.344 F1000 ; Linear move with extrusion
G1 X2.025 Y4.499 Z1.808 E3646.664 F1000 ; Linear move with extrusion
G1 X3.070 Y4.549 Z1.673 E3646.735 F1000 ; Linear move with extrusion
G1 X3.070 Y4.549 Z1.562 E3646.879 F1000 ; Linear move with extrusion
G1 X3.070 Y4.549 Z1.451 E3647.095 F1000 ; Linear move with extrusion
G1 X3.070 Y4.549 Z1.340 E3647.383 F1000 ; Linear move with extrusion
G1 X3.815 Y7.116 Z0.874 E3648.059 F1000 ; Linear move with extrusion
G1 X3.032 Y6.775 Z1.713 E3648.860 F1000 ; Linear move with extrusion
G1 X2.964 Y6.619 Z1.718 E3649.725 F1000 ; Linear move with extrusion
G1 X2.896 Y6.463 Z1.723 E3650.654 F1000 ; Linear move with extrusion
G1 X2.829 Y6.307 Z1.728 E3651.648 F1000 ; Linear move with extrusion
G1 X2.761 Y6.151 Z1.733 E3652.705 F1000 ; Linear move with extrusion
G1 X2.693 Y5.995 Z1.738 E3653.827 F1000 ; Linear move with extrusion
G1 X2.625 Y5.839 Z1.743 E3655.012 F1000 ; Linear move with extrusion
G1 X2.557 Y5.683 Z1.747 E3656.262 F1000 ; Linear move with extrusion
G1 X2.489 Y5.527 Z1.752 E3657.316 F1000 ; Linear move with extrusion
G1 X2.422 Y5.371 Z1.757 E3658.262 F1000 ; Linear move with extrusion
G1 X2.354 Y5.215 Z1.762 E3659.124 F1000 ; Linear move with extrusion
G1 X2.286 Y5.058 Z1.767 E3659.933 F1000 ; Linear move with extrusion
G1 X3.962 Y7.346 Z0.746 E3660.734 F1000 ; Linear move with extrusion
G1 X3.962 Y7.346 Z0.900 E3661.470 F1000 ; Linear move with extrusion
G1 X3.962 Y7.346 Z1.054 E3662.174 F1000 ; Linear move with extrusion
G1 X3.962 Y7.346 Z1.208 E3662.888 F1000 ; Linear move with extrusion
G1 X3.980 Y7.378 Z1.325 E3663.634 F1000 ; Linear move with extrusion
G1 X4.031 Y7.472 Z1.372 E3664.397 F1000 ; Linear move with extrusion
G1 X4.083 Y7.569 Z1.417 E3665.174 F1000 ; Linear move with extrusion
G1 X4.135 Y7.682 Z1.454 E3665.952 F1000 ; Linear move with extrusion
G1 X4.186 Y7.795 Z1.490 E3666.732 F1000 ; Linear move with extrusion
G1 X4.238 Y7.908 Z1.526 E3667.514 F1000 ; Linear move with extrusion
G1 X4.265 Y8.076 Z1.556 E3668.240 F1000 ; Linear move with extrusion
G1 X4.290 Y8.251 Z1.584 E3668.447 F1000 ; Linear move with extrusion
G1 X3.873 Y7.213 Z1.214 E3669.134 F1000 ; Linear move with extrusion
G1 X3.292 Y7.373 Z1.694 E3669.879 F1000 ; Linear move with extrusion
G1 X3.243 Y7.260 Z1.697 E3670.686 F1000 ; Linear move with extrusion
G1 X3.194 Y7.147 Z1.701 E3671.555 F1000 ; Linear move with extrusion
G1 X3.144 Y7.033 Z1.704 E3672.487 F1000 ; Linear move with extrusion
G1 X3.095 Y6.920 Z1.708 E3673.482 F1000 ; Linear move with extrusion
G1 X3.046 Y6.807 Z1.712 E3674.538 F1000 ; Linear move with extrusion
G1 X2.997 Y6.694 Z1.715 E3675.657 F1000 ; Linear move with extrusion
G1 X2.947 Y6.580 Z1.719 E3676.838 F1000 ; Linear move with extrusion
G1 X2.898 Y6.467 Z1.722 E3678.082 F1000 ; Linear move with extrusion
G1 X2.849 Y6.354 Z1.726 E3679.388 F1000 ; Linear move with extrusion
G1 X2.800 Y6.240 Z1.730 E3680.756 F1000 ; Linear move with extrusion
G1 X2.750 Y6.127 Z1.733 E3682.187 F1000 ; Linear move with extrusion
G1 X2.701 Y6.014 Z1.737 E3683.679 F1000 ; Linear move with extrusion
G1 X2.652 Y5.901 Z1.741 E3685.235 F1000 ; Linear move with extrusion
G1 X2.603 Y5.787 Z1.744 E3686.852 F1000 ; Linear move with extrusion
G1 X3.990 Y7.398 Z1.335 E3687.611 F1000 ; Linear move with extrusion
G1 X3.962 Y7.346 Z1.045 E3688.279 F1000 ; Linear move with extrusion
G1 X3.962 Y7.346 Z0.844 E3689.030 F1000 ; Linear move with extrusion
G1 X4.074 Y7.549 Z0.997 E3689.753 F1000 ; Linear move with extrusion
G1 X4.074 Y7.549 Z0.796 E3690.613 F1000 ; Linear move with extrusion
G1 X4.074 Y7.549 Z0.595 E3691.675 F1000 ; Linear move with extrusion
G1 X4.117 Y7.643 Z0.559 E3692.818 F1000 ; Linear move with extrusion
G1 X4.161 Y7.741 Z0.528 E3694.038 F1000 ; Linear move with extrusion
G1 X4.206 Y7.838 Z0.496 E3695.338 F1000 ; Linear move with extrusion
G1 X4.246 Y7.937 Z0.467 E3696.717 F1000 ; Linear move with extrusion
G1 X4.261 Y8.042 Z0.450 E3697.441 F1000 ; Linear move with extrusion
G1 X4.276 Y8.148 Z0.433 E3698.124 F1000 ; Linear move with extrusion
G1 X4.290 Y8.253 Z0.416 E3698.768 F1000 ; Linear move with extrusion
G1 X4.305 Y8.359 Z0.399 E3699.372 F1000 ; Linear move with extrusion
G1 X4.320 Y8.464 Z0.381 E3699.938 F1000 ; Linear move with extrusion
G1 X3.908 Y7.292 Z0.985 E3703.203 F1000 ; Linear move with extrusion
G1 X3.908 Y7.292 Z1.104 E3706.468 F1000 ; Linear move with extrusion
G1 X3.908 Y7.292 Z1.224 E3707.309 F1000 ; Linear move with extrusion
G1 X3.981 Y7.415 Z1.314 E3708.128 F1000 ; Linear move with extrusion
G1 X4.070 Y7.584 Z1.389 E3708.951 F1000 ; Linear move with extrusion
G1 X4.158 Y7.769 Z1.455 E3709.783 F1000 ; Linear move with extrusion
G1 X4.214 Y7.962 Z1.504 E3710.589 F1000 ; Linear move with extrusion
G1 X4.246 Y8.160 Z1.540 E3711.348 F1000 ; Linear move with extrusion
G1 X4.277 Y8.358 Z1.575 E3712.059 F1000 ; Linear move with extrusion
G1 X4.309 Y8.556 Z1.611 E3712.727 F1000 ; Linear move with extrusion
G1 X3.908 Y7.292 Z0.865 E3715.991 F1000 ; Linear move with extrusion
G1 X4.023 Y7.485 Z0.700 E3719.059 F1000 ; Linear move with extrusion
G1 X3.117 Y4.735 Z1.544 E3719.235 F1000 ; Linear move with extrusion
G1 X3.117 Y4.735 Z1.424 E3719.528 F1000 ; Linear move with extrusion
G1 X3.117 Y4.735 Z1.305 E3719.937 F1000 ; Linear move with extrusion
G1 X3.117 Y4.735 Z1.185 E3720.462 F1000 ; Linear move with extrusion
G1 X3.117 Y4.735 Z1.066 E3721.103 F1000 ; Linear move with extrusion
G1 X3.117 Y4.735 Z0.946 E3721.861 F1000 ; Linear move with extrusion
G1 X3.117 Y4.735 Z0.827 E3722.736 F1000 ; Linear move with extrusion
G1 X3.761 Y7.103 Z1.083 E3723.295 F1000 ; Linear move with extrusion
G1 X3.909 Y7.294 Z1.245 E3723.955 F1000 ; Linear move with extrusion
G1 X4.001 Y7.449 Z1.333 E3724.657 F1000 ; Linear move with extrusion
G1 X3.908 Y7.292 Z0.788 E3725.380 F1000 ; Linear move with extrusion
G1 X4.023 Y7.485 Z0.954 E3726.067 F1000 ; Linear move with extrusion
G1 X4.023 Y7.485 Z0.727 E3726.913 F1000 ; Linear move with extrusion
G1 X4.052 Y7.546 Z0.625 E3727.878 F1000 ; Linear move with extrusion
G1 X4.097 Y7.641 Z0.591 E3728.914 F1000 ; Linear move with extrusion
G1 X4.142 Y7.735 Z0.557 E3730.023 F1000 ; Linear move with extrusion
G1 X4.188 Y7.830 Z0.523 E3731.208 F1000 ; Linear move with extrusion
G1 X4.209 Y7.931 Z0.501 E3732.450 F1000 ; Linear move with extrusion
G1 X4.226 Y8.034 Z0.483 E3733.746 F1000 ; Linear move with extrusion
G1 X4.242 Y8.136 Z0.465 E3734.367 F1000 ; Linear move with extrusion
G1 X4.258 Y8.238 Z0.446 E3734.950 F1000 ; Linear move with extrusion
G1 X4.274 Y8.341 Z0.428 E3735.497 F1000 ; Linear move with extrusion
G1 X4.291 Y8.443 Z0.410 E3736.009 F1000 ; Linear move with extrusion
G1 X4.307 Y8.546 Z0.391 E3736.486 F1000 ; Linear move with extrusion
G1 X4.323 Y8.648 Z0.373 E3736.503 F1000 ; Linear move with extrusion
G1 X3.276 Y7.277 Z1.663 E3737.203 F1000 ; Linear move with extrusion
G1 X3.228 Y7.167 Z1.667 E3737.960 F1000 ; Linear move with extrusion
G1 X3.180 Y7.058 Z1.671 E3738.774 F1000 ; Linear move with extrusion
G1 X3.132 Y6.948 Z1.675 E3739.644 F1000 ; Linear move with extrusion
G1 X3.084 Y6.839 Z1.679 E3740.571 F1000 ; Linear move with extrusion
G1 X3.036 Y6.729 Z1.683 E3741.554 F1000 ; Linear move with extrusion
G1 X2.988 Y6.620 Z1.687 E3742.593 F1000 ; Linear move with extrusion
G1 X2.940 Y6.510 Z1.691 E3743.689 F1000 ; Linear move with extrusion
G1 X2.892 Y6.401 Z1.695 E3744.842 F1000 ; Linear move with extrusion
G1 X2.844 Y6.291 Z1.698 E3746.051 F1000 ; Linear move with extrusion
G1 X2.796 Y6.182 Z1.702 E3747.316 F1000 ; Linear move with extrusion
G1 X2.748 Y6.072 Z1.706 E3748.638 F1000 ; Linear move with extrusion
G1 X2.701 Y5.963 Z1.710 E3750.017 F1000 ; Linear move with extrusion
G1 X2.653 Y5.853 Z1.714 E3751.452 F1000 ; Linear move with extrusion
G1 X2.605 Y5.744 Z1.718 E3752.943 F1000 ; Linear move with extrusion
G1 X2.557 Y5.634 Z1.722 E3754.492 F1000 ; Linear move with extrusion
G1 X2.509 Y5.525 Z1.726 E3756.096 F1000 ; Linear move with extrusion
G1 X3.185 Y7.013 Z1.640 E3756.683 F1000 ; Linear move with extrusion
G1 X3.128 Y6.884 Z1.645 E3757.320 F1000 ; Linear move with extrusion
G1 X3.071 Y6.755 Z1.650 E3758.006 F1000 ; Linear move with extrusion
G1 X3.014 Y6.626 Z1.655 E3758.742 F1000 ; Linear move with extrusion
G1 X2.957 Y6.497 Z1.661 E3759.528 F1000 ; Linear move with extrusion
G1 X2.900 Y6.369 Z1.666 E3760.362 F1000 ; Linear move with extrusion
G1 X2.844 Y6.240 Z1.671 E3761.247 F1000 ; Linear move with extrusion
G1 X2.787 Y6.111 Z1.676 E3762.180 F1000 ; Linear move with extrusion
G1 X2.730 Y5.982 Z1.682 E3763.163 F1000 ; Linear move with extrusion
G1 X2.673 Y5.853 Z1.687 E3764.196 F1000 ; Linear move with extrusion
G1 X2.616 Y5.724 Z1.692 E3765.278 F1000 ; Linear move with extrusion
G1 X2.559 Y5.595 Z1.697 E3766.232 F1000 ; Linear move with extrusion
G1 X2.502 Y5.467 Z1.703 E3767.095 F1000 ; Linear move with extrusion
G1 X2.446 Y5.338 Z1.708 E3767.889 F1000 ; Linear move with extrusion
G1 X2.389 Y5.209 Z1.713 E3768.640 F1000 ; Linear move with extrusion
G1 X3.746 Y7.113 Z0.989 E3769.175 F1000 ; Linear move with extrusion
G1 X3.852 Y7.235 Z0.924 E3769.788 F1000 ; Linear move with extrusion
G1 X3.852 Y7.235 Z1.115 E3770.368 F1000 ; Linear move with extrusion
G1 X3.884 Y7.286 Z1.216 E3770.963 F1000 ; Linear move with extrusion
G1 X3.935 Y7.365 Z1.265 E3771.578 F1000 ; Linear move with extrusion
G1 X3.985 Y7.450 Z1.311 E3772.209 F1000 ; Linear move with extrusion
G1 X4.033 Y7.545 Z1.348 E3772.846 F1000 ; Linear move with extrusion
G1 X4.081 Y7.641 Z1.386 E3773.490 F1000 ; Linear move with extrusion
G1 X4.129 Y7.737 Z1.423 E3774.141 F1000 ; Linear move with extrusion
G1 X4.163 Y7.860 Z1.455 E3774.769 F1000 ; Linear move with extrusion
G1 X4.187 Y7.999 Z1.482 E3775.357 F1000 ; Linear move with extrusion
G1 X4.212 Y8.139 Z1.509 E3775.536 F1000 ; Linear move with extrusion
G1 X4.237 Y8.278 Z1.537 E3775.660 F1000 ; Linear move with extrusion
G1 X4.262 Y8.418 Z1.564 E3775.729 F1000 ; Linear move with extrusion
G1 X3.447 Y7.607 Z1.616 E3776.480 F1000 ; Linear move with extrusion
G1 X3.388 Y7.475 Z1.621 E3777.337 F1000 ; Linear move with extrusion
G1 X3.330 Y7.343 Z1.626 E3778.300 F1000 ; Linear move with extrusion
G1 X3.272 Y7.211 Z1.632 E3779.369 F1000 ; Linear move with extrusion
G1 X3.214 Y7.079 Z1.637 E3780.544 F1000 ; Linear move with extrusion
G1 X3.156 Y6.947 Z1.642 E3781.825 F1000 ; Linear move with extrusion
G1 X3.097 Y6.815 Z1.648 E3783.212 F1000 ; Linear move with extrusion
G1 X3.039 Y6.683 Z1.653 E3784.705 F1000 ; Linear move with extrusion
G1 X2.981 Y6.551 Z1.658 E3786.304 F1000 ; Linear move with extrusion
G1 X2.923 Y6.419 Z1.664 E3788.009 F1000 ; Linear move with extrusion
G1 X2.865 Y6.287 Z1.669 E3789.820 F1000 ; Linear move with extrusion
G1 X3.852 Y7.235 Z1.073 E3790.367 F1000 ; Linear move with extrusion
G1 X3.852 Y7.235 Z0.926 E3790.974 F1000 ; Linear move with extrusion
G1 X3.970 Y7.420 Z0.977 E3791.619 F1000 ; Linear move with extrusion
G1 X3.970 Y7.420 Z0.831 E3792.446 F1000 ; Linear move with extrusion
G1 X3.976 Y7.431 Z0.696 E3793.501 F1000 ; Linear move with extrusion
G1 X4.026 Y7.531 Z0.657 E3794.689 F1000 ; Linear move with extrusion
G1 X4.076 Y7.632 Z0.618 E3796.015 F1000 ; Linear move with extrusion
G1 X4.126 Y7.732 Z0.579 E3796.770 F1000 ; Linear move with extrusion
G1 X4.159 Y7.841 Z0.549 E3797.481 F1000 ; Linear move with extrusion
G1 X4.180 Y7.957 Z0.526 E3798.140 F1000 ; Linear move with extrusion
G1 X3.793 Y7.175 Z0.873 E3800.617 F1000 ; Linear move with extrusion
G1 X3.793 Y7.175 Z1.001 E3803.059 F1000 ; Linear move with extrusion
G1 X3.793 Y7.175 Z1.129 E3805.467 F1000 ; Linear move with extrusion
G1 X3.868 Y7.284 Z1.202 E3807.977 F1000 ; Linear move with extrusion
G1 X3.947 Y7.412 Z1.273 E3808.837 F1000 ; Linear move with extrusion
G1 X4.031 Y7.572 Z1.340 E3809.731 F1000 ; Linear move with extrusion
G1 X4.114 Y7.780 Z1.411 E3810.023 F1000 ; Linear move with extrusion
G1 X4.191 Y8.171 Z1.494 E3810.157 F1000 ; Linear move with extrusion
G1 X4.253 Y8.505 Z0.435 E3814.112 F1000 ; Linear move with extrusion
G1 X4.079 Y8.481 Z0.445 E3817.994 F1000 ; Linear move with extrusion
G1 X3.905 Y8.457 Z0.455 E3821.808 F1000 ; Linear move with extrusion
G1 X3.161 Y4.921 Z0.769 E3822.321 F1000 ; Linear move with extrusion
G1 X3.161 Y4.921 Z0.641 E3822.907 F1000 ; Linear move with extrusion
G1 X3.161 Y4.921 Z0.513 E3823.566 F1000 ; Linear move with extrusion
G1 X3.161 Y4.921 Z0.385 E3824.298 F1000 ; Linear move with extrusion
G1 X3.069 Y4.908 Z0.330 E3824.298 F1000 ; Linear move with extrusion
G1 X2.916 Y4.885 Z0.323 E3824.298 F1000 ; Linear move with extrusion
G1 X3.189 Y6.971 Z1.609 E3824.861 F1000 ; Linear move with extrusion
G1 X3.717 Y7.095 Z1.056 E3825.335 F1000 ; Linear move with extrusion
G1 X3.804 Y7.191 Z1.140 E3825.852 F1000 ; Linear move with extrusion
G1 X3.871 Y7.288 Z1.205 E3826.394 F1000 ; Linear move with extrusion
G1 X3.945 Y7.409 Z0.729 E3827.122 F1000 ; Linear move with extrusion
G1 X3.998 Y7.511 Z0.686 E3827.906 F1000 ; Linear move with extrusion
G1 X4.052 Y7.613 Z0.643 E3828.751 F1000 ; Linear move with extrusion
G1 X4.088 Y7.681 Z1.386 E3829.342 F1000 ; Linear move with extrusion
G1 X4.121 Y7.815 Z0.581 E3830.271 F1000 ; Linear move with extrusion
G1 X4.141 Y7.916 Z0.560 E3831.232 F1000 ; Linear move with extrusion
G1 X4.161 Y8.018 Z0.538 E3832.225 F1000 ; Linear move with extrusion
G1 X4.181 Y8.119 Z0.517 E3833.254 F1000 ; Linear move with extrusion
G1 X4.201 Y8.220 Z0.496 E3834.320 F1000 ; Linear move with extrusion
G1 X4.221 Y8.321 Z0.474 E3835.427 F1000 ; Linear move with extrusion
G1 X4.241 Y8.422 Z0.453 E3836.575 F1000 ; Linear move with extrusion
G1 X4.251 Y8.474 Z1.559 E3836.588 F1000 ; Linear move with extrusion
G1 X3.145 Y6.871 Z1.614 E3837.190 F1000 ; Linear move with extrusion
G1 X3.100 Y6.770 Z1.618 E3837.830 F1000 ; Linear move with extrusion
G1 X3.056 Y6.670 Z1.623 E3838.508 F1000 ; Linear move with extrusion
G1 X3.011 Y6.570 Z1.627 E3839.224 F1000 ; Linear move with extrusion
G1 X2.967 Y6.469 Z1.632 E3839.978 F1000 ; Linear move with extrusion
G1 X2.922 Y6.369 Z1.636 E3840.771 F1000 ; Linear move with extrusion
G1 X2.877 Y6.269 Z1.641 E3841.602 F1000 ; Linear move with extrusion
G1 X2.833 Y6.169 Z1.645 E3842.471 F1000 ; Linear move with extrusion
G1 X2.788 Y6.068 Z1.650 E3843.378 F1000 ; Linear move with extrusion
G1 X2.744 Y5.968 Z1.654 E3844.324 F1000 ; Linear move with extrusion
G1 X2.699 Y5.868 Z1.659 E3845.307 F1000 ; Linear move with extrusion
G1 X2.655 Y5.767 Z1.663 E3846.329 F1000 ; Linear move with extrusion
G1 X2.610 Y5.667 Z1.668 E3847.389 F1000 ; Linear move with extrusion
G1 X2.565 Y5.567 Z1.673 E3848.488 F1000 ; Linear move with extrusion
G1 X2.521 Y5.467 Z1.677 E3849.624 F1000 ; Linear move with extrusion
G1 X2.476 Y5.366 Z1.682 E3850.799 F1000 ; Linear move with extrusion
G1 X2.432 Y5.266 Z1.686 E3852.012 F1000 ; Linear move with extrusion
G1 X2.387 Y5.166 Z1.691 E3853.263 F1000 ; Linear move with extrusion
G1 X2.342 Y5.065 Z1.695 E3854.553 F1000 ; Linear move with extrusion
G1 X2.298 Y4.965 Z1.700 E3855.880 F1000 ; Linear move with extrusion
G1 X2.253 Y4.865 Z1.704 E3856.650 F1000 ; Linear move with extrusion
G1 X2.502 Y4.825 Z0.305 E3856.650 F1000 ; Linear move with extrusion
G1 X2.860 Y6.186 Z1.616 E3857.500 F1000 ; Linear move with extrusion
G1 X3.765 Y7.156 Z1.113 E3858.253 F1000 ; Linear move with extrusion
G1 X3.878 Y7.317 Z1.215 E3859.059 F1000 ; Linear move with extrusion
G1 X3.965 Y7.475 Z1.285 E3859.887 F1000 ; Linear move with extrusion
G1 X4.139 Y8.046 Z0.552 E3861.164 F1000 ; Linear move with extrusion
G1 X4.177 Y8.218 Z0.513 E3862.478 F1000 ; Linear move with extrusion
G1 X4.215 Y8.390 Z0.474 E3863.836 F1000 ; Linear move with extrusion
G1 X4.138 Y8.039 Z1.446 E3864.544 F1000 ; Linear move with extrusion
G1 X4.167 Y8.174 Z1.477 E3865.206 F1000 ; Linear move with extrusion
G1 X4.197 Y8.310 Z1.508 E3865.822 F1000 ; Linear move with extrusion
G1 X4.169 Y8.410 Z1.529 E3866.325 F1000 ; Linear move with extrusion
G1 X3.910 Y8.369 Z1.513 E3866.440 F1000 ; Linear move with extrusion
G1 X2.774 Y5.994 Z1.626 E3867.365 F1000 ; Linear move with extrusion
G1 X2.688 Y5.801 Z1.635 E3868.364 F1000 ; Linear move with extrusion
G1 X2.602 Y5.609 Z1.645 E3869.439 F1000 ; Linear move with extrusion
G1 X2.516 Y5.417 Z1.654 E3870.588 F1000 ; Linear move with extrusion
G1 X2.430 Y5.225 Z1.664 E3871.813 F1000 ; Linear move with extrusion
G1 X2.344 Y5.033 Z1.674 E3873.113 F1000 ; Linear move with extrusion
G1 X3.334 Y5.694 Z1.418 E3874.483 F1000 ; Linear move with extrusion
G1 X3.293 Y5.512 Z1.477 E3875.701 F1000 ; Linear move with extrusion
G1 X3.252 Y5.329 Z1.535 E3876.888 F1000 ; Linear move with extrusion
G1 X3.211 Y5.146 Z1.594 E3878.174 F1000 ; Linear move with extrusion
G1 X3.182 Y5.014 Z1.555 E3878.663 F1000 ; Linear move with extrusion
G1 X3.182 Y5.014 Z1.262 E3879.897 F1000 ; Linear move with extrusion
G1 X3.182 Y5.014 Z0.969 E3880.729 F1000 ; Linear move with extrusion
G1 X3.182 Y5.014 Z0.676 E3881.158 F1000 ; Linear move with extrusion
G1 X3.182 Y5.014 Z0.383 E3881.184 F1000 ; Linear move with extrusion
G1 X3.733 Y7.111 Z1.065 E3881.610 F1000 ; Linear move with extrusion
G1 X3.733 Y7.111 Z0.956 E3883.424 F1000 ; Linear move with extrusion
G1 X3.860 Y7.285 Z0.923 E3885.148 F1000 ; Linear move with extrusion
G1 X3.860 Y7.285 Z0.814 E3886.555 F1000 ; Linear move with extrusion
G1 X3.919 Y7.392 Z0.752 E3887.780 F1000 ; Linear move with extrusion
G1 X3.987 Y7.515 Z0.697 E3888.847 F1000 ; Linear move with extrusion
G1 X4.051 Y7.643 Z0.644 E3889.765 F1000 ; Linear move with extrusion
G1 X4.087 Y7.807 Z0.607 E3890.537 F1000 ; Linear move with extrusion
G1 X3.636 Y7.918 Z1.529 E3892.570 F1000 ; Linear move with extrusion
G1 X3.536 Y7.695 Z1.541 E3895.637 F1000 ; Linear move with extrusion
G1 X3.436 Y7.472 Z1.552 E3898.682 F1000 ; Linear move with extrusion
G1 X3.336 Y7.249 Z1.563 E3901.423 F1000 ; Linear move with extrusion
G1 X3.237 Y7.026 Z1.574 E3903.862 F1000 ; Linear move with extrusion
G1 X3.137 Y6.803 Z1.585 E3906.003 F1000 ; Linear move with extrusion
G1 X3.037 Y6.580 Z1.596 E3907.850 F1000 ; Linear move with extrusion
G1 X3.250 Y7.006 Z1.543 E3908.325 F1000 ; Linear move with extrusion
G1 X3.202 Y6.900 Z1.548 E3908.841 F1000 ; Linear move with extrusion
G1 X3.154 Y6.793 Z1.554 E3909.396 F1000 ; Linear move with extrusion
G1 X3.106 Y6.687 Z1.560 E3909.992 F1000 ; Linear move with extrusion
G1 X3.058 Y6.581 Z1.566 E3910.628 F1000 ; Linear move with extrusion
G1 X3.010 Y6.474 Z1.572 E3911.305 F1000 ; Linear move with extrusion
G1 X2.962 Y6.368 Z1.578 E3912.021 F1000 ; Linear move with extrusion
G1 X2.914 Y6.261 Z1.583 E3912.778 F1000 ; Linear move with extrusion
G1 X2.866 Y6.155 Z1.589 E3913.575 F1000 ; Linear move with extrusion
G1 X2.818 Y6.049 Z1.595 E3914.412 F1000 ; Linear move with extrusion
G1 X2.770 Y5.942 Z1.601 E3915.289 F1000 ; Linear move with extrusion
G1 X2.722 Y5.836 Z1.607 E3916.207 F1000 ; Linear move with extrusion
G1 X2.674 Y5.730 Z1.613 E3917.165 F1000 ; Linear move with extrusion
G1 X2.626 Y5.623 Z1.618 E3917.914 F1000 ; Linear move with extrusion
G1 X2.578 Y5.517 Z1.624 E3918.603 F1000 ; Linear move with extrusion
G1 X2.530 Y5.411 Z1.630 E3919.263 F1000 ; Linear move with extrusion
G1 X2.482 Y5.304 Z1.636 E3919.927 F1000 ; Linear move with extrusion
G1 X2.434 Y5.198 Z1.642 E3921.361 F1000 ; Linear move with extrusion
G1 X2.386 Y5.092 Z1.647 E3922.768 F1000 ; Linear move with extrusion
G1 X2.338 Y4.985 Z1.653 E3924.158 F1000 ; Linear move with extrusion
G1 X2.762 Y5.027 Z0.369 E3924.158 F1000 ; Linear move with extrusion
G1 X3.652 Y7.022 Z0.967 E3924.563 F1000 ; Linear move with extrusion
G1 X3.698 Y7.077 Z1.067 E3924.972 F1000 ; Linear move with extrusion
G1 X3.753 Y7.150 Z1.114 E3925.402 F1000 ; Linear move with extrusion
G1 X3.875 Y7.340 Z0.785 E3926.019 F1000 ; Linear move with extrusion
G1 X3.940 Y7.451 Z0.733 E3926.706 F1000 ; Linear move with extrusion
G1 X3.904 Y7.390 Z1.238 E3927.177 F1000 ; Linear move with extrusion
G1 X3.952 Y7.473 Z1.277 E3927.659 F1000 ; Linear move with extrusion
G1 X4.065 Y7.839 Z0.618 E3928.502 F1000 ; Linear move with extrusion
G1 X4.098 Y7.975 Z0.585 E3929.395 F1000 ; Linear move with extrusion
G1 X4.131 Y8.111 Z0.552 E3930.343 F1000 ; Linear move with extrusion
G1 X4.164 Y8.248 Z0.520 E3931.348 F1000 ; Linear move with extrusion
G1 X4.106 Y8.008 Z1.423 E3931.475 F1000 ; Linear move with extrusion
G1 X4.133 Y8.121 Z1.450 E3931.558 F1000 ; Linear move with extrusion
G1 X4.160 Y8.233 Z1.477 E3931.596 F1000 ; Linear move with extrusion
G1 X3.731 Y7.120 Z1.095 E3932.061 F1000 ; Linear move with extrusion
G1 X3.567 Y7.710 Z1.504 E3933.679 F1000 ; Linear move with extrusion
G1 X3.477 Y7.509 Z1.515 E3935.882 F1000 ; Linear move with extrusion
G1 X3.386 Y7.309 Z1.526 E3938.609 F1000 ; Linear move with extrusion
G1 X3.296 Y7.108 Z1.537 E3941.177 F1000 ; Linear move with extrusion
G1 X3.205 Y6.908 Z1.548 E3943.458 F1000 ; Linear move with extrusion
G1 X3.115 Y6.707 Z1.559 E3945.457 F1000 ; Linear move with extrusion
G1 X3.024 Y6.507 Z1.570 E3947.179 F1000 ; Linear move with extrusion
G1 X3.803 Y7.215 Z1.031 E3947.808 F1000 ; Linear move with extrusion
G1 X3.803 Y7.215 Z0.919 E3949.255 F1000 ; Linear move with extrusion
G1 X3.825 Y7.252 Z0.826 E3950.463 F1000 ; Linear move with extrusion
G1 X3.892 Y7.368 Z0.772 E3951.531 F1000 ; Linear move with extrusion
G1 X3.958 Y7.484 Z0.718 E3952.467 F1000 ; Linear move with extrusion
G1 X4.012 Y7.615 Z0.673 E3953.276 F1000 ; Linear move with extrusion
G1 X4.048 Y7.765 Z0.636 E3953.962 F1000 ; Linear move with extrusion
G1 X3.648 Y7.019 Z1.022 E3956.329 F1000 ; Linear move with extrusion
G1 X3.848 Y7.312 Z1.197 E3959.053 F1000 ; Linear move with extrusion
G1 X3.979 Y7.607 Z1.307 E3962.095 F1000 ; Linear move with extrusion
G1 X4.049 Y7.873 Z1.375 E3965.398 F1000 ; Linear move with extrusion
G1 X4.118 Y8.139 Z1.443 E3968.967 F1000 ; Linear move with extrusion
G1 X4.026 Y8.219 Z1.460 E3969.552 F1000 ; Linear move with extrusion
G1 X3.826 Y8.176 Z1.443 E3969.621 F1000 ; Linear move with extrusion
G1 X3.730 Y7.123 Z0.894 E3971.741 F1000 ; Linear move with extrusion
G1 X3.908 Y7.412 Z0.755 E3974.307 F1000 ; Linear move with extrusion
G1 X3.221 Y5.201 Z1.174 E3975.206 F1000 ; Linear move with extrusion
G1 X3.221 Y5.201 Z1.026 E3976.237 F1000 ; Linear move with extrusion
G1 X3.221 Y5.201 Z0.878 E3977.013 F1000 ; Linear move with extrusion
G1 X3.221 Y5.201 Z0.730 E3977.536 F1000 ; Linear move with extrusion
G1 X3.221 Y5.201 Z0.582 E3977.805 F1000 ; Linear move with extrusion
G1 X3.221 Y5.201 Z0.434 E3977.820 F1000 ; Linear move with extrusion
G1 X3.347 Y7.173 Z1.500 E3978.393 F1000 ; Linear move with extrusion
G1 X3.656 Y7.030 Z1.030 E3978.762 F1000 ; Linear move with extrusion
G1 X3.698 Y7.082 Z0.919 E3979.168 F1000 ; Linear move with extrusion
G1 X3.762 Y7.170 Z0.870 E3979.641 F1000 ; Linear move with extrusion
G1 X3.816 Y7.260 Z0.827 E3980.184 F1000 ; Linear move with extrusion
G1 X3.871 Y7.351 Z0.784 E3980.807 F1000 ; Linear move with extrusion
G1 X3.925 Y7.441 Z0.742 E3981.515 F1000 ; Linear move with extrusion
G1 X3.961 Y7.538 Z0.710 E3982.294 F1000 ; Linear move with extrusion
G1 X3.987 Y7.638 Z0.685 E3983.139 F1000 ; Linear move with extrusion
G1 X4.014 Y7.738 Z0.659 E3984.055 F1000 ; Linear move with extrusion
G1 X4.040 Y7.839 Z0.634 E3984.484 F1000 ; Linear move with extrusion
G1 X4.066 Y7.939 Z0.608 E3984.879 F1000 ; Linear move with extrusion
G1 X4.092 Y8.039 Z0.583 E3985.241 F1000 ; Linear move with extrusion
G1 X4.118 Y8.139 Z0.557 E3985.574 F1000 ; Linear move with extrusion
G1 X3.297 Y7.063 Z1.507 E3986.210 F1000 ; Linear move with extrusion
G1 X3.247 Y6.952 Z1.514 E3986.909 F1000 ; Linear move with extrusion
G1 X3.196 Y6.842 Z1.520 E3987.672 F1000 ; Linear move with extrusion
G1 X3.146 Y6.732 Z1.527 E3988.498 F1000 ; Linear move with extrusion
G1 X3.096 Y6.621 Z1.533 E3989.388 F1000 ; Linear move with extrusion
G1 X3.046 Y6.511 Z1.540 E3990.341 F1000 ; Linear move with extrusion
G1 X2.996 Y6.400 Z1.547 E3991.357 F1000 ; Linear move with extrusion
G1 X2.945 Y6.290 Z1.553 E3992.437 F1000 ; Linear move with extrusion
G1 X2.895 Y6.179 Z1.560 E3993.580 F1000 ; Linear move with extrusion
G1 X2.845 Y6.069 Z1.566 E3994.787 F1000 ; Linear move with extrusion
G1 X2.795 Y5.958 Z1.573 E3996.057 F1000 ; Linear move with extrusion
G1 X2.745 Y5.848 Z1.580 E3997.390 F1000 ; Linear move with extrusion
G1 X2.695 Y5.738 Z1.586 E3998.758 F1000 ; Linear move with extrusion
G1 X3.556 Y6.900 Z0.999 E4000.486 F1000 ; Linear move with extrusion
G1 X3.744 Y7.159 Z1.124 E4002.926 F1000 ; Linear move with extrusion
G1 X3.890 Y7.393 Z1.235 E4005.642 F1000 ; Linear move with extrusion
G1 X3.959 Y7.633 Z1.299 E4008.600 F1000 ; Linear move with extrusion
G1 X4.027 Y7.873 Z1.363 E4011.802 F1000 ; Linear move with extrusion
G1 X4.095 Y8.113 Z1.427 E4012.377 F1000 ; Linear move with extrusion
G1 X3.844 Y8.093 Z1.414 E4012.485 F1000 ; Linear move with extrusion
G1 X3.737 Y7.148 Z0.881 E4014.549 F1000 ; Linear move with extrusion
G1 X4.083 Y8.070 Z0.584 E4017.679 F1000 ; Linear move with extrusion
G1 X3.239 Y5.294 Z1.101 E4018.220 F1000 ; Linear move with extrusion
G1 X3.239 Y5.294 Z0.979 E4018.910 F1000 ; Linear move with extrusion
G1 X3.239 Y5.294 Z0.857 E4019.750 F1000 ; Linear move with extrusion
G1 X3.239 Y5.294 Z0.735 E4020.525 F1000 ; Linear move with extrusion
G1 X3.239 Y5.294 Z0.613 E4020.961 F1000 ; Linear move with extrusion
G1 X3.315 Y7.058 Z1.475 E4021.484 F1000 ; Linear move with extrusion
G1 X3.604 Y6.962 Z0.970 E4021.813 F1000 ; Linear move with extrusion
G1 X3.675 Y7.052 Z0.926 E4022.186 F1000 ; Linear move with extrusion
G1 X3.734 Y7.143 Z0.883 E4022.609 F1000 ; Linear move with extrusion
G1 X3.791 Y7.233 Z0.840 E4023.094 F1000 ; Linear move with extrusion
G1 X3.847 Y7.324 Z0.797 E4023.650 F1000 ; Linear move with extrusion
G1 X3.897 Y7.416 Z0.758 E4024.274 F1000 ; Linear move with extrusion
G1 X3.925 Y7.513 Z0.732 E4024.948 F1000 ; Linear move with extrusion
G1 X3.953 Y7.611 Z0.706 E4025.678 F1000 ; Linear move with extrusion
G1 X3.980 Y7.708 Z0.680 E4026.468 F1000 ; Linear move with extrusion
G1 X4.008 Y7.805 Z0.655 E4026.844 F1000 ; Linear move with extrusion
G1 X4.035 Y7.903 Z0.629 E4027.191 F1000 ; Linear move with extrusion
G1 X4.063 Y8.000 Z0.603 E4027.511 F1000 ; Linear move with extrusion
G1 X4.091 Y8.097 Z0.577 E4027.540 F1000 ; Linear move with extrusion
G1 X3.267 Y6.953 Z1.482 E4028.118 F1000 ; Linear move with extrusion
G1 X3.219 Y6.848 Z1.488 E4028.749 F1000 ; Linear move with extrusion
G1 X3.171 Y6.743 Z1.495 E4029.435 F1000 ; Linear move with extrusion
G1 X3.123 Y6.638 Z1.502 E4030.174 F1000 ; Linear move with extrusion
G1 X3.075 Y6.532 Z1.509 E4030.968 F1000 ; Linear move with extrusion
G1 X3.027 Y6.427 Z1.516 E4031.815 F1000 ; Linear move with extrusion
G1 X2.979 Y6.322 Z1.522 E4032.716 F1000 ; Linear move with extrusion
G1 X2.931 Y6.217 Z1.529 E4033.672 F1000 ; Linear move with extrusion
G1 X2.883 Y6.112 Z1.536 E4034.681 F1000 ; Linear move with extrusion
G1 X2.834 Y6.007 Z1.543 E4035.744 F1000 ; Linear move with extrusion
G1 X2.786 Y5.902 Z1.550 E4036.861 F1000 ; Linear move with extrusion
G1 X2.738 Y5.797 Z1.557 E4038.032 F1000 ; Linear move with extrusion
G1 X2.690 Y5.692 Z1.563 E4039.282 F1000 ; Linear move with extrusion
G1 X2.642 Y5.587 Z1.570 E4040.557 F1000 ; Linear move with extrusion
G1 X2.594 Y5.482 Z1.577 E4041.383 F1000 ; Linear move with extrusion
G1 X2.546 Y5.377 Z1.584 E4041.986 F1000 ; Linear move with extrusion
G1 X2.971 Y6.267 Z1.498 E4042.782 F1000 ; Linear move with extrusion
G1 X3.850 Y7.355 Z0.788 E4044.001 F1000 ; Linear move with extrusion
G1 X3.919 Y7.580 Z0.726 E4045.086 F1000 ; Linear move with extrusion
G1 X3.988 Y7.806 Z0.663 E4046.078 F1000 ; Linear move with extrusion
G1 X4.057 Y8.032 Z0.601 E4047.035 F1000 ; Linear move with extrusion
G1 X3.921 Y8.029 Z0.606 E4047.813 F1000 ; Linear move with extrusion
G1 X2.823 Y5.945 Z1.520 E4048.758 F1000 ; Linear move with extrusion
G1 X2.674 Y5.623 Z1.543 E4049.853 F1000 ; Linear move with extrusion
G1 X2.526 Y5.301 Z1.566 E4050.989 F1000 ; Linear move with extrusion
G1 X3.392 Y6.114 Z1.260 E4052.347 F1000 ; Linear move with extrusion
G1 X3.358 Y5.928 Z1.324 E4053.513 F1000 ; Linear move with extrusion
G1 X3.323 Y5.742 Z1.389 E4054.546 F1000 ; Linear move with extrusion
G1 X3.288 Y5.556 Z1.453 E4055.529 F1000 ; Linear move with extrusion
G1 X3.541 Y6.878 Z0.995 E4057.179 F1000 ; Linear move with extrusion
G1 X3.754 Y7.185 Z0.860 E4059.236 F1000 ; Linear move with extrusion
G1 X3.942 Y7.654 Z0.705 E4061.846 F1000 ; Linear move with extrusion
G1 X3.257 Y5.387 Z0.864 E4062.318 F1000 ; Linear move with extrusion
G1 X3.257 Y5.387 Z0.763 E4062.863 F1000 ; Linear move with extrusion
G1 X3.257 Y5.387 Z0.663 E4063.482 F1000 ; Linear move with extrusion
G1 X3.665 Y7.048 Z1.077 E4065.294 F1000 ; Linear move with extrusion
G1 X3.778 Y7.222 Z1.157 E4067.268 F1000 ; Linear move with extrusion
G1 X3.875 Y7.434 Z1.234 E4069.436 F1000 ; Linear move with extrusion
G1 X3.953 Y7.692 Z1.305 E4069.739 F1000 ; Linear move with extrusion
G1 X4.032 Y7.950 Z1.376 E4070.015 F1000 ; Linear move with extrusion
G1 X2.817 Y5.897 Z1.498 E4071.104 F1000 ; Linear move with extrusion
G1 X2.708 Y5.663 Z1.516 E4072.321 F1000 ; Linear move with extrusion
G1 X2.599 Y5.429 Z1.533 E4073.666 F1000 ; Linear move with extrusion
G1 X3.314 Y5.707 Z1.398 E4074.573 F1000 ; Linear move with extrusion
G1 X3.273 Y5.480 Z1.431 E4074.611 F1000 ; Linear move with extrusion
G1 X3.273 Y5.480 Z1.302 E4074.753 F1000 ; Linear move with extrusion
G1 X3.273 Y5.480 Z1.173 E4074.999 F1000 ; Linear move with extrusion
G1 X3.273 Y5.480 Z1.044 E4075.348 F1000 ; Linear move with extrusion
G1 X3.602 Y6.960 Z1.045 E4075.683 F1000 ; Linear move with extrusion
G1 X3.686 Y7.087 Z1.102 E4076.039 F1000 ; Linear move with extrusion
G1 X3.770 Y7.215 Z1.158 E4076.417 F1000 ; Linear move with extrusion
G1 X3.822 Y7.349 Z1.200 E4076.785 F1000 ; Linear move with extrusion
G1 X3.866 Y7.484 Z1.238 E4077.135 F1000 ; Linear move with extrusion
G1 X3.911 Y7.620 Z1.277 E4077.468 F1000 ; Linear move with extrusion
G1 X3.955 Y7.755 Z1.316 E4077.783 F1000 ; Linear move with extrusion
G1 X3.384 Y7.118 Z1.405 E4078.349 F1000 ; Linear move with extrusion
G1 X3.328 Y6.999 Z1.414 E4079.002 F1000 ; Linear move with extrusion
G1 X3.273 Y6.881 Z1.423 E4079.742 F1000 ; Linear move with extrusion
G1 X3.218 Y6.762 Z1.432 E4080.568 F1000 ; Linear move with extrusion
G1 X3.163 Y6.643 Z1.441 E4081.482 F1000 ; Linear move with extrusion
G1 X3.108 Y6.524 Z1.450 E4082.482 F1000 ; Linear move with extrusion
G1 X3.053 Y6.406 Z1.459 E4083.569 F1000 ; Linear move with extrusion
G1 X2.998 Y6.287 Z1.468 E4084.743 F1000 ; Linear move with extrusion
G1 X2.942 Y6.168 Z1.477 E4085.972 F1000 ; Linear move with extrusion
G1 X2.887 Y6.050 Z1.486 E4087.306 F1000 ; Linear move with extrusion
G1 X3.573 Y6.916 Z0.974 E4087.579 F1000 ; Linear move with extrusion
G1 X3.635 Y7.010 Z0.933 E4087.892 F1000 ; Linear move with extrusion
G1 X3.697 Y7.104 Z0.891 E4088.285 F1000 ; Linear move with extrusion
G1 X3.759 Y7.198 Z0.849 E4088.776 F1000 ; Linear move with extrusion
G1 X3.805 Y7.298 Z0.815 E4089.363 F1000 ; Linear move with extrusion
G1 X3.839 Y7.401 Z0.785 E4090.044 F1000 ; Linear move with extrusion
G1 X3.873 Y7.504 Z0.756 E4090.444 F1000 ; Linear move with extrusion
G1 X3.907 Y7.607 Z0.727 E4090.798 F1000 ; Linear move with extrusion
G1 X3.940 Y7.710 Z0.697 E4091.111 F1000 ; Linear move with extrusion
G1 X3.292 Y6.880 Z1.392 E4092.240 F1000 ; Linear move with extrusion
G1 X3.176 Y6.632 Z1.412 E4093.674 F1000 ; Linear move with extrusion
G1 X3.060 Y6.385 Z1.432 E4095.094 F1000 ; Linear move with extrusion
G1 X2.945 Y6.138 Z1.452 E4096.252 F1000 ; Linear move with extrusion
G1 X2.829 Y5.890 Z1.473 E4097.300 F1000 ; Linear move with extrusion
G1 X2.713 Y5.643 Z1.493 E4097.911 F1000 ; Linear move with extrusion
G1 X2.597 Y5.396 Z1.513 E4098.523 F1000 ; Linear move with extrusion
G1 X3.330 Y5.818 Z1.357 E4098.916 F1000 ; Linear move with extrusion
G1 X3.306 Y5.677 Z1.407 E4099.084 F1000 ; Linear move with extrusion
G1 X3.648 Y7.033 Z0.914 E4099.813 F1000 ; Linear move with extrusion
G1 X3.761 Y7.240 Z0.839 E4100.338 F1000 ; Linear move with extrusion
G1 X3.822 Y7.415 Z0.788 E4100.828 F1000 ; Linear move with extrusion
G1 X3.883 Y7.590 Z0.737 E4101.616 F1000 ; Linear move with extrusion
G1 X3.944 Y7.765 Z0.686 E4102.249 F1000 ; Linear move with extrusion
G1 X3.908 Y7.866 Z0.659 E4102.612 F1000 ; Linear move with extrusion
G1 X2.941 Y6.131 Z1.453 E4103.499 F1000 ; Linear move with extrusion
G1 X3.727 Y7.151 Z0.866 E4103.992 F1000 ; Linear move with extrusion
G1 X3.638 Y7.018 Z1.080 E4104.262 F1000 ; Linear move with extrusion
G1 X3.712 Y7.129 Z1.125 E4104.553 F1000 ; Linear move with extrusion
G1 X3.764 Y7.249 Z1.163 E4104.839 F1000 ; Linear move with extrusion
G1 X3.807 Y7.372 Z1.199 E4105.114 F1000 ; Linear move with extrusion
G1 X3.850 Y7.496 Z1.235 E4105.375 F1000 ; Linear move with extrusion
G1 X2.848 Y5.932 Z1.469 E4106.368 F1000 ; Linear move with extrusion
G1 X2.755 Y5.734 Z1.485 E4107.467 F1000 ; Linear move with extrusion
G1 X2.662 Y5.535 Z1.502 E4108.671 F1000 ; Linear move with extrusion
G1 X3.289 Y5.573 Z1.354 E4108.733 F1000 ; Linear move with extrusion
G1 X3.289 Y5.573 Z1.232 E4108.879 F1000 ; Linear move with extrusion
G1 X3.289 Y5.573 Z1.110 E4109.108 F1000 ; Linear move with extrusion
G1 X3.172 Y6.586 Z1.386 E4109.591 F1000 ; Linear move with extrusion
G1 X3.548 Y6.884 Z0.963 E4109.817 F1000 ; Linear move with extrusion
G1 X3.637 Y7.017 Z0.915 E4110.112 F1000 ; Linear move with extrusion
G1 X3.679 Y7.080 Z0.981 E4110.394 F1000 ; Linear move with extrusion
G1 X3.760 Y7.299 Z0.827 E4110.820 F1000 ; Linear move with extrusion
G1 X3.814 Y7.442 Z0.784 E4111.319 F1000 ; Linear move with extrusion
G1 X3.867 Y7.586 Z0.742 E4111.895 F1000 ; Linear move with extrusion
G1 X3.921 Y7.729 Z0.699 E4112.553 F1000 ; Linear move with extrusion
G1 X3.832 Y7.490 Z1.230 E4112.765 F1000 ; Linear move with extrusion
G1 X3.116 Y6.469 Z1.396 E4113.299 F1000 ; Linear move with extrusion
G1 X3.061 Y6.351 Z1.407 E4113.883 F1000 ; Linear move with extrusion
G1 X3.005 Y6.234 Z1.417 E4114.519 F1000 ; Linear move with extrusion
G1 X2.950 Y6.116 Z1.427 E4115.205 F1000 ; Linear move with extrusion
G1 X2.894 Y5.998 Z1.438 E4115.941 F1000 ; Linear move with extrusion
G1 X2.839 Y5.881 Z1.448 E4116.729 F1000 ; Linear move with extrusion
G1 X2.784 Y5.763 Z1.458 E4117.225 F1000 ; Linear move with extrusion
G1 X2.728 Y5.645 Z1.469 E4117.729 F1000 ; Linear move with extrusion
G1 X3.456 Y7.189 Z1.333 E4118.420 F1000 ; Linear move with extrusion
G1 X3.543 Y6.877 Z0.966 E4118.643 F1000 ; Linear move with extrusion
G1 X3.679 Y7.080 Z0.996 E4118.940 F1000 ; Linear move with extrusion
G1 X3.687 Y7.100 Z0.886 E4119.514 F1000 ; Linear move with extrusion
G1 X3.731 Y7.219 Z0.850 E4120.024 F1000 ; Linear move with extrusion
G1 X3.775 Y7.337 Z0.815 E4120.448 F1000 ; Linear move with extrusion
G1 X3.818 Y7.455 Z0.780 E4120.790 F1000 ; Linear move with extrusion
G1 X3.387 Y7.042 Z1.346 E4121.677 F1000 ; Linear move with extrusion
G1 X3.317 Y6.895 Z1.359 E4122.760 F1000 ; Linear move with extrusion
G1 X3.248 Y6.748 Z1.372 E4124.039 F1000 ; Linear move with extrusion
G1 X3.179 Y6.602 Z1.385 E4125.464 F1000 ; Linear move with extrusion
G1 X3.110 Y6.455 Z1.398 E4126.779 F1000 ; Linear move with extrusion
G1 X3.041 Y6.308 Z1.410 E4127.817 F1000 ; Linear move with extrusion
G1 X3.241 Y6.697 Z1.346 E4128.206 F1000 ; Linear move with extrusion
G1 X3.523 Y6.846 Z0.971 E4128.409 F1000 ; Linear move with extrusion
G1 X3.597 Y6.956 Z0.933 E4128.657 F1000 ; Linear move with extrusion
G1 X3.626 Y7.000 Z1.052 E4128.884 F1000 ; Linear move with extrusion
G1 X3.710 Y7.214 Z0.854 E4129.233 F1000 ; Linear move with extrusion
G1 X3.762 Y7.347 Z0.814 E4129.646 F1000 ; Linear move with extrusion
G1 X3.815 Y7.481 Z0.774 E4130.128 F1000 ; Linear move with extrusion
G1 X3.867 Y7.614 Z0.735 E4130.684 F1000 ; Linear move with extrusion
G1 X3.813 Y7.477 Z1.224 E4130.874 F1000 ; Linear move with extrusion
G1 X3.852 Y7.575 Z1.254 E4130.937 F1000 ; Linear move with extrusion
G1 X3.890 Y7.673 Z1.283 E4130.958 F1000 ; Linear move with extrusion
G1 X3.188 Y6.585 Z1.357 E4131.394 F1000 ; Linear move with extrusion
G1 X3.135 Y6.473 Z1.367 E4131.878 F1000 ; Linear move with extrusion
G1 X3.082 Y6.361 Z1.378 E4132.409 F1000 ; Linear move with extrusion
G1 X3.028 Y6.249 Z1.388 E4132.988 F1000 ; Linear move with extrusion
G1 X2.975 Y6.137 Z1.399 E4133.614 F1000 ; Linear move with extrusion
G1 X2.922 Y6.025 Z1.409 E4134.076 F1000 ; Linear move with extrusion
G1 X2.869 Y5.913 Z1.420 E4134.510 F1000 ; Linear move with extrusion
G1 X2.816 Y5.801 Z1.430 E4134.956 F1000 ; Linear move with extrusion
G1 X2.762 Y5.690 Z1.441 E4135.937 F1000 ; Linear move with extrusion
G1 X2.709 Y5.578 Z1.452 E4136.917 F1000 ; Linear move with extrusion
G1 X3.464 Y7.166 Z1.302 E4137.622 F1000 ; Linear move with extrusion
G1 X3.626 Y7.000 Z1.063 E4137.882 F1000 ; Linear move with extrusion
G1 X3.626 Y7.000 Z0.940 E4138.265 F1000 ; Linear move with extrusion
G1 X3.665 Y7.100 Z0.889 E4138.815 F1000 ; Linear move with extrusion
G1 X3.713 Y7.222 Z0.852 E4139.266 F1000 ; Linear move with extrusion
G1 X3.761 Y7.344 Z0.815 E4139.619 F1000 ; Linear move with extrusion
G1 X3.391 Y7.013 Z1.316 E4140.565 F1000 ; Linear move with extrusion
G1 X3.319 Y6.860 Z1.331 E4141.753 F1000 ; Linear move with extrusion
G1 X3.246 Y6.706 Z1.345 E4143.121 F1000 ; Linear move with extrusion
G1 X3.173 Y6.553 Z1.359 E4144.422 F1000 ; Linear move with extrusion
G1 X3.100 Y6.400 Z1.374 E4145.438 F1000 ; Linear move with extrusion
G1 X3.586 Y6.952 Z0.934 E4146.725 F1000 ; Linear move with extrusion
G1 X3.578 Y6.934 Z1.061 E4147.941 F1000 ; Linear move with extrusion
G1 X3.699 Y7.224 Z1.148 E4149.422 F1000 ; Linear move with extrusion
G1 X3.819 Y7.513 Z1.235 E4151.168 F1000 ; Linear move with extrusion
G1 X3.848 Y7.622 Z0.733 E4153.233 F1000 ; Linear move with extrusion
G1 X3.330 Y5.851 Z0.682 E4153.665 F1000 ; Linear move with extrusion
G1 X3.202 Y5.796 Z0.641 E4153.665 F1000 ; Linear move with extrusion
G1 X3.046 Y5.729 Z0.618 E4153.665 F1000 ; Linear move with extrusion
G1 X2.890 Y5.662 Z0.596 E4153.665 F1000 ; Linear move with extrusion
G1 X3.243 Y6.664 Z1.319 E4154.031 F1000 ; Linear move with extrusion
G1 X3.509 Y6.825 Z0.973 E4154.223 F1000 ; Linear move with extrusion
G1 X3.572 Y6.920 Z1.011 E4154.432 F1000 ; Linear move with extrusion
G1 X3.622 Y7.039 Z0.908 E4154.694 F1000 ; Linear move with extrusion
G1 X3.666 Y7.146 Z0.876 E4154.997 F1000 ; Linear move with extrusion
G1 X3.711 Y7.253 Z0.843 E4155.350 F1000 ; Linear move with extrusion
G1 X3.755 Y7.360 Z0.811 E4155.758 F1000 ; Linear move with extrusion
G1 X3.799 Y7.467 Z0.779 E4156.223 F1000 ; Linear move with extrusion
G1 X3.844 Y7.573 Z0.747 E4156.747 F1000 ; Linear move with extrusion
G1 X3.850 Y7.588 Z1.257 E4156.766 F1000 ; Linear move with extrusion
G1 X3.193 Y6.561 Z1.329 E4157.175 F1000 ; Linear move with extrusion
G1 X3.144 Y6.458 Z1.340 E4157.629 F1000 ; Linear move with extrusion
G1 X3.094 Y6.354 Z1.350 E4158.126 F1000 ; Linear move with extrusion
G1 X3.045 Y6.251 Z1.361 E4158.668 F1000 ; Linear move with extrusion
G1 X2.995 Y6.148 Z1.371 E4159.254 F1000 ; Linear move with extrusion
G1 X2.946 Y6.045 Z1.382 E4159.883 F1000 ; Linear move with extrusion
G1 X2.896 Y5.941 Z1.392 E4160.557 F1000 ; Linear move with extrusion
G1 X2.847 Y5.838 Z1.403 E4161.042 F1000 ; Linear move with extrusion
G1 X2.797 Y5.735 Z1.413 E4161.509 F1000 ; Linear move with extrusion
G1 X2.748 Y5.632 Z1.424 E4162.401 F1000 ; Linear move with extrusion
G1 X2.910 Y5.671 Z0.599 E4162.401 F1000 ; Linear move with extrusion
G1 X3.115 Y6.367 Z1.321 E4162.944 F1000 ; Linear move with extrusion
G1 X3.519 Y6.838 Z1.005 E4163.116 F1000 ; Linear move with extrusion
G1 X3.637 Y7.110 Z0.885 E4163.443 F1000 ; Linear move with extrusion
G1 X3.730 Y7.321 Z0.822 E4163.906 F1000 ; Linear move with extrusion
G1 X3.822 Y7.533 Z0.759 E4164.512 F1000 ; Linear move with extrusion
G1 X3.700 Y7.254 Z1.158 E4164.662 F1000 ; Linear move with extrusion
G1 X3.037 Y6.204 Z1.339 E4165.289 F1000 ; Linear move with extrusion
G1 X2.958 Y6.041 Z1.357 E4165.999 F1000 ; Linear move with extrusion
G1 X2.879 Y5.878 Z1.375 E4166.468 F1000 ; Linear move with extrusion
G1 X2.800 Y5.714 Z1.393 E4166.999 F1000 ; Linear move with extrusion
G1 X3.342 Y5.943 Z1.022 E4167.196 F1000 ; Linear move with extrusion
G1 X3.392 Y6.939 Z1.258 E4167.660 F1000 ; Linear move with extrusion
G1 X3.519 Y6.838 Z1.002 E4167.835 F1000 ; Linear move with extrusion
G1 X3.554 Y6.919 Z0.942 E4168.045 F1000 ; Linear move with extrusion
G1 X3.601 Y7.026 Z0.910 E4168.365 F1000 ; Linear move with extrusion
G1 X3.647 Y7.133 Z0.878 E4168.646 F1000 ; Linear move with extrusion
G1 X3.694 Y7.239 Z0.846 E4168.867 F1000 ; Linear move with extrusion
G1 X3.332 Y6.816 Z1.272 E4169.448 F1000 ; Linear move with extrusion
G1 X3.273 Y6.692 Z1.285 E4170.148 F1000 ; Linear move with extrusion
G1 X3.213 Y6.568 Z1.299 E4170.966 F1000 ; Linear move with extrusion
G1 X3.153 Y6.445 Z1.313 E4171.855 F1000 ; Linear move with extrusion
G1 X3.093 Y6.321 Z1.326 E4172.823 F1000 ; Linear move with extrusion
G1 X3.219 Y6.549 Z1.272 E4173.200 F1000 ; Linear move with extrusion
G1 X3.156 Y6.419 Z1.287 E4173.638 F1000 ; Linear move with extrusion
G1 X3.092 Y6.290 Z1.302 E4174.139 F1000 ; Linear move with extrusion
G1 X3.029 Y6.160 Z1.318 E4174.478 F1000 ; Linear move with extrusion
G1 X2.966 Y6.031 Z1.333 E4174.826 F1000 ; Linear move with extrusion
G1 X2.903 Y5.901 Z1.348 E4175.228 F1000 ; Linear move with extrusion
G1 X3.494 Y6.819 Z0.968 E4175.366 F1000 ; Linear move with extrusion
G1 X3.564 Y6.973 Z0.923 E4175.561 F1000 ; Linear move with extrusion
G1 X3.635 Y7.128 Z0.877 E4175.839 F1000 ; Linear move with extrusion
G1 X3.706 Y7.282 Z0.832 E4176.210 F1000 ; Linear move with extrusion
G1 X3.777 Y7.437 Z0.787 E4176.678 F1000 ; Linear move with extrusion
G1 X3.395 Y6.909 Z1.229 E4177.122 F1000 ; Linear move with extrusion
G1 X3.333 Y6.783 Z1.244 E4177.698 F1000 ; Linear move with extrusion
G1 X3.272 Y6.657 Z1.259 E4178.406 F1000 ; Linear move with extrusion
G1 X3.210 Y6.531 Z1.274 E4179.198 F1000 ; Linear move with extrusion
G1 X3.149 Y6.405 Z1.289 E4180.167 F1000 ; Linear move with extrusion
G1 X3.087 Y6.279 Z1.304 E4180.755 F1000 ; Linear move with extrusion
G1 X3.484 Y6.797 Z0.974 E4180.891 F1000 ; Linear move with extrusion
G1 X3.534 Y6.906 Z0.942 E4181.095 F1000 ; Linear move with extrusion
G1 X3.584 Y7.015 Z0.910 E4181.435 F1000 ; Linear move with extrusion
G1 X3.634 Y7.124 Z0.878 E4181.655 F1000 ; Linear move with extrusion
G1 X3.683 Y7.233 Z0.846 E4181.817 F1000 ; Linear move with extrusion
G1 X3.337 Y6.757 Z1.215 E4182.048 F1000 ; Linear move with extrusion
G1 X3.455 Y6.763 Z1.023 E4182.162 F1000 ; Linear move with extrusion
G1 X3.504 Y6.864 Z1.052 E4182.275 F1000 ; Linear move with extrusion
G1 X3.552 Y6.965 Z1.080 E4182.386 F1000 ; Linear move with extrusion
G1 X3.600 Y7.067 Z1.109 E4182.496 F1000 ; Linear move with extrusion
G1 X3.648 Y7.168 Z1.137 E4182.846 F1000 ; Linear move with extrusion
G1 X3.696 Y7.269 Z1.166 E4183.217 F1000 ; Linear move with extrusion
G1 X3.744 Y7.370 Z1.195 E4183.607 F1000 ; Linear move with extrusion
G1 X3.288 Y6.658 Z1.228 E4183.886 F1000 ; Linear move with extrusion
G1 X3.239 Y6.559 Z1.241 E4184.212 F1000 ; Linear move with extrusion
G1 X3.190 Y6.460 Z1.254 E4184.585 F1000 ; Linear move with extrusion
G1 X3.142 Y6.361 Z1.266 E4185.178 F1000 ; Linear move with extrusion
G1 X3.093 Y6.262 Z1.279 E4185.770 F1000 ; Linear move with extrusion
G1 X3.044 Y6.163 Z1.292 E4186.369 F1000 ; Linear move with extrusion
G1 X2.995 Y6.064 Z1.305 E4186.981 F1000 ; Linear move with extrusion
G1 X2.946 Y5.965 Z1.317 E4187.615 F1000 ; Linear move with extrusion
G1 X2.897 Y5.866 Z1.330 E4188.276 F1000 ; Linear move with extrusion
G1 X3.418 Y6.684 Z0.999 E4188.983 F1000 ; Linear move with extrusion
G1 X3.604 Y7.075 Z0.889 E4190.202 F1000 ; Linear move with extrusion
G1 X3.361 Y6.128 Z0.814 E4190.610 F1000 ; Linear move with extrusion
G1 X3.122 Y5.981 Z0.718 E4190.610 F1000 ; Linear move with extrusion
G1 X3.570 Y7.003 Z1.091 E4191.593 F1000 ; Linear move with extrusion
G1 X3.723 Y7.326 Z1.182 E4192.855 F1000 ; Linear move with extrusion
G1 X2.939 Y5.950 Z1.319 E4192.983 F1000 ; Linear move with extrusion
G1 X3.158 Y6.367 Z1.238 E4193.462 F1000 ; Linear move with extrusion
G1 X3.053 Y6.157 Z1.268 E4193.768 F1000 ; Linear move with extrusion
G1 X2.949 Y5.948 Z1.297 E4194.205 F1000 ; Linear move with extrusion
G1 X3.369 Y6.219 Z0.883 E4194.440 F1000 ; Linear move with extrusion
G1 X3.460 Y6.778 Z1.031 E4194.530 F1000 ; Linear move with extrusion
G1 X3.518 Y6.899 Z1.065 E4194.616 F1000 ; Linear move with extrusion
G1 X3.576 Y7.021 Z1.098 E4194.699 F1000 ; Linear move with extrusion
G1 X3.350 Y6.751 Z1.184 E4194.975 F1000 ; Linear move with extrusion
G1 X3.298 Y6.646 Z1.199 E4195.324 F1000 ; Linear move with extrusion
G1 X3.245 Y6.541 Z1.214 E4195.746 F1000 ; Linear move with extrusion
G1 X3.193 Y6.436 Z1.229 E4196.250 F1000 ; Linear move with extrusion
G1 X3.140 Y6.331 Z1.243 E4196.801 F1000 ; Linear move with extrusion
G1 X3.087 Y6.225 Z1.258 E4197.438 F1000 ; Linear move with extrusion
G1 X3.035 Y6.120 Z1.273 E4197.891 F1000 ; Linear move with extrusion
G1 X3.463 Y6.785 Z1.033 E4198.005 F1000 ; Linear move with extrusion
G1 X3.527 Y6.917 Z1.070 E4198.110 F1000 ; Linear move with extrusion
G1 X3.590 Y7.049 Z1.106 E4198.206 F1000 ; Linear move with extrusion
G1 X3.654 Y7.181 Z1.143 E4198.570 F1000 ; Linear move with extrusion
G1 X3.638 Y7.149 Z0.866 E4198.635 F1000 ; Linear move with extrusion
G1 X3.686 Y7.248 Z0.839 E4198.653 F1000 ; Linear move with extrusion
G1 X3.376 Y6.771 Z1.148 E4198.903 F1000 ; Linear move with extrusion
G1 X3.465 Y6.793 Z1.038 E4198.988 F1000 ; Linear move with extrusion
G1 X3.536 Y6.941 Z1.078 E4199.061 F1000 ; Linear move with extrusion
G1 X3.608 Y7.088 Z1.118 E4199.391 F1000 ; Linear move with extrusion
G1 X3.586 Y7.042 Z0.895 E4199.474 F1000 ; Linear move with extrusion
G1 X3.323 Y6.666 Z1.165 E4199.818 F1000 ; Linear move with extrusion
G1 X3.269 Y6.560 Z1.181 E4200.276 F1000 ; Linear move with extrusion
G1 X3.216 Y6.454 Z1.198 E4200.806 F1000 ; Linear move with extrusion
G1 X3.162 Y6.349 Z1.214 E4201.431 F1000 ; Linear move with extrusion
G1 X3.184 Y6.392 Z1.207 E4201.832 F1000 ; Linear move with extrusion
G1 X3.084 Y6.195 Z1.238 E4202.154 F1000 ; Linear move with extrusion
G1 X2.985 Y5.999 Z1.269 E4202.602 F1000 ; Linear move with extrusion
G1 X3.375 Y6.311 Z0.887 E4202.822 F1000 ; Linear move with extrusion
G1 X3.453 Y6.768 Z1.031 E4202.895 F1000 ; Linear move with extrusion
G1 X3.511 Y6.887 Z1.063 E4202.965 F1000 ; Linear move with extrusion
G1 X3.568 Y7.006 Z1.096 E4203.035 F1000 ; Linear move with extrusion
G1 X3.536 Y7.015 Z1.096 E4204.108 F1000 ; Linear move with extrusion
G1 X3.489 Y6.846 Z0.947 E4204.241 F1000 ; Linear move with extrusion
G1 X3.588 Y7.049 Z0.892 E4204.337 F1000 ; Linear move with extrusion
G1 X3.384 Y6.755 Z1.117 E4205.134 F1000 ; Linear move with extrusion
G1 X3.263 Y6.521 Z1.158 E4205.657 F1000 ; Linear move with extrusion
G1 X3.326 Y6.643 Z1.137 E4205.827 F1000 ; Linear move with extrusion
G1 X3.274 Y6.542 Z1.154 E4206.050 F1000 ; Linear move with extrusion
G1 X3.222 Y6.442 Z1.172 E4206.327 F1000 ; Linear move with extrusion
G1 X3.171 Y6.342 Z1.189 E4206.680 F1000 ; Linear move with extrusion
G1 X3.119 Y6.242 Z1.207 E4207.069 F1000 ; Linear move with extrusion
G1 X3.068 Y6.142 Z1.224 E4207.505 F1000 ; Linear move with extrusion
G1 X3.438 Y6.743 Z1.026 E4207.570 F1000 ; Linear move with extrusion
G1 X3.487 Y6.843 Z1.052 E4207.630 F1000 ; Linear move with extrusion
G1 X3.536 Y6.943 Z1.079 E4207.686 F1000 ; Linear move with extrusion
G1 X3.585 Y7.043 Z1.106 E4207.923 F1000 ; Linear move with extrusion
G1 X3.320 Y6.604 Z1.111 E4208.078 F1000 ; Linear move with extrusion
G1 X3.230 Y6.434 Z1.146 E4208.341 F1000 ; Linear move with extrusion
G1 X3.140 Y6.264 Z1.181 E4208.691 F1000 ; Linear move with extrusion
G1 X3.215 Y6.305 Z0.857 E4208.691 F1000 ; Linear move with extrusion
G1 X3.445 Y6.760 Z1.031 E4208.740 F1000 ; Linear move with extrusion
G1 X3.506 Y6.883 Z1.064 E4208.961 F1000 ; Linear move with extrusion
G1 X3.567 Y7.007 Z1.097 E4208.968 F1000 ; Linear move with extrusion
G1 X3.364 Y6.688 Z1.094 E4209.115 F1000 ; Linear move with extrusion
G1 X3.311 Y6.586 Z1.115 E4209.333 F1000 ; Linear move with extrusion
G1 X3.257 Y6.484 Z1.136 E4209.626 F1000 ; Linear move with extrusion
G1 X3.203 Y6.382 Z1.157 E4210.013 F1000 ; Linear move with extrusion
G1 X3.149 Y6.281 Z1.177 E4210.296 F1000 ; Linear move with extrusion
G1 X3.449 Y6.769 Z1.033 E4210.345 F1000 ; Linear move with extrusion
G1 X3.514 Y6.899 Z1.068 E4210.512 F1000 ; Linear move with extrusion
G1 X3.532 Y6.936 Z0.922 E4210.554 F1000 ; Linear move with extrusion
G1 X3.412 Y6.700 Z1.016 E4210.898 F1000 ; Linear move with extrusion
G1 X3.170 Y6.304 Z1.152 E4211.270 F1000 ; Linear move with extrusion
G1 X3.332 Y6.515 Z0.946 E4211.270 F1000 ; Linear move with extrusion
G1 X3.458 Y6.790 Z1.040 E4211.490 F1000 ; Linear move with extrusion
G1 X3.362 Y6.630 Z1.031 E4211.526 F1000 ; Linear move with extrusion
G1 X3.420 Y6.722 Z1.022 E4211.621 F1000 ; Linear move with extrusion
G1 X3.469 Y6.817 Z1.047 E4211.727 F1000 ; Linear move with extrusion
G1 X3.305 Y6.531 Z1.064 E4211.833 F1000 ; Linear move with extrusion
G1 X3.248 Y6.432 Z1.097 E4212.009 F1000 ; Linear move with extrusion
G1 X3.191 Y6.333 Z1.130 E4212.256 F1000 ; Linear move with extrusion
G1 X3.448 Y6.776 Z1.036 E4212.800 F1000 ; Linear move with extrusion
G1 X3.479 Y6.836 Z0.948 E4212.863 F1000 ; Linear move with extrusion
G1 X3.290 Y6.506 Z1.072 E4213.087 F1000 ; Linear move with extrusion
G1 X3.396 Y6.687 Z1.047 E4213.202 F1000 ; Linear move with extrusion
G1 X3.321 Y6.555 Z1.071 E4213.417 F1000 ; Linear move with extrusion
G1 X3.430 Y6.745 Z0.971 E4213.417 F1000 ; Linear move with extrusion
G1 X3.337 Y6.584 Z1.066 E4213.500 F1000 ; Linear move with extrusion
G1 X3.416 Y6.719 Z1.023 E4213.561 F1000 ; Linear move with extrusion
G1 X3.265 Y6.460 Z1.089 E4213.716 F1000 ; Linear move with extrusion
G1 X3.253 Y6.437 Z0.917 E4213.716 F1000 ; Linear move with extrusion
G1 X3.341 Y6.588 Z1.036 E4213.764 F1000 ; Linear move with extrusion
G1 X3.307 Y6.529 Z0.959 E4213.764 F1000 ; Linear move with extrusion
G1 X3.370 Y6.637 Z1.023 E4213.819 F1000 ; Linear move with extrusion
G1 X9.217 Y0.047 Z2.000 E4217.683 F1000 ; Linear move with extrusion
G1 X9.130 Y0.264 Z2.000 E4221.301 F1000 ; Linear move with extrusion
G1 X9.043 Y0.481 Z2.000 E4224.674 F1000 ; Linear move with extrusion
G1 X8.956 Y0.698 Z2.000 E4227.806 F1000 ; Linear move with extrusion
G1 X8.869 Y0.915 Z2.000 E4230.701 F1000 ; Linear move with extrusion
G1 X8.781 Y1.132 Z2.000 E4233.362 F1000 ; Linear move with extrusion
G1 X8.694 Y1.349 Z2.000 E4235.796 F1000 ; Linear move with extrusion
G1 X8.607 Y1.566 Z2.000 E4238.010 F1000 ; Linear move with extrusion
G1 X8.520 Y1.783 Z2.000 E4240.014 F1000 ; Linear move with extrusion
G1 X8.433 Y2.000 Z2.000 E4241.822 F1000 ; Linear move with extrusion
G1 X8.346 Y2.217 Z2.000 E4243.452 F1000 ; Linear move with extrusion
G1 X8.259 Y2.434 Z2.000 E4244.931 F1000 ; Linear move with extrusion
G1 X9.236 Y0.000 Z1.908 E4248.848 F1000 ; Linear move with extrusion
G1 X9.236 Y0.000 Z1.790 E4250.217 F1000 ; Linear move with extrusion
G1 X9.236 Y0.000 Z1.673 E4252.027 F1000 ; Linear move with extrusion
G1 X9.236 Y0.000 Z1.555 E4254.478 F1000 ; Linear move with extrusion
G1 X9.236 Y0.000 Z1.438 E4257.651 F1000 ; Linear move with extrusion
G1 X9.236 Y0.000 Z1.320 E4261.564 F1000 ; Linear move with extrusion
G1 X9.236 Y0.000 Z1.202 E4265.232 F1000 ; Linear move with extrusion
G1 X9.236 Y0.000 Z1.085 E4268.657 F1000 ; Linear move with extrusion
G1 X9.236 Y0.000 Z0.967 E4271.843 F1000 ; Linear move with extrusion
G1 X9.236 Y0.000 Z0.850 E4274.793 F1000 ; Linear move with extrusion
G1 X9.236 Y0.000 Z0.732 E4277.512 F1000 ; Linear move with extrusion
G1 X8.159 Y2.682 Z2.000 E4279.986 F1000 ; Linear move with extrusion
G1 X8.112 Y2.799 Z2.000 E4282.460 F1000 ; Linear move with extrusion
G1 X8.065 Y2.916 Z2.000 E4284.933 F1000 ; Linear move with extrusion
G1 X8.018 Y3.032 Z2.000 E4287.406 F1000 ; Linear move with extrusion
G1 X7.971 Y3.149 Z2.000 E4289.879 F1000 ; Linear move with extrusion
G1 X7.924 Y3.266 Z2.000 E4292.351 F1000 ; Linear move with extrusion
G1 X7.877 Y3.382 Z2.000 E4294.823 F1000 ; Linear move with extrusion
G1 X7.831 Y3.499 Z2.000 E4297.294 F1000 ; Linear move with extrusion
G1 X7.784 Y3.616 Z2.000 E4299.765 F1000 ; Linear move with extrusion
G1 X7.737 Y3.732 Z2.000 E4302.235 F1000 ; Linear move with extrusion
G1 X7.706 Y3.809 Z1.933 E4304.637 F1000 ; Linear move with extrusion
G1 X7.706 Y3.809 Z1.739 E4306.846 F1000 ; Linear move with extrusion
G1 X7.706 Y3.809 Z1.545 E4308.852 F1000 ; Linear move with extrusion
G1 X7.706 Y3.809 Z1.351 E4310.658 F1000 ; Linear move with extrusion
G1 X7.706 Y3.809 Z1.156 E4312.270 F1000 ; Linear move with extrusion
G1 X7.706 Y3.809 Z0.962 E4313.698 F1000 ; Linear move with extrusion
G1 X7.706 Y3.809 Z0.768 E4314.955 F1000 ; Linear move with extrusion
G1 X7.706 Y3.809 Z0.574 E4316.063 F1000 ; Linear move with extrusion
G1 X7.706 Y3.809 Z0.380 E4317.050 F1000 ; Linear move with extrusion
G1 X7.706 Y3.809 Z0.186 E4317.959 F1000 ; Linear move with extrusion
G1 X8.205 Y2.566 Z2.000 E4320.433 F1000 ; Linear move with extrusion
G1 X8.252 Y2.449 Z2.000 E4322.909 F1000 ; Linear move with extrusion
G1 X8.299 Y2.332 Z2.000 E4325.384 F1000 ; Linear move with extrusion
G1 X8.346 Y2.216 Z2.000 E4327.860 F1000 ; Linear move with extrusion
G1 X8.393 Y2.099 Z2.000 E4330.336 F1000 ; Linear move with extrusion
G1 X8.440 Y1.982 Z2.000 E4332.813 F1000 ; Linear move with extrusion
G1 X8.487 Y1.866 Z2.000 E4335.290 F1000 ; Linear move with extrusion
G1 X8.534 Y1.749 Z2.000 E4337.768 F1000 ; Linear move with extrusion
G1 X8.580 Y1.632 Z2.000 E4340.246 F1000 ; Linear move with extrusion
G1 X8.627 Y1.516 Z2.000 E4342.725 F1000 ; Linear move with extrusion
G1 X8.674 Y1.399 Z2.000 E4345.204 F1000 ; Linear move with extrusion
G1 X8.721 Y1.282 Z2.000 E4347.683 F1000 ; Linear move with extrusion
G1 X8.768 Y1.166 Z2.000 E4349.039 F1000 ; Linear move with extrusion
G1 X8.815 Y1.049 Z2.000 E4350.375 F1000 ; Linear move with extrusion
G1 X8.862 Y0.932 Z2.000 E4351.695 F1000 ; Linear move with extrusion
G1 X8.908 Y0.816 Z2.000 E4353.003 F1000 ; Linear move with extrusion
G1 X8.955 Y0.699 Z2.000 E4354.301 F1000 ; Linear move with extrusion
G1 X9.002 Y0.583 Z2.000 E4355.594 F1000 ; Linear move with extrusion
G1 X9.049 Y0.466 Z2.000 E4356.885 F1000 ; Linear move with extrusion
G1 X9.107 Y0.257 Z1.963 E4360.352 F1000 ; Linear move with extrusion
G1 X9.018 Y0.478 Z1.962 E4363.547 F1000 ; Linear move with extrusion
G1 X8.928 Y0.700 Z1.962 E4366.482 F1000 ; Linear move with extrusion
G1 X8.838 Y0.922 Z1.961 E4369.171 F1000 ; Linear move with extrusion
G1 X8.749 Y1.143 Z1.960 E4371.630 F1000 ; Linear move with extrusion
G1 X8.659 Y1.365 Z1.959 E4374.399 F1000 ; Linear move with extrusion
G1 X8.570 Y1.586 Z1.958 E4376.968 F1000 ; Linear move with extrusion
G1 X8.480 Y1.808 Z1.957 E4379.338 F1000 ; Linear move with extrusion
G1 X8.390 Y2.030 Z1.956 E4381.514 F1000 ; Linear move with extrusion
G1 X8.301 Y2.251 Z1.956 E4383.501 F1000 ; Linear move with extrusion
G1 X8.211 Y2.473 Z1.955 E4385.306 F1000 ; Linear move with extrusion
G1 X8.122 Y2.694 Z1.954 E4386.285 F1000 ; Linear move with extrusion
G1 X8.032 Y2.916 Z1.953 E4387.054 F1000 ; Linear move with extrusion
G1 X7.942 Y3.138 Z1.952 E4387.611 F1000 ; Linear move with extrusion
G1 X7.853 Y3.359 Z1.951 E4387.958 F1000 ; Linear move with extrusion
G1 X7.763 Y3.581 Z1.950 E4388.093 F1000 ; Linear move with extrusion
G1 X9.181 Y0.075 Z1.925 E4391.787 F1000 ; Linear move with extrusion
G1 X9.181 Y0.075 Z1.708 E4395.481 F1000 ; Linear move with extrusion
G1 X9.181 Y0.075 Z1.492 E4399.176 F1000 ; Linear move with extrusion
G1 X9.181 Y0.075 Z1.276 E4402.870 F1000 ; Linear move with extrusion
G1 X9.181 Y0.075 Z1.059 E4406.408 F1000 ; Linear move with extrusion
G1 X9.181 Y0.075 Z0.843 E4409.684 F1000 ; Linear move with extrusion
G1 X9.181 Y0.075 Z0.626 E4412.708 F1000 ; Linear move with extrusion
G1 X9.181 Y0.075 Z0.410 E4415.492 F1000 ; Linear move with extrusion
G1 X9.181 Y0.075 Z0.194 E4418.053 F1000 ; Linear move with extrusion
G1 X7.905 Y0.090 Z1.520 E4420.195 F1000 ; Linear move with extrusion
G1 X7.905 Y0.090 Z1.304 E4422.023 F1000 ; Linear move with extrusion
G1 X7.905 Y0.090 Z1.087 E4423.537 F1000 ; Linear move with extrusion
G1 X7.905 Y0.090 Z0.871 E4424.738 F1000 ; Linear move with extrusion
G1 X7.905 Y0.090 Z0.654 E4425.624 F1000 ; Linear move with extrusion
G1 X7.905 Y0.090 Z0.438 E4426.197 F1000 ; Linear move with extrusion
G1 X7.905 Y0.090 Z0.222 E4426.456 F1000 ; Linear move with extrusion
G1 X7.806 Y3.476 Z1.951 E4429.851 F1000 ; Linear move with extrusion
G1 X7.734 Y3.653 Z1.950 E4433.242 F1000 ; Linear move with extrusion
G1 X7.706 Y3.722 Z1.876 E4436.500 F1000 ; Linear move with extrusion
G1 X7.706 Y3.722 Z1.756 E4439.545 F1000 ; Linear move with extrusion
G1 X7.706 Y3.722 Z1.635 E4442.379 F1000 ; Linear move with extrusion
G1 X7.706 Y3.722 Z1.514 E4445.005 F1000 ; Linear move with extrusion
G1 X7.706 Y3.722 Z1.393 E4447.427 F1000 ; Linear move with extrusion
G1 X7.706 Y3.722 Z1.272 E4449.649 F1000 ; Linear move with extrusion
G1 X7.706 Y3.722 Z1.152 E4451.679 F1000 ; Linear move with extrusion
G1 X7.706 Y3.722 Z1.031 E4453.524 F1000 ; Linear move with extrusion
G1 X7.706 Y3.722 Z0.910 E4455.196 F1000 ; Linear move with extrusion
G1 X7.706 Y3.722 Z0.789 E4456.709 F1000 ; Linear move with extrusion
G1 X7.877 Y3.298 Z1.952 E4460.108 F1000 ; Linear move with extrusion
G1 X7.949 Y3.121 Z1.952 E4463.511 F1000 ; Linear move with extrusion
G1 X8.021 Y2.944 Z1.953 E4466.918 F1000 ; Linear move with extrusion
G1 X8.092 Y2.767 Z1.954 E4468.711 F1000 ; Linear move with extrusion
G1 X8.164 Y2.589 Z1.954 E4470.420 F1000 ; Linear move with extrusion
G1 X8.236 Y2.412 Z1.955 E4472.049 F1000 ; Linear move with extrusion
G1 X8.307 Y2.235 Z1.956 E4473.601 F1000 ; Linear move with extrusion
G1 X8.379 Y2.057 Z1.956 E4475.083 F1000 ; Linear move with extrusion
G1 X8.451 Y1.880 Z1.957 E4476.500 F1000 ; Linear move with extrusion
G1 X8.523 Y1.703 Z1.958 E4477.859 F1000 ; Linear move with extrusion
G1 X8.594 Y1.525 Z1.958 E4479.167 F1000 ; Linear move with extrusion
G1 X9.125 Y0.150 Z1.610 E4482.273 F1000 ; Linear move with extrusion
G1 X9.125 Y0.150 Z1.759 E4485.205 F1000 ; Linear move with extrusion
G1 X8.812 Y0.919 Z1.922 E4487.349 F1000 ; Linear move with extrusion
G1 X7.492 Y3.640 Z1.902 E4489.604 F1000 ; Linear move with extrusion
G1 X7.346 Y3.642 Z1.904 E4491.981 F1000 ; Linear move with extrusion
G1 X7.200 Y3.645 Z1.905 E4494.518 F1000 ; Linear move with extrusion
G1 X7.054 Y3.648 Z1.907 E4497.244 F1000 ; Linear move with extrusion
G1 X6.908 Y3.650 Z1.908 E4500.184 F1000 ; Linear move with extrusion
G1 X6.920 Y3.235 Z1.891 E4502.914 F1000 ; Linear move with extrusion
G1 X6.936 Y2.810 Z1.873 E4505.433 F1000 ; Linear move with extrusion
G1 X7.947 Y0.179 Z1.914 E4505.548 F1000 ; Linear move with extrusion
G1 X9.125 Y0.150 Z1.461 E4508.834 F1000 ; Linear move with extrusion
G1 X9.125 Y0.150 Z1.312 E4510.765 F1000 ; Linear move with extrusion
G1 X9.125 Y0.150 Z1.163 E4514.440 F1000 ; Linear move with extrusion
G1 X9.125 Y0.150 Z1.014 E4518.352 F1000 ; Linear move with extrusion
G1 X9.125 Y0.150 Z0.865 E4522.520 F1000 ; Linear move with extrusion
G1 X9.125 Y0.150 Z0.716 E4526.061 F1000 ; Linear move with extrusion
G1 X9.125 Y0.150 Z0.567 E4529.631 F1000 ; Linear move with extrusion
G1 X9.125 Y0.150 Z0.418 E4533.241 F1000 ; Linear move with extrusion
G1 X9.125 Y0.150 Z0.269 E4536.904 F1000 ; Linear move with extrusion
G1 X9.125 Y0.150 Z0.119 E4540.629 F1000 ; Linear move with extrusion
G1 X8.508 Y1.667 Z1.916 E4543.070 F1000 ; Linear move with extrusion
G1 X8.463 Y1.776 Z1.915 E4545.505 F1000 ; Linear move with extrusion
G1 X8.419 Y1.885 Z1.914 E4547.936 F1000 ; Linear move with extrusion
G1 X8.374 Y1.995 Z1.913 E4550.211 F1000 ; Linear move with extrusion
G1 X8.330 Y2.104 Z1.912 E4552.249 F1000 ; Linear move with extrusion
G1 X8.285 Y2.213 Z1.911 E4554.062 F1000 ; Linear move with extrusion
G1 X8.241 Y2.323 Z1.910 E4555.666 F1000 ; Linear move with extrusion
G1 X8.196 Y2.432 Z1.910 E4557.086 F1000 ; Linear move with extrusion
G1 X8.152 Y2.541 Z1.909 E4558.358 F1000 ; Linear move with extrusion
G1 X8.107 Y2.651 Z1.908 E4559.530 F1000 ; Linear move with extrusion
G1 X8.063 Y2.760 Z1.907 E4561.046 F1000 ; Linear move with extrusion
G1 X8.018 Y2.869 Z1.906 E4562.450 F1000 ; Linear move with extrusion
G1 X7.974 Y2.978 Z1.905 E4563.747 F1000 ; Linear move with extrusion
G1 X7.929 Y3.088 Z1.904 E4564.939 F1000 ; Linear move with extrusion
G1 X7.885 Y3.197 Z1.903 E4566.034 F1000 ; Linear move with extrusion
G1 X7.840 Y3.306 Z1.903 E4567.038 F1000 ; Linear move with extrusion
G1 X7.795 Y3.416 Z1.902 E4567.961 F1000 ; Linear move with extrusion
G1 X7.751 Y3.525 Z1.901 E4568.816 F1000 ; Linear move with extrusion
G1 X7.706 Y3.634 Z1.900 E4569.618 F1000 ; Linear move with extrusion
G1 X8.552 Y1.558 Z1.917 E4572.063 F1000 ; Linear move with extrusion
G1 X8.597 Y1.448 Z1.917 E4574.512 F1000 ; Linear move with extrusion
G1 X8.641 Y1.339 Z1.918 E4576.966 F1000 ; Linear move with extrusion
G1 X8.686 Y1.230 Z1.919 E4579.424 F1000 ; Linear move with extrusion
G1 X8.730 Y1.120 Z1.920 E4581.887 F1000 ; Linear move with extrusion
G1 X8.775 Y1.011 Z1.921 E4584.355 F1000 ; Linear move with extrusion
G1 X8.819 Y0.902 Z1.922 E4586.827 F1000 ; Linear move with extrusion
G1 X8.864 Y0.792 Z1.923 E4589.304 F1000 ; Linear move with extrusion
G1 X8.908 Y0.683 Z1.923 E4591.785 F1000 ; Linear move with extrusion
G1 X8.953 Y0.574 Z1.924 E4594.271 F1000 ; Linear move with extrusion
G1 X8.997 Y0.464 Z1.925 E4596.761 F1000 ; Linear move with extrusion
G1 X9.042 Y0.355 Z1.926 E4599.256 F1000 ; Linear move with extrusion
G1 X9.087 Y0.246 Z1.927 E4601.756 F1000 ; Linear move with extrusion
G1 X9.125 Y0.150 Z1.896 E4604.229 F1000 ; Linear move with extrusion
G1 X9.125 Y0.150 Z1.644 E4606.465 F1000 ; Linear move with extrusion
G1 X9.125 Y0.150 Z1.391 E4608.474 F1000 ; Linear move with extrusion
G1 X9.125 Y0.150 Z1.139 E4610.271 F1000 ; Linear move with extrusion
G1 X9.125 Y0.150 Z0.887 E4611.873 F1000 ; Linear move with extrusion
G1 X9.125 Y0.150 Z0.635 E4613.309 F1000 ; Linear move with extrusion
G1 X9.125 Y0.150 Z0.382 E4614.616 F1000 ; Linear move with extrusion
G1 X9.125 Y0.150 Z0.130 E4614.682 F1000 ; Linear move with extrusion
G1 X8.147 Y2.476 Z1.864 E4616.711 F1000 ; Linear move with extrusion
G1 X8.106 Y2.574 Z1.862 E4618.734 F1000 ; Linear move with extrusion
G1 X8.066 Y2.671 Z1.861 E4620.751 F1000 ; Linear move with extrusion
G1 X8.026 Y2.769 Z1.860 E4622.763 F1000 ; Linear move with extrusion
G1 X7.986 Y2.867 Z1.859 E4624.770 F1000 ; Linear move with extrusion
G1 X7.946 Y2.964 Z1.858 E4626.771 F1000 ; Linear move with extrusion
G1 X7.906 Y3.062 Z1.856 E4628.767 F1000 ; Linear move with extrusion
G1 X7.866 Y3.160 Z1.855 E4630.758 F1000 ; Linear move with extrusion
G1 X7.826 Y3.257 Z1.854 E4632.743 F1000 ; Linear move with extrusion
G1 X7.786 Y3.355 Z1.853 E4634.723 F1000 ; Linear move with extrusion
G1 X7.746 Y3.453 Z1.852 E4636.603 F1000 ; Linear move with extrusion
G1 X7.706 Y3.549 Z1.817 E4638.218 F1000 ; Linear move with extrusion
G1 X7.678 Y3.550 Z0.149 E4639.333 F1000 ; Linear move with extrusion
G1 X7.530 Y3.554 Z0.147 E4640.489 F1000 ; Linear move with extrusion
G1 X7.383 Y3.558 Z0.144 E4641.771 F1000 ; Linear move with extrusion
G1 X7.235 Y3.563 Z0.142 E4643.240 F1000 ; Linear move with extrusion
G1 X7.087 Y3.567 Z0.139 E4644.938 F1000 ; Linear move with extrusion
G1 X8.187 Y2.378 Z1.865 E4646.972 F1000 ; Linear move with extrusion
G1 X8.227 Y2.281 Z1.866 E4649.011 F1000 ; Linear move with extrusion
G1 X8.267 Y2.183 Z1.867 E4651.056 F1000 ; Linear move with extrusion
G1 X8.307 Y2.085 Z1.868 E4653.106 F1000 ; Linear move with extrusion
G1 X8.347 Y1.988 Z1.870 E4655.161 F1000 ; Linear move with extrusion
G1 X8.387 Y1.890 Z1.871 E4657.222 F1000 ; Linear move with extrusion
G1 X8.427 Y1.792 Z1.872 E4659.289 F1000 ; Linear move with extrusion
G1 X8.467 Y1.695 Z1.873 E4661.360 F1000 ; Linear move with extrusion
G1 X8.507 Y1.597 Z1.874 E4663.438 F1000 ; Linear move with extrusion
G1 X8.547 Y1.499 Z1.876 E4665.520 F1000 ; Linear move with extrusion
G1 X8.587 Y1.402 Z1.877 E4667.608 F1000 ; Linear move with extrusion
G1 X8.627 Y1.304 Z1.878 E4669.702 F1000 ; Linear move with extrusion
G1 X8.668 Y1.206 Z1.879 E4671.800 F1000 ; Linear move with extrusion
G1 X8.708 Y1.109 Z1.880 E4673.905 F1000 ; Linear move with extrusion
G1 X8.748 Y1.011 Z1.882 E4675.680 F1000 ; Linear move with extrusion
G1 X8.788 Y0.913 Z1.883 E4677.454 F1000 ; Linear move with extrusion
G1 X8.828 Y0.816 Z1.884 E4679.228 F1000 ; Linear move with extrusion
G1 X8.868 Y0.718 Z1.885 E4681.003 F1000 ; Linear move with extrusion
G1 X8.908 Y0.620 Z1.886 E4682.779 F1000 ; Linear move with extrusion
G1 X8.948 Y0.523 Z1.888 E4684.557 F1000 ; Linear move with extrusion
G1 X8.988 Y0.425 Z1.889 E4686.337 F1000 ; Linear move with extrusion
G1 X9.028 Y0.327 Z1.890 E4688.121 F1000 ; Linear move with extrusion
G1 X9.068 Y0.230 Z1.891 E4688.132 F1000 ; Linear move with extrusion
G1 X9.070 Y0.225 Z1.117 E4690.169 F1000 ; Linear move with extrusion
G1 X9.070 Y0.225 Z1.017 E4692.349 F1000 ; Linear move with extrusion
G1 X9.070 Y0.225 Z0.917 E4694.676 F1000 ; Linear move with extrusion
G1 X9.070 Y0.225 Z0.817 E4697.153 F1000 ; Linear move with extrusion
G1 X9.070 Y0.225 Z0.717 E4699.781 F1000 ; Linear move with extrusion
G1 X9.070 Y0.225 Z0.616 E4702.562 F1000 ; Linear move with extrusion
G1 X9.070 Y0.225 Z0.516 E4705.498 F1000 ; Linear move with extrusion
G1 X9.070 Y0.225 Z0.416 E4708.591 F1000 ; Linear move with extrusion
G1 X9.070 Y0.225 Z0.316 E4711.377 F1000 ; Linear move with extrusion
G1 X9.070 Y0.225 Z1.218 E4713.275 F1000 ; Linear move with extrusion
G1 X9.070 Y0.225 Z1.318 E4715.038 F1000 ; Linear move with extrusion
G1 X9.070 Y0.225 Z1.418 E4716.673 F1000 ; Linear move with extrusion
G1 X9.070 Y0.225 Z1.518 E4718.187 F1000 ; Linear move with extrusion
G1 X9.070 Y0.225 Z1.618 E4719.591 F1000 ; Linear move with extrusion
G1 X9.070 Y0.225 Z1.719 E4720.896 F1000 ; Linear move with extrusion
G1 X9.070 Y0.225 Z1.819 E4722.117 F1000 ; Linear move with extrusion
G1 X8.851 Y0.759 Z1.885 E4724.765 F1000 ; Linear move with extrusion
G1 X7.707 Y3.462 Z0.726 E4727.234 F1000 ; Linear move with extrusion
G1 X7.707 Y3.462 Z0.879 E4729.858 F1000 ; Linear move with extrusion
G1 X9.015 Y0.300 Z0.209 E4731.768 F1000 ; Linear move with extrusion
G1 X9.015 Y0.300 Z0.362 E4733.580 F1000 ; Linear move with extrusion
G1 X9.015 Y0.300 Z0.515 E4735.308 F1000 ; Linear move with extrusion
G1 X9.015 Y0.300 Z0.668 E4735.994 F1000 ; Linear move with extrusion
G1 X9.015 Y0.300 Z0.821 E4736.592 F1000 ; Linear move with extrusion
G1 X9.015 Y0.300 Z0.974 E4737.102 F1000 ; Linear move with extrusion
G1 X7.929 Y2.927 Z1.810 E4739.860 F1000 ; Linear move with extrusion
G1 X8.157 Y2.375 Z1.819 E4742.039 F1000 ; Linear move with extrusion
G1 X8.385 Y1.823 Z1.829 E4743.639 F1000 ; Linear move with extrusion
G1 X8.613 Y1.271 Z1.838 E4744.659 F1000 ; Linear move with extrusion
G1 X8.841 Y0.720 Z1.848 E4745.100 F1000 ; Linear move with extrusion
G1 X7.707 Y3.462 Z0.573 E4747.418 F1000 ; Linear move with extrusion
G1 X7.707 Y3.462 Z0.420 E4749.591 F1000 ; Linear move with extrusion
G1 X7.707 Y3.462 Z0.267 E4751.624 F1000 ; Linear move with extrusion
G1 X7.633 Y3.465 Z0.197 E4753.485 F1000 ; Linear move with extrusion
G1 X7.501 Y3.470 Z0.194 E4755.145 F1000 ; Linear move with extrusion
G1 X7.368 Y3.476 Z0.191 E4756.607 F1000 ; Linear move with extrusion
G1 X7.235 Y3.481 Z0.188 E4759.412 F1000 ; Linear move with extrusion
G1 X7.103 Y3.487 Z0.185 E4761.286 F1000 ; Linear move with extrusion
G1 X7.073 Y2.555 Z0.261 E4761.286 F1000 ; Linear move with extrusion
G1 X8.223 Y2.215 Z1.822 E4763.142 F1000 ; Linear move with extrusion
G1 X8.181 Y2.317 Z1.820 E4764.992 F1000 ; Linear move with extrusion
G1 X8.139 Y2.419 Z1.819 E4766.834 F1000 ; Linear move with extrusion
G1 X8.096 Y2.521 Z1.817 E4768.668 F1000 ; Linear move with extrusion
G1 X8.054 Y2.623 Z1.815 E4770.495 F1000 ; Linear move with extrusion
G1 X8.012 Y2.725 Z1.814 E4772.315 F1000 ; Linear move with extrusion
G1 X7.970 Y2.826 Z1.812 E4774.128 F1000 ; Linear move with extrusion
G1 X7.928 Y2.928 Z1.810 E4775.924 F1000 ; Linear move with extrusion
G1 X7.886 Y3.030 Z1.808 E4777.458 F1000 ; Linear move with extrusion
G1 X7.844 Y3.132 Z1.807 E4778.741 F1000 ; Linear move with extrusion
G1 X7.802 Y3.234 Z1.805 E4779.794 F1000 ; Linear move with extrusion
G1 X7.760 Y3.335 Z1.803 E4780.656 F1000 ; Linear move with extrusion
G1 X7.717 Y3.437 Z1.801 E4781.392 F1000 ; Linear move with extrusion
G1 X7.707 Y3.462 Z1.433 E4782.825 F1000 ; Linear move with extrusion
G1 X7.707 Y3.462 Z0.947 E4783.866 F1000 ; Linear move with extrusion
G1 X7.707 Y3.462 Z0.462 E4784.633 F1000 ; Linear move with extrusion
G1 X8.265 Y2.114 Z1.824 E4786.497 F1000 ; Linear move with extrusion
G1 X8.307 Y2.012 Z1.826 E4788.368 F1000 ; Linear move with extrusion
G1 X8.349 Y1.910 Z1.827 E4790.247 F1000 ; Linear move with extrusion
G1 X8.391 Y1.808 Z1.829 E4792.132 F1000 ; Linear move with extrusion
G1 X8.433 Y1.706 Z1.831 E4794.026 F1000 ; Linear move with extrusion
G1 X8.475 Y1.604 Z1.833 E4795.926 F1000 ; Linear move with extrusion
G1 X8.518 Y1.503 Z1.834 E4797.834 F1000 ; Linear move with extrusion
G1 X8.560 Y1.401 Z1.836 E4799.749 F1000 ; Linear move with extrusion
G1 X8.602 Y1.299 Z1.838 E4801.672 F1000 ; Linear move with extrusion
G1 X8.644 Y1.197 Z1.840 E4803.601 F1000 ; Linear move with extrusion
G1 X8.686 Y1.095 Z1.841 E4805.538 F1000 ; Linear move with extrusion
G1 X8.728 Y0.993 Z1.843 E4807.483 F1000 ; Linear move with extrusion
G1 X8.770 Y0.892 Z1.845 E4809.435 F1000 ; Linear move with extrusion
G1 X8.812 Y0.790 Z1.846 E4811.394 F1000 ; Linear move with extrusion
G1 X8.854 Y0.688 Z1.848 E4812.496 F1000 ; Linear move with extrusion
G1 X8.897 Y0.586 Z1.850 E4813.597 F1000 ; Linear move with extrusion
G1 X8.939 Y0.484 Z1.852 E4814.700 F1000 ; Linear move with extrusion
G1 X8.981 Y0.383 Z1.853 E4815.808 F1000 ; Linear move with extrusion
G1 X8.958 Y0.379 Z1.818 E4818.794 F1000 ; Linear move with extrusion
G1 X8.863 Y0.607 Z1.813 E4821.509 F1000 ; Linear move with extrusion
G1 X8.768 Y0.835 Z1.808 E4823.957 F1000 ; Linear move with extrusion
G1 X8.673 Y1.063 Z1.803 E4826.148 F1000 ; Linear move with extrusion
G1 X8.578 Y1.291 Z1.798 E4828.091 F1000 ; Linear move with extrusion
G1 X8.483 Y1.519 Z1.793 E4830.280 F1000 ; Linear move with extrusion
G1 X8.388 Y1.746 Z1.788 E4832.266 F1000 ; Linear move with extrusion
G1 X8.293 Y1.974 Z1.783 E4834.051 F1000 ; Linear move with extrusion
G1 X8.198 Y2.202 Z1.778 E4835.640 F1000 ; Linear move with extrusion
G1 X8.103 Y2.430 Z1.773 E4837.040 F1000 ; Linear move with extrusion
G1 X8.007 Y2.658 Z1.768 E4838.260 F1000 ; Linear move with extrusion
G1 X7.912 Y2.886 Z1.763 E4838.713 F1000 ; Linear move with extrusion
G1 X7.817 Y3.114 Z1.758 E4838.954 F1000 ; Linear move with extrusion
G1 X7.722 Y3.342 Z1.753 E4838.985 F1000 ; Linear move with extrusion
G1 X8.960 Y0.375 Z1.660 E4841.976 F1000 ; Linear move with extrusion
G1 X8.960 Y0.375 Z1.499 E4844.967 F1000 ; Linear move with extrusion
G1 X8.960 Y0.375 Z1.337 E4847.958 F1000 ; Linear move with extrusion
G1 X8.960 Y0.375 Z1.176 E4850.870 F1000 ; Linear move with extrusion
G1 X8.960 Y0.375 Z1.015 E4853.554 F1000 ; Linear move with extrusion
G1 X8.960 Y0.375 Z0.854 E4856.017 F1000 ; Linear move with extrusion
G1 X8.960 Y0.375 Z0.693 E4858.265 F1000 ; Linear move with extrusion
G1 X8.960 Y0.375 Z0.531 E4860.311 F1000 ; Linear move with extrusion
G1 X8.960 Y0.375 Z0.370 E4862.165 F1000 ; Linear move with extrusion
G1 X8.960 Y0.375 Z0.209 E4863.846 F1000 ; Linear move with extrusion
G1 X7.871 Y0.448 Z0.765 E4864.719 F1000 ; Linear move with extrusion
G1 X7.871 Y0.448 Z0.604 E4865.335 F1000 ; Linear move with extrusion
G1 X7.871 Y0.448 Z0.443 E4865.694 F1000 ; Linear move with extrusion
G1 X7.939 Y2.822 Z1.764 E4867.886 F1000 ; Linear move with extrusion
G1 X7.881 Y2.962 Z1.761 E4870.062 F1000 ; Linear move with extrusion
G1 X7.822 Y3.103 Z1.758 E4872.221 F1000 ; Linear move with extrusion
G1 X7.763 Y3.243 Z1.755 E4874.365 F1000 ; Linear move with extrusion
G1 X7.709 Y3.375 Z1.743 E4876.480 F1000 ; Linear move with extrusion
G1 X7.709 Y3.375 Z1.604 E4878.397 F1000 ; Linear move with extrusion
G1 X7.709 Y3.375 Z1.465 E4880.122 F1000 ; Linear move with extrusion
G1 X7.709 Y3.375 Z1.325 E4881.662 F1000 ; Linear move with extrusion
G1 X7.709 Y3.375 Z1.186 E4883.026 F1000 ; Linear move with extrusion
G1 X7.709 Y3.375 Z1.047 E4884.232 F1000 ; Linear move with extrusion
G1 X7.709 Y3.375 Z0.908 E4885.295 F1000 ; Linear move with extrusion
G1 X7.709 Y3.375 Z0.769 E4886.227 F1000 ; Linear move with extrusion
G1 X7.998 Y2.681 Z1.767 E4888.435 F1000 ; Linear move with extrusion
G1 X8.057 Y2.540 Z1.770 E4890.660 F1000 ; Linear move with extrusion
G1 X8.115 Y2.400 Z1.773 E4892.902 F1000 ; Linear move with extrusion
G1 X8.174 Y2.259 Z1.776 E4895.159 F1000 ; Linear move with extrusion
G1 X8.232 Y2.119 Z1.780 E4897.433 F1000 ; Linear move with extrusion
G1 X8.291 Y1.978 Z1.783 E4898.589 F1000 ; Linear move with extrusion
G1 X8.350 Y1.838 Z1.786 E4899.705 F1000 ; Linear move with extrusion
G1 X8.408 Y1.697 Z1.789 E4900.786 F1000 ; Linear move with extrusion
G1 X8.467 Y1.556 Z1.792 E4901.838 F1000 ; Linear move with extrusion
G1 X8.526 Y1.416 Z1.795 E4902.866 F1000 ; Linear move with extrusion
G1 X8.584 Y1.275 Z1.798 E4903.878 F1000 ; Linear move with extrusion
G1 X8.410 Y1.624 Z1.749 E4905.817 F1000 ; Linear move with extrusion
G1 X8.355 Y1.755 Z1.745 E4907.740 F1000 ; Linear move with extrusion
G1 X8.300 Y1.886 Z1.742 E4909.335 F1000 ; Linear move with extrusion
G1 X8.245 Y2.018 Z1.738 E4910.558 F1000 ; Linear move with extrusion
G1 X8.189 Y2.149 Z1.734 E4912.097 F1000 ; Linear move with extrusion
G1 X8.134 Y2.280 Z1.731 E4913.501 F1000 ; Linear move with extrusion
G1 X8.079 Y2.412 Z1.727 E4914.775 F1000 ; Linear move with extrusion
G1 X8.024 Y2.543 Z1.723 E4915.925 F1000 ; Linear move with extrusion
G1 X7.968 Y2.674 Z1.720 E4916.962 F1000 ; Linear move with extrusion
G1 X7.913 Y2.806 Z1.716 E4917.898 F1000 ; Linear move with extrusion
G1 X7.858 Y2.937 Z1.713 E4918.750 F1000 ; Linear move with extrusion
G1 X7.803 Y3.069 Z1.709 E4918.955 F1000 ; Linear move with extrusion
G1 X7.747 Y3.200 Z1.705 E4919.037 F1000 ; Linear move with extrusion
G1 X8.466 Y1.492 Z1.752 E4920.994 F1000 ; Linear move with extrusion
G1 X8.521 Y1.361 Z1.756 E4922.970 F1000 ; Linear move with extrusion
G1 X8.576 Y1.230 Z1.760 E4924.964 F1000 ; Linear move with extrusion
G1 X8.631 Y1.098 Z1.763 E4926.975 F1000 ; Linear move with extrusion
G1 X8.687 Y0.967 Z1.767 E4929.004 F1000 ; Linear move with extrusion
G1 X8.742 Y0.836 Z1.771 E4931.051 F1000 ; Linear move with extrusion
G1 X8.797 Y0.704 Z1.774 E4933.116 F1000 ; Linear move with extrusion
G1 X8.852 Y0.573 Z1.778 E4935.199 F1000 ; Linear move with extrusion
G1 X8.904 Y0.450 Z1.744 E4937.269 F1000 ; Linear move with extrusion
G1 X8.904 Y0.450 Z1.145 E4938.896 F1000 ; Linear move with extrusion
G1 X8.904 Y0.450 Z0.546 E4940.218 F1000 ; Linear move with extrusion
G1 X7.863 Y0.538 Z1.712 E4941.684 F1000 ; Linear move with extrusion
G1 X7.863 Y0.538 Z1.113 E4942.543 F1000 ; Linear move with extrusion
G1 X7.863 Y0.538 Z0.513 E4942.798 F1000 ; Linear move with extrusion
G1 X8.904 Y0.450 Z0.714 E4944.724 F1000 ; Linear move with extrusion
G1 X8.904 Y0.450 Z0.613 E4946.761 F1000 ; Linear move with extrusion
G1 X8.904 Y0.450 Z0.511 E4948.909 F1000 ; Linear move with extrusion
G1 X8.904 Y0.450 Z0.409 E4951.171 F1000 ; Linear move with extrusion
G1 X8.904 Y0.450 Z0.308 E4953.548 F1000 ; Linear move with extrusion
G1 X7.710 Y3.288 Z0.722 E4955.994 F1000 ; Linear move with extrusion
G1 X7.710 Y3.288 Z0.620 E4957.571 F1000 ; Linear move with extrusion
G1 X7.710 Y3.288 Z0.519 E4958.496 F1000 ; Linear move with extrusion
G1 X8.904 Y0.450 Z0.816 E4960.314 F1000 ; Linear move with extrusion
G1 X8.904 Y0.450 Z0.917 E4962.026 F1000 ; Linear move with extrusion
G1 X8.904 Y0.450 Z1.019 E4963.636 F1000 ; Linear move with extrusion
G1 X8.904 Y0.450 Z1.121 E4965.145 F1000 ; Linear move with extrusion
G1 X7.782 Y3.118 Z1.708 E4967.186 F1000 ; Linear move with extrusion
G1 X7.986 Y2.633 Z1.721 E4968.873 F1000 ; Linear move with extrusion
G1 X8.190 Y2.148 Z1.734 E4970.237 F1000 ; Linear move with extrusion
G1 X8.424 Y1.526 Z1.711 E4972.161 F1000 ; Linear move with extrusion
G1 X8.477 Y1.401 Z1.715 E4974.106 F1000 ; Linear move with extrusion
G1 X8.530 Y1.275 Z1.719 E4976.073 F1000 ; Linear move with extrusion
G1 X8.584 Y1.150 Z1.723 E4978.061 F1000 ; Linear move with extrusion
G1 X8.637 Y1.024 Z1.727 E4980.070 F1000 ; Linear move with extrusion
G1 X8.690 Y0.899 Z1.732 E4982.101 F1000 ; Linear move with extrusion
G1 X8.743 Y0.774 Z1.736 E4984.153 F1000 ; Linear move with extrusion
G1 X8.797 Y0.648 Z1.740 E4986.227 F1000 ; Linear move with extrusion
G1 X8.849 Y0.525 Z1.742 E4988.320 F1000 ; Linear move with extrusion
G1 X8.849 Y0.525 Z1.581 E4990.239 F1000 ; Linear move with extrusion
G1 X8.849 Y0.525 Z1.420 E4991.989 F1000 ; Linear move with extrusion
G1 X8.849 Y0.525 Z1.259 E4993.577 F1000 ; Linear move with extrusion
G1 X8.371 Y1.651 Z1.706 E4995.397 F1000 ; Linear move with extrusion
G1 X8.317 Y1.777 Z1.702 E4997.024 F1000 ; Linear move with extrusion
G1 X8.264 Y1.902 Z1.698 E4998.465 F1000 ; Linear move with extrusion
G1 X8.211 Y2.027 Z1.694 E4999.728 F1000 ; Linear move with extrusion
G1 X8.158 Y2.153 Z1.690 E5000.826 F1000 ; Linear move with extrusion
G1 X8.104 Y2.278 Z1.685 E5001.779 F1000 ; Linear move with extrusion
G1 X8.051 Y2.404 Z1.681 E5002.618 F1000 ; Linear move with extrusion
G1 X7.998 Y2.529 Z1.677 E5003.682 F1000 ; Linear move with extrusion
G1 X7.945 Y2.654 Z1.673 E5004.642 F1000 ; Linear move with extrusion
G1 X7.891 Y2.780 Z1.669 E5005.504 F1000 ; Linear move with extrusion
G1 X7.838 Y2.905 Z1.664 E5006.273 F1000 ; Linear move with extrusion
G1 X7.863 Y2.846 Z1.666 E5008.389 F1000 ; Linear move with extrusion
G1 X7.928 Y2.693 Z1.671 E5010.537 F1000 ; Linear move with extrusion
G1 X7.994 Y2.539 Z1.677 E5012.717 F1000 ; Linear move with extrusion
G1 X8.059 Y2.385 Z1.682 E5014.929 F1000 ; Linear move with extrusion
G1 X8.124 Y2.231 Z1.687 E5016.023 F1000 ; Linear move with extrusion
G1 X8.190 Y2.077 Z1.692 E5017.066 F1000 ; Linear move with extrusion
G1 X8.255 Y1.923 Z1.697 E5018.061 F1000 ; Linear move with extrusion
G1 X8.321 Y1.769 Z1.702 E5019.017 F1000 ; Linear move with extrusion
G1 X8.386 Y1.615 Z1.708 E5019.941 F1000 ; Linear move with extrusion
G1 X8.451 Y1.461 Z1.713 E5020.842 F1000 ; Linear move with extrusion
G1 X7.798 Y3.000 Z1.661 E5022.926 F1000 ; Linear move with extrusion
G1 X7.732 Y3.154 Z1.656 E5024.978 F1000 ; Linear move with extrusion
G1 X7.713 Y3.200 Z1.565 E5026.866 F1000 ; Linear move with extrusion
G1 X7.713 Y3.200 Z1.437 E5028.537 F1000 ; Linear move with extrusion
G1 X7.713 Y3.200 Z1.309 E5029.998 F1000 ; Linear move with extrusion
G1 X7.713 Y3.200 Z1.181 E5031.257 F1000 ; Linear move with extrusion
G1 X7.713 Y3.200 Z1.053 E5032.329 F1000 ; Linear move with extrusion
G1 X7.713 Y3.200 Z0.925 E5033.264 F1000 ; Linear move with extrusion
G1 X7.713 Y3.200 Z0.797 E5034.074 F1000 ; Linear move with extrusion
G1 X8.018 Y2.409 Z1.634 E5035.572 F1000 ; Linear move with extrusion
G1 X7.945 Y2.578 Z1.628 E5037.039 F1000 ; Linear move with extrusion
G1 X7.873 Y2.746 Z1.621 E5038.474 F1000 ; Linear move with extrusion
G1 X7.801 Y2.915 Z1.614 E5039.878 F1000 ; Linear move with extrusion
G1 X7.728 Y3.083 Z1.607 E5041.250 F1000 ; Linear move with extrusion
G1 X7.716 Y3.113 Z1.469 E5042.479 F1000 ; Linear move with extrusion
G1 X7.716 Y3.113 Z1.304 E5043.546 F1000 ; Linear move with extrusion
G1 X7.716 Y3.113 Z1.138 E5044.465 F1000 ; Linear move with extrusion
G1 X7.716 Y3.113 Z0.972 E5045.252 F1000 ; Linear move with extrusion
G1 X7.716 Y3.113 Z0.806 E5045.938 F1000 ; Linear move with extrusion
G1 X7.716 Y3.113 Z0.641 E5046.566 F1000 ; Linear move with extrusion
G1 X7.716 Y3.113 Z0.475 E5046.657 F1000 ; Linear move with extrusion
G1 X8.090 Y2.240 Z1.641 E5048.186 F1000 ; Linear move with extrusion
G1 X8.162 Y2.072 Z1.648 E5049.747 F1000 ; Linear move with extrusion
G1 X8.234 Y1.903 Z1.655 E5051.339 F1000 ; Linear move with extrusion
G1 X8.307 Y1.735 Z1.661 E5052.963 F1000 ; Linear move with extrusion
G1 X8.379 Y1.566 Z1.668 E5053.919 F1000 ; Linear move with extrusion
G1 X8.451 Y1.398 Z1.675 E5054.874 F1000 ; Linear move with extrusion
G1 X8.524 Y1.229 Z1.682 E5055.838 F1000 ; Linear move with extrusion
G1 X8.596 Y1.061 Z1.688 E5056.821 F1000 ; Linear move with extrusion
G1 X8.668 Y0.892 Z1.695 E5057.832 F1000 ; Linear move with extrusion
G1 X8.741 Y0.724 Z1.702 E5058.881 F1000 ; Linear move with extrusion
G1 X8.676 Y0.614 Z1.700 E5059.828 F1000 ; Linear move with extrusion
G1 X8.542 Y1.187 Z1.683 E5061.845 F1000 ; Linear move with extrusion
G1 X8.612 Y1.024 Z1.690 E5064.075 F1000 ; Linear move with extrusion
G1 X8.682 Y0.860 Z1.696 E5066.365 F1000 ; Linear move with extrusion
G1 X8.752 Y0.697 Z1.703 E5068.695 F1000 ; Linear move with extrusion
G1 X8.794 Y0.599 Z1.654 E5070.980 F1000 ; Linear move with extrusion
G1 X8.794 Y0.599 Z1.524 E5073.093 F1000 ; Linear move with extrusion
G1 X8.794 Y0.599 Z1.393 E5075.037 F1000 ; Linear move with extrusion
G1 X8.794 Y0.599 Z1.263 E5076.815 F1000 ; Linear move with extrusion
G1 X8.794 Y0.599 Z1.132 E5078.434 F1000 ; Linear move with extrusion
G1 X8.794 Y0.599 Z1.002 E5079.899 F1000 ; Linear move with extrusion
G1 X8.472 Y1.350 Z1.677 E5081.707 F1000 ; Linear move with extrusion
G1 X8.402 Y1.513 Z1.670 E5083.310 F1000 ; Linear move with extrusion
G1 X8.332 Y1.677 Z1.664 E5084.714 F1000 ; Linear move with extrusion
G1 X8.262 Y1.840 Z1.657 E5085.928 F1000 ; Linear move with extrusion
G1 X8.192 Y2.003 Z1.651 E5086.965 F1000 ; Linear move with extrusion
G1 X8.122 Y2.166 Z1.644 E5087.847 F1000 ; Linear move with extrusion
G1 X8.052 Y2.330 Z1.638 E5088.941 F1000 ; Linear move with extrusion
G1 X7.981 Y2.493 Z1.631 E5089.904 F1000 ; Linear move with extrusion
G1 X7.911 Y2.656 Z1.624 E5090.741 F1000 ; Linear move with extrusion
G1 X8.048 Y2.268 Z1.594 E5092.041 F1000 ; Linear move with extrusion
G1 X8.111 Y2.122 Z1.601 E5093.373 F1000 ; Linear move with extrusion
G1 X8.174 Y1.977 Z1.608 E5094.737 F1000 ; Linear move with extrusion
G1 X8.237 Y1.832 Z1.615 E5096.132 F1000 ; Linear move with extrusion
G1 X8.299 Y1.687 Z1.621 E5097.558 F1000 ; Linear move with extrusion
G1 X8.362 Y1.542 Z1.628 E5099.017 F1000 ; Linear move with extrusion
G1 X8.425 Y1.397 Z1.635 E5100.507 F1000 ; Linear move with extrusion
G1 X8.488 Y1.252 Z1.642 E5101.765 F1000 ; Linear move with extrusion
G1 X8.551 Y1.107 Z1.649 E5103.045 F1000 ; Linear move with extrusion
G1 X8.614 Y0.962 Z1.656 E5104.351 F1000 ; Linear move with extrusion
G1 X8.677 Y0.817 Z1.662 E5105.684 F1000 ; Linear move with extrusion
G1 X8.739 Y0.674 Z1.664 E5107.040 F1000 ; Linear move with extrusion
G1 X8.739 Y0.674 Z1.308 E5108.035 F1000 ; Linear move with extrusion
G1 X8.739 Y0.674 Z0.953 E5108.668 F1000 ; Linear move with extrusion
G1 X8.739 Y0.674 Z0.598 E5108.940 F1000 ; Linear move with extrusion
G1 X7.985 Y2.413 Z1.587 E5110.209 F1000 ; Linear move with extrusion
G1 X7.922 Y2.558 Z1.580 E5111.445 F1000 ; Linear move with extrusion
G1 X7.859 Y2.703 Z1.574 E5112.651 F1000 ; Linear move with extrusion
G1 X7.796 Y2.848 Z1.567 E5113.756 F1000 ; Linear move with extrusion
G1 X7.733 Y2.993 Z1.560 E5114.666 F1000 ; Linear move with extrusion
G1 X7.296 Y3.080 Z0.411 E5115.893 F1000 ; Linear move with extrusion
G1 X7.535 Y3.049 Z1.572 E5116.537 F1000 ; Linear move with extrusion
G1 X7.432 Y3.062 Z1.579 E5116.987 F1000 ; Linear move with extrusion
G1 X7.329 Y3.075 Z1.587 E5117.245 F1000 ; Linear move with extrusion
G1 X7.226 Y3.089 Z1.594 E5117.310 F1000 ; Linear move with extrusion
G1 X7.894 Y2.621 Z1.577 E5118.973 F1000 ; Linear move with extrusion
G1 X7.955 Y2.480 Z1.584 E5120.678 F1000 ; Linear move with extrusion
G1 X8.016 Y2.339 Z1.591 E5122.422 F1000 ; Linear move with extrusion
G1 X8.078 Y2.198 Z1.597 E5124.208 F1000 ; Linear move with extrusion
G1 X8.139 Y2.057 Z1.604 E5125.094 F1000 ; Linear move with extrusion
G1 X8.200 Y1.916 Z1.611 E5125.943 F1000 ; Linear move with extrusion
G1 X8.261 Y1.775 Z1.617 E5126.762 F1000 ; Linear move with extrusion
G1 X8.322 Y1.634 Z1.624 E5127.558 F1000 ; Linear move with extrusion
G1 X8.384 Y1.493 Z1.631 E5128.338 F1000 ; Linear move with extrusion
G1 X8.445 Y1.352 Z1.637 E5129.113 F1000 ; Linear move with extrusion
G1 X7.833 Y2.763 Z1.571 E5130.736 F1000 ; Linear move with extrusion
G1 X7.772 Y2.904 Z1.564 E5132.319 F1000 ; Linear move with extrusion
G1 X7.719 Y3.025 Z1.540 E5133.836 F1000 ; Linear move with extrusion
G1 X7.719 Y3.025 Z1.404 E5135.137 F1000 ; Linear move with extrusion
G1 X7.719 Y3.025 Z1.269 E5136.228 F1000 ; Linear move with extrusion
G1 X7.719 Y3.025 Z1.133 E5137.150 F1000 ; Linear move with extrusion
G1 X7.719 Y3.025 Z0.998 E5137.942 F1000 ; Linear move with extrusion
G1 X7.719 Y3.025 Z0.862 E5138.617 F1000 ; Linear move with extrusion
G1 X7.719 Y3.025 Z0.727 E5139.198 F1000 ; Linear move with extrusion
G1 X8.123 Y2.028 Z1.561 E5140.344 F1000 ; Linear move with extrusion
G1 X8.013 Y2.277 Z1.547 E5141.431 F1000 ; Linear move with extrusion
G1 X7.904 Y2.526 Z1.534 E5142.382 F1000 ; Linear move with extrusion
G1 X7.794 Y2.776 Z1.520 E5143.221 F1000 ; Linear move with extrusion
G1 X7.684 Y2.943 Z1.514 E5144.017 F1000 ; Linear move with extrusion
G1 X7.574 Y2.960 Z1.524 E5144.726 F1000 ; Linear move with extrusion
G1 X7.464 Y2.977 Z1.533 E5145.096 F1000 ; Linear move with extrusion
G1 X7.354 Y2.995 Z1.543 E5145.289 F1000 ; Linear move with extrusion
G1 X7.243 Y3.012 Z1.553 E5145.305 F1000 ; Linear move with extrusion
G1 X8.232 Y1.778 Z1.575 E5146.511 F1000 ; Linear move with extrusion
G1 X8.341 Y1.529 Z1.588 E5147.777 F1000 ; Linear move with extrusion
G1 X8.451 Y1.280 Z1.602 E5149.103 F1000 ; Linear move with extrusion
G1 X8.560 Y1.031 Z1.616 E5150.503 F1000 ; Linear move with extrusion
G1 X8.670 Y0.781 Z1.629 E5151.998 F1000 ; Linear move with extrusion
G1 X8.684 Y0.748 Z1.464 E5153.305 F1000 ; Linear move with extrusion
G1 X8.684 Y0.748 Z1.271 E5154.383 F1000 ; Linear move with extrusion
G1 X8.684 Y0.748 Z1.078 E5155.230 F1000 ; Linear move with extrusion
G1 X8.684 Y0.748 Z0.885 E5155.847 F1000 ; Linear move with extrusion
G1 X8.684 Y0.748 Z0.693 E5156.234 F1000 ; Linear move with extrusion
G1 X8.684 Y0.748 Z0.500 E5156.390 F1000 ; Linear move with extrusion
G1 X8.118 Y2.038 Z1.560 E5157.534 F1000 ; Linear move with extrusion
G1 X8.074 Y2.138 Z1.555 E5158.654 F1000 ; Linear move with extrusion
G1 X8.030 Y2.237 Z1.549 E5159.751 F1000 ; Linear move with extrusion
G1 X7.987 Y2.337 Z1.544 E5160.823 F1000 ; Linear move with extrusion
G1 X7.943 Y2.437 Z1.538 E5161.821 F1000 ; Linear move with extrusion
G1 X7.899 Y2.537 Z1.533 E5162.683 F1000 ; Linear move with extrusion
G1 X7.855 Y2.637 Z1.527 E5163.419 F1000 ; Linear move with extrusion
G1 X7.811 Y2.737 Z1.522 E5164.042 F1000 ; Linear move with extrusion
G1 X7.767 Y2.837 Z1.516 E5164.572 F1000 ; Linear move with extrusion
G1 X7.723 Y2.937 Z1.507 E5165.045 F1000 ; Linear move with extrusion
G1 X7.723 Y2.937 Z0.560 E5165.523 F1000 ; Linear move with extrusion
G1 X8.162 Y1.938 Z1.566 E5166.691 F1000 ; Linear move with extrusion
G1 X8.206 Y1.838 Z1.571 E5167.883 F1000 ; Linear move with extrusion
G1 X8.250 Y1.738 Z1.577 E5169.099 F1000 ; Linear move with extrusion
G1 X8.294 Y1.638 Z1.582 E5170.338 F1000 ; Linear move with extrusion
G1 X8.338 Y1.538 Z1.588 E5171.602 F1000 ; Linear move with extrusion
G1 X8.382 Y1.438 Z1.593 E5172.890 F1000 ; Linear move with extrusion
G1 X8.425 Y1.338 Z1.599 E5174.201 F1000 ; Linear move with extrusion
G1 X8.469 Y1.238 Z1.604 E5175.537 F1000 ; Linear move with extrusion
G1 X8.513 Y1.138 Z1.610 E5176.896 F1000 ; Linear move with extrusion
G1 X8.557 Y1.038 Z1.615 E5178.279 F1000 ; Linear move with extrusion
G1 X8.601 Y0.938 Z1.621 E5179.058 F1000 ; Linear move with extrusion
G1 X8.645 Y0.838 Z1.626 E5179.517 F1000 ; Linear move with extrusion
G1 X8.165 Y1.867 Z1.527 E5180.598 F1000 ; Linear move with extrusion
G1 X8.119 Y1.970 Z1.520 E5181.649 F1000 ; Linear move with extrusion
G1 X8.073 Y2.074 Z1.513 E5182.671 F1000 ; Linear move with extrusion
G1 X8.027 Y2.177 Z1.507 E5183.321 F1000 ; Linear move with extrusion
G1 X7.981 Y2.281 Z1.500 E5184.158 F1000 ; Linear move with extrusion
G1 X7.935 Y2.384 Z1.494 E5184.903 F1000 ; Linear move with extrusion
G1 X7.889 Y2.487 Z1.487 E5185.559 F1000 ; Linear move with extrusion
G1 X7.843 Y2.591 Z1.480 E5186.135 F1000 ; Linear move with extrusion
G1 X7.797 Y2.694 Z1.474 E5186.641 F1000 ; Linear move with extrusion
G1 X7.751 Y2.797 Z1.467 E5187.094 F1000 ; Linear move with extrusion
G1 X7.462 Y2.899 Z1.491 E5187.273 F1000 ; Linear move with extrusion
G1 X8.211 Y1.764 Z1.533 E5188.383 F1000 ; Linear move with extrusion
G1 X8.257 Y1.660 Z1.540 E5189.524 F1000 ; Linear move with extrusion
G1 X8.303 Y1.557 Z1.546 E5190.694 F1000 ; Linear move with extrusion
G1 X8.349 Y1.453 Z1.553 E5191.893 F1000 ; Linear move with extrusion
G1 X8.395 Y1.350 Z1.559 E5193.122 F1000 ; Linear move with extrusion
G1 X8.441 Y1.247 Z1.566 E5194.381 F1000 ; Linear move with extrusion
G1 X8.487 Y1.143 Z1.573 E5195.669 F1000 ; Linear move with extrusion
G1 X8.533 Y1.040 Z1.579 E5196.987 F1000 ; Linear move with extrusion
G1 X8.579 Y0.936 Z1.586 E5198.335 F1000 ; Linear move with extrusion
G1 X8.625 Y0.833 Z1.592 E5199.712 F1000 ; Linear move with extrusion
G1 X8.629 Y0.823 Z1.084 E5200.383 F1000 ; Linear move with extrusion
G1 X8.629 Y0.823 Z0.519 E5200.493 F1000 ; Linear move with extrusion
G1 X8.629 Y0.823 Z0.794 E5201.941 F1000 ; Linear move with extrusion
G1 X8.629 Y0.823 Z0.693 E5203.503 F1000 ; Linear move with extrusion
G1 X8.629 Y0.823 Z0.591 E5205.181 F1000 ; Linear move with extrusion
G1 X8.629 Y0.823 Z0.490 E5206.977 F1000 ; Linear move with extrusion
G1 X7.728 Y2.849 Z0.752 E5207.551 F1000 ; Linear move with extrusion
G1 X7.728 Y2.849 Z0.651 E5208.000 F1000 ; Linear move with extrusion
G1 X7.728 Y2.849 Z0.549 E5208.415 F1000 ; Linear move with extrusion
G1 X8.629 Y0.823 Z0.896 E5209.752 F1000 ; Linear move with extrusion
G1 X8.629 Y0.823 Z0.998 E5210.981 F1000 ; Linear move with extrusion
G1 X8.629 Y0.823 Z1.099 E5212.108 F1000 ; Linear move with extrusion
G1 X7.913 Y2.434 Z1.490 E5213.247 F1000 ; Linear move with extrusion
G1 X8.099 Y2.017 Z1.517 E5214.136 F1000 ; Linear move with extrusion
G1 X8.284 Y1.599 Z1.544 E5214.848 F1000 ; Linear move with extrusion
G1 X8.470 Y1.130 Z1.537 E5216.409 F1000 ; Linear move with extrusion
G1 X8.560 Y0.929 Z1.552 E5218.199 F1000 ; Linear move with extrusion
G1 X8.575 Y0.897 Z1.432 E5219.864 F1000 ; Linear move with extrusion
G1 X8.575 Y0.897 Z1.286 E5221.368 F1000 ; Linear move with extrusion
G1 X8.575 Y0.897 Z1.141 E5222.717 F1000 ; Linear move with extrusion
G1 X8.575 Y0.897 Z0.995 E5223.917 F1000 ; Linear move with extrusion
G1 X8.575 Y0.897 Z0.849 E5224.981 F1000 ; Linear move with extrusion
G1 X8.575 Y0.897 Z0.703 E5225.924 F1000 ; Linear move with extrusion
G1 X8.575 Y0.897 Z0.557 E5226.770 F1000 ; Linear move with extrusion
G1 X8.379 Y1.331 Z1.523 E5228.075 F1000 ; Linear move with extrusion
G1 X8.288 Y1.532 Z1.508 E5229.132 F1000 ; Linear move with extrusion
G1 X8.198 Y1.733 Z1.493 E5230.277 F1000 ; Linear move with extrusion
G1 X8.107 Y1.934 Z1.478 E5231.263 F1000 ; Linear move with extrusion
G1 X8.016 Y2.135 Z1.463 E5232.095 F1000 ; Linear move with extrusion
G1 X7.926 Y2.336 Z1.449 E5232.780 F1000 ; Linear move with extrusion
G1 X7.835 Y2.537 Z1.434 E5233.334 F1000 ; Linear move with extrusion
G1 X7.744 Y2.738 Z1.419 E5233.352 F1000 ; Linear move with extrusion
G1 X7.901 Y2.391 Z1.445 E5234.499 F1000 ; Linear move with extrusion
G1 X7.960 Y2.260 Z1.454 E5235.711 F1000 ; Linear move with extrusion
G1 X8.019 Y2.130 Z1.464 E5236.986 F1000 ; Linear move with extrusion
G1 X8.078 Y1.999 Z1.474 E5238.325 F1000 ; Linear move with extrusion
G1 X8.137 Y1.868 Z1.483 E5238.951 F1000 ; Linear move with extrusion
G1 X8.196 Y1.738 Z1.493 E5239.560 F1000 ; Linear move with extrusion
G1 X8.255 Y1.607 Z1.502 E5240.161 F1000 ; Linear move with extrusion
G1 X8.314 Y1.476 Z1.512 E5240.764 F1000 ; Linear move with extrusion
G1 X7.842 Y2.521 Z1.435 E5241.847 F1000 ; Linear move with extrusion
G1 X7.783 Y2.652 Z1.426 E5242.867 F1000 ; Linear move with extrusion
G1 X7.734 Y2.760 Z1.393 E5243.794 F1000 ; Linear move with extrusion
G1 X7.734 Y2.760 Z1.250 E5244.548 F1000 ; Linear move with extrusion
G1 X7.734 Y2.760 Z1.108 E5245.174 F1000 ; Linear move with extrusion
G1 X7.734 Y2.760 Z0.965 E5245.685 F1000 ; Linear move with extrusion
G1 X7.734 Y2.760 Z0.822 E5246.108 F1000 ; Linear move with extrusion
G1 X8.065 Y1.965 Z1.432 E5246.894 F1000 ; Linear move with extrusion
G1 X8.156 Y1.767 Z1.448 E5247.758 F1000 ; Linear move with extrusion
G1 X8.247 Y1.569 Z1.465 E5248.700 F1000 ; Linear move with extrusion
G1 X8.337 Y1.370 Z1.482 E5249.719 F1000 ; Linear move with extrusion
G1 X8.428 Y1.172 Z1.499 E5250.817 F1000 ; Linear move with extrusion
G1 X8.519 Y0.974 Z1.515 E5251.735 F1000 ; Linear move with extrusion
G1 X8.209 Y1.056 Z1.473 E5252.243 F1000 ; Linear move with extrusion
G1 X7.893 Y1.142 Z1.429 E5252.332 F1000 ; Linear move with extrusion
G1 X7.975 Y2.163 Z1.415 E5253.009 F1000 ; Linear move with extrusion
G1 X7.884 Y2.361 Z1.398 E5253.745 F1000 ; Linear move with extrusion
G1 X7.793 Y2.559 Z1.381 E5254.507 F1000 ; Linear move with extrusion
G1 X7.741 Y2.672 Z1.257 E5255.206 F1000 ; Linear move with extrusion
G1 X7.741 Y2.672 Z0.991 E5255.765 F1000 ; Linear move with extrusion
G1 X7.741 Y2.672 Z0.724 E5255.856 F1000 ; Linear move with extrusion
G1 X8.520 Y0.971 Z1.497 E5256.703 F1000 ; Linear move with extrusion
G1 X8.420 Y1.190 Z1.497 E5258.047 F1000 ; Linear move with extrusion
G1 X8.299 Y1.453 Z1.475 E5259.087 F1000 ; Linear move with extrusion
G1 X8.179 Y1.717 Z1.452 E5260.138 F1000 ; Linear move with extrusion
G1 X8.058 Y1.980 Z1.430 E5260.974 F1000 ; Linear move with extrusion
G1 X7.938 Y2.243 Z1.408 E5261.602 F1000 ; Linear move with extrusion
G1 X8.520 Y0.971 Z1.384 E5263.168 F1000 ; Linear move with extrusion
G1 X8.520 Y0.971 Z1.272 E5264.578 F1000 ; Linear move with extrusion
G1 X8.520 Y0.971 Z1.160 E5265.838 F1000 ; Linear move with extrusion
G1 X8.520 Y0.971 Z1.047 E5266.954 F1000 ; Linear move with extrusion
G1 X8.520 Y0.971 Z0.935 E5267.933 F1000 ; Linear move with extrusion
G1 X7.862 Y2.341 Z1.350 E5268.857 F1000 ; Linear move with extrusion
G1 X7.775 Y2.529 Z1.332 E5269.618 F1000 ; Linear move with extrusion
G1 X7.750 Y2.583 Z1.230 E5270.211 F1000 ; Linear move with extrusion
G1 X7.750 Y2.583 Z1.095 E5270.677 F1000 ; Linear move with extrusion
G1 X7.750 Y2.583 Z0.961 E5271.044 F1000 ; Linear move with extrusion
G1 X7.750 Y2.583 Z0.826 E5271.366 F1000 ; Linear move with extrusion
G1 X7.750 Y2.583 Z0.691 E5271.720 F1000 ; Linear move with extrusion
G1 X7.950 Y2.153 Z1.368 E5272.807 F1000 ; Linear move with extrusion
G1 X8.037 Y1.965 Z1.387 E5273.302 F1000 ; Linear move with extrusion
G1 X8.125 Y1.778 Z1.405 E5273.786 F1000 ; Linear move with extrusion
G1 X8.212 Y1.590 Z1.423 E5274.288 F1000 ; Linear move with extrusion
G1 X8.300 Y1.402 Z1.441 E5274.834 F1000 ; Linear move with extrusion
G1 X8.387 Y1.214 Z1.460 E5275.442 F1000 ; Linear move with extrusion
G1 X8.214 Y1.587 Z1.423 E5276.353 F1000 ; Linear move with extrusion
G1 X8.279 Y1.447 Z1.437 E5277.335 F1000 ; Linear move with extrusion
G1 X8.344 Y1.308 Z1.451 E5278.389 F1000 ; Linear move with extrusion
G1 X8.409 Y1.168 Z1.464 E5279.514 F1000 ; Linear move with extrusion
G1 X8.466 Y1.045 Z1.457 E5280.685 F1000 ; Linear move with extrusion
G1 X8.466 Y1.045 Z1.298 E5281.716 F1000 ; Linear move with extrusion
G1 X8.466 Y1.045 Z1.139 E5282.617 F1000 ; Linear move with extrusion
G1 X8.466 Y1.045 Z0.980 E5283.400 F1000 ; Linear move with extrusion
G1 X8.149 Y1.727 Z1.410 E5284.144 F1000 ; Linear move with extrusion
G1 X8.083 Y1.866 Z1.396 E5284.866 F1000 ; Linear move with extrusion
G1 X8.018 Y2.006 Z1.383 E5285.491 F1000 ; Linear move with extrusion
G1 X7.953 Y2.146 Z1.369 E5286.025 F1000 ; Linear move with extrusion
G1 X7.888 Y2.285 Z1.355 E5286.473 F1000 ; Linear move with extrusion
G1 X7.823 Y2.425 Z1.342 E5286.844 F1000 ; Linear move with extrusion
G1 X7.758 Y2.565 Z1.328 E5287.158 F1000 ; Linear move with extrusion
G1 X8.268 Y1.422 Z1.402 E5288.129 F1000 ; Linear move with extrusion
G1 X8.112 Y1.750 Z1.365 E5288.996 F1000 ; Linear move with extrusion
G1 X7.956 Y2.079 Z1.329 E5289.620 F1000 ; Linear move with extrusion
G1 X7.800 Y2.408 Z1.292 E5290.182 F1000 ; Linear move with extrusion
G1 X8.396 Y1.125 Z1.433 E5291.320 F1000 ; Linear move with extrusion
G1 X8.199 Y1.198 Z1.396 E5292.199 F1000 ; Linear move with extrusion
G1 X8.002 Y1.270 Z1.359 E5292.895 F1000 ; Linear move with extrusion
G1 X8.412 Y1.119 Z1.000 E5293.913 F1000 ; Linear move with extrusion
G1 X8.412 Y1.119 Z0.900 E5294.999 F1000 ; Linear move with extrusion
G1 X8.412 Y1.119 Z0.800 E5295.854 F1000 ; Linear move with extrusion
G1 X8.412 Y1.119 Z0.700 E5296.518 F1000 ; Linear move with extrusion
G1 X8.412 Y1.119 Z0.600 E5296.634 F1000 ; Linear move with extrusion
G1 X8.412 Y1.119 Z1.100 E5297.513 F1000 ; Linear move with extrusion
G1 X8.412 Y1.119 Z1.200 E5298.266 F1000 ; Linear move with extrusion
G1 X7.835 Y2.334 Z1.300 E5299.223 F1000 ; Linear move with extrusion
G1 X8.259 Y1.441 Z1.400 E5299.558 F1000 ; Linear move with extrusion
G1 X7.924 Y2.088 Z1.280 E5300.048 F1000 ; Linear move with extrusion
G1 X7.876 Y2.187 Z1.267 E5300.423 F1000 ; Linear move with extrusion
G1 X7.828 Y2.287 Z1.254 E5300.734 F1000 ; Linear move with extrusion
G1 X7.780 Y2.386 Z1.241 E5300.992 F1000 ; Linear move with extrusion
G1 X7.771 Y2.405 Z0.804 E5301.407 F1000 ; Linear move with extrusion
G1 X7.687 Y2.443 Z0.742 E5301.924 F1000 ; Linear move with extrusion
G1 X7.595 Y2.485 Z0.720 E5302.003 F1000 ; Linear move with extrusion
G1 X7.504 Y2.527 Z0.698 E5302.012 F1000 ; Linear move with extrusion
G1 X7.972 Y1.989 Z1.292 E5302.624 F1000 ; Linear move with extrusion
G1 X8.021 Y1.889 Z1.305 E5303.358 F1000 ; Linear move with extrusion
G1 X8.069 Y1.790 Z1.318 E5303.776 F1000 ; Linear move with extrusion
G1 X8.117 Y1.690 Z1.331 E5304.378 F1000 ; Linear move with extrusion
G1 X8.165 Y1.591 Z1.344 E5305.031 F1000 ; Linear move with extrusion
G1 X8.213 Y1.492 Z1.357 E5305.738 F1000 ; Linear move with extrusion
G1 X8.262 Y1.392 Z1.370 E5306.499 F1000 ; Linear move with extrusion
G1 X8.310 Y1.293 Z1.383 E5306.612 F1000 ; Linear move with extrusion
G1 X8.358 Y1.194 Z1.396 E5306.612 F1000 ; Linear move with extrusion
G1 X8.358 Y1.193 Z1.219 E5307.545 F1000 ; Linear move with extrusion
G1 X8.358 Y1.193 Z1.114 E5308.428 F1000 ; Linear move with extrusion
G1 X8.358 Y1.193 Z1.009 E5309.199 F1000 ; Linear move with extrusion
G1 X8.358 Y1.193 Z0.905 E5309.869 F1000 ; Linear move with extrusion
G1 X8.358 Y1.193 Z0.800 E5310.457 F1000 ; Linear move with extrusion
G1 X8.358 Y1.193 Z1.323 E5311.091 F1000 ; Linear move with extrusion
G1 X8.271 Y1.374 Z1.372 E5312.160 F1000 ; Linear move with extrusion
G1 X7.986 Y1.961 Z1.296 E5312.705 F1000 ; Linear move with extrusion
G1 X7.704 Y2.435 Z1.254 E5312.871 F1000 ; Linear move with extrusion
G1 X8.305 Y1.267 Z1.159 E5313.663 F1000 ; Linear move with extrusion
G1 X8.305 Y1.267 Z1.049 E5314.305 F1000 ; Linear move with extrusion
G1 X8.305 Y1.267 Z0.939 E5314.757 F1000 ; Linear move with extrusion
G1 X8.305 Y1.267 Z0.829 E5315.040 F1000 ; Linear move with extrusion
G1 X8.305 Y1.267 Z1.270 E5315.731 F1000 ; Linear move with extrusion
G1 X7.755 Y2.331 Z1.204 E5316.486 F1000 ; Linear move with extrusion
G1 X7.599 Y2.418 Z1.249 E5316.528 F1000 ; Linear move with extrusion
G1 X8.005 Y1.871 Z1.263 E5316.842 F1000 ; Linear move with extrusion
G1 X8.055 Y1.769 Z1.279 E5317.246 F1000 ; Linear move with extrusion
G1 X8.106 Y1.668 Z1.294 E5317.739 F1000 ; Linear move with extrusion
G1 X8.156 Y1.567 Z1.309 E5318.321 F1000 ; Linear move with extrusion
G1 X8.206 Y1.465 Z1.325 E5318.874 F1000 ; Linear move with extrusion
G1 X8.257 Y1.364 Z1.340 E5319.494 F1000 ; Linear move with extrusion
G1 X8.305 Y1.267 Z1.288 E5320.114 F1000 ; Linear move with extrusion
G1 X7.955 Y1.972 Z1.248 E5320.373 F1000 ; Linear move with extrusion
G1 X7.904 Y2.073 Z1.232 E5320.589 F1000 ; Linear move with extrusion
G1 X7.854 Y2.175 Z1.217 E5320.773 F1000 ; Linear move with extrusion
G1 X7.804 Y2.276 Z1.202 E5320.942 F1000 ; Linear move with extrusion
G1 X7.616 Y2.408 Z0.756 E5321.417 F1000 ; Linear move with extrusion
G1 X7.935 Y1.961 Z1.202 E5321.647 F1000 ; Linear move with extrusion
G1 X7.999 Y1.836 Z1.224 E5322.017 F1000 ; Linear move with extrusion
G1 X8.063 Y1.711 Z1.247 E5322.277 F1000 ; Linear move with extrusion
G1 X8.127 Y1.585 Z1.269 E5322.589 F1000 ; Linear move with extrusion
G1 X8.191 Y1.460 Z1.291 E5322.739 F1000 ; Linear move with extrusion
G1 X7.871 Y2.086 Z1.180 E5322.889 F1000 ; Linear move with extrusion
G1 X7.807 Y2.211 Z1.157 E5323.075 F1000 ; Linear move with extrusion
G1 X7.800 Y2.226 Z0.944 E5323.238 F1000 ; Linear move with extrusion
G1 X7.670 Y2.313 Z0.801 E5323.302 F1000 ; Linear move with extrusion
G1 X8.252 Y1.341 Z1.264 E5324.025 F1000 ; Linear move with extrusion
G1 X8.147 Y1.546 Z1.276 E5324.644 F1000 ; Linear move with extrusion
G1 X7.963 Y1.907 Z1.211 E5324.976 F1000 ; Linear move with extrusion
G1 X7.780 Y2.239 Z1.161 E5325.094 F1000 ; Linear move with extrusion
G1 X8.252 Y1.341 Z1.153 E5325.729 F1000 ; Linear move with extrusion
G1 X8.252 Y1.341 Z1.042 E5326.287 F1000 ; Linear move with extrusion
G1 X8.252 Y1.341 Z0.931 E5326.591 F1000 ; Linear move with extrusion
G1 X8.008 Y1.777 Z1.192 E5326.853 F1000 ; Linear move with extrusion
G1 X7.931 Y1.922 Z1.160 E5327.025 F1000 ; Linear move with extrusion
G1 X7.854 Y2.068 Z1.129 E5327.124 F1000 ; Linear move with extrusion
G1 X7.774 Y2.172 Z1.132 E5327.190 F1000 ; Linear move with extrusion
G1 X7.693 Y2.239 Z1.165 E5327.219 F1000 ; Linear move with extrusion
G1 X8.085 Y1.631 Z1.223 E5327.617 F1000 ; Linear move with extrusion
G1 X8.162 Y1.486 Z1.255 E5328.077 F1000 ; Linear move with extrusion
G1 X8.200 Y1.415 Z1.192 E5328.513 F1000 ; Linear move with extrusion
G1 X8.200 Y1.415 Z1.040 E5328.805 F1000 ; Linear move with extrusion
G1 X7.887 Y2.005 Z1.142 E5329.000 F1000 ; Linear move with extrusion
G1 X7.828 Y2.116 Z1.118 E5329.091 F1000 ; Linear move with extrusion
G1 X7.818 Y2.136 Z0.988 E5329.207 F1000 ; Linear move with extrusion
G1 X7.781 Y2.167 Z0.871 E5329.284 F1000 ; Linear move with extrusion
G1 X7.669 Y2.259 Z0.825 E5329.303 F1000 ; Linear move with extrusion
G1 X7.946 Y1.893 Z1.166 E5329.477 F1000 ; Linear move with extrusion
G1 X8.005 Y1.782 Z1.191 E5329.670 F1000 ; Linear move with extrusion
G1 X8.064 Y1.671 Z1.215 E5329.862 F1000 ; Linear move with extrusion
G1 X8.123 Y1.559 Z1.239 E5329.970 F1000 ; Linear move with extrusion
G1 X7.881 Y1.967 Z1.096 E5330.100 F1000 ; Linear move with extrusion
G1 X7.837 Y2.046 Z1.012 E5330.189 F1000 ; Linear move with extrusion
G1 X7.782 Y2.103 Z0.899 E5330.238 F1000 ; Linear move with extrusion
G1 X7.956 Y1.833 Z1.133 E5330.368 F1000 ; Linear move with extrusion
G1 X8.031 Y1.698 Z1.170 E5330.486 F1000 ; Linear move with extrusion
G1 X8.106 Y1.564 Z1.207 E5330.529 F1000 ; Linear move with extrusion
G1 X8.031 Y1.697 Z1.170 E5330.826 F1000 ; Linear move with extrusion
G1 X8.147 Y1.490 Z1.227 E5331.329 F1000 ; Linear move with extrusion
G1 X8.148 Y1.489 Z1.091 E5331.653 F1000 ; Linear move with extrusion
G1 X8.148 Y1.489 Z0.954 E5331.837 F1000 ; Linear move with extrusion
G1 X7.916 Y1.905 Z1.113 E5331.979 F1000 ; Linear move with extrusion
G1 X7.807 Y2.077 Z1.089 E5332.028 F1000 ; Linear move with extrusion
G1 X7.714 Y2.174 Z1.135 E5332.042 F1000 ; Linear move with extrusion
G1 X8.096 Y1.563 Z0.899 E5332.439 F1000 ; Linear move with extrusion
G1 X7.947 Y1.810 Z1.090 E5332.520 F1000 ; Linear move with extrusion
G1 X8.039 Y1.657 Z1.148 E5332.551 F1000 ; Linear move with extrusion
G1 X7.815 Y2.014 Z0.939 E5332.571 F1000 ; Linear move with extrusion
G1 X7.927 Y1.844 Z1.077 E5332.670 F1000 ; Linear move with extrusion
G1 X7.819 Y2.009 Z0.941 E5332.777 F1000 ; Linear move with extrusion
G1 X7.781 Y2.058 Z1.082 E5332.789 F1000 ; Linear move with extrusion
G1 X8.004 Y1.715 Z1.126 E5332.993 F1000 ; Linear move with extrusion
G1 X8.082 Y1.587 Z1.175 E5333.305 F1000 ; Linear move with extrusion
G1 X8.096 Y1.563 Z0.971 E5333.445 F1000 ; Linear move with extrusion
G1 X7.894 Y1.864 Z0.993 E5333.445 F1000 ; Linear move with extrusion
G1 X7.838 Y1.953 Z0.965 E5333.512 F1000 ; Linear move with extrusion
G1 X7.781 Y2.043 Z0.924 E5333.659 F1000 ; Linear move with extrusion
G1 X7.948 Y1.784 Z0.946 E5333.659 F1000 ; Linear move with extrusion
G1 X8.001 Y1.705 Z0.899 E5333.659 F1000 ; Linear move with extrusion
G1 X8.046 Y1.638 Z0.963 E5333.957 F1000 ; Linear move with extrusion
G1 X8.043 Y1.642 Z0.863 E5334.432 F1000 ; Linear move with extrusion
G1 X8.046 Y1.638 Z1.064 E5334.555 F1000 ; Linear move with extrusion
G1 X7.899 Y1.858 Z0.997 E5334.555 F1000 ; Linear move with extrusion
G1 X7.825 Y1.974 Z1.004 E5334.600 F1000 ; Linear move with extrusion
G1 X7.952 Y1.780 Z0.948 E5334.600 F1000 ; Linear move with extrusion
G1 X7.907 Y1.847 Z0.989 E5334.600 F1000 ; Linear move with extrusion
G1 X7.825 Y1.974 Z0.987 E5334.636 F1000 ; Linear move with extrusion
G1 X7.997 Y1.712 Z0.982 E5334.740 F1000 ; Linear move with extrusion
G1 X5.113 Y7.199 Z0.650 E5336.199 F1000 ; Linear move with extrusion
G1 X5.113 Y7.199 Z0.498 E5337.709 F1000 ; Linear move with extrusion
G1 X5.113 Y7.199 Z0.345 E5338.849 F1000 ; Linear move with extrusion
G1 X5.113 Y7.199 Z0.192 E5340.535 F1000 ; Linear move with extrusion
G1 X5.113 Y7.199 Z0.040 E5342.357 F1000 ; Linear move with extrusion
G1 X6.433 Y3.809 Z1.200 E5348.014 F1000 ; Linear move with extrusion
G1 X6.433 Y3.809 Z1.047 E5353.768 F1000 ; Linear move with extrusion
G1 X6.433 Y3.809 Z0.895 E5359.628 F1000 ; Linear move with extrusion
G1 X6.433 Y3.809 Z0.742 E5363.064 F1000 ; Linear move with extrusion
G1 X6.433 Y3.809 Z0.590 E5366.222 F1000 ; Linear move with extrusion
G1 X6.433 Y3.809 Z0.437 E5369.109 F1000 ; Linear move with extrusion
G1 X6.433 Y3.809 Z0.285 E5371.732 F1000 ; Linear move with extrusion
G1 X6.433 Y3.809 Z0.132 E5374.101 F1000 ; Linear move with extrusion
G1 X6.451 Y3.809 Z0.000 E5376.233 F1000 ; Linear move with extrusion
G1 X6.584 Y3.809 Z0.000 E5378.140 F1000 ; Linear move with extrusion
G1 X6.716 Y3.809 Z0.000 E5379.821 F1000 ; Linear move with extrusion
G1 X6.318 Y4.106 Z2.000 E5384.755 F1000 ; Linear move with extrusion
G1 X6.164 Y4.500 Z2.000 E5389.187 F1000 ; Linear move with extrusion
G1 X6.011 Y4.894 Z2.000 E5393.119 F1000 ; Linear move with extrusion
G1 X5.857 Y5.288 Z2.000 E5396.550 F1000 ; Linear move with extrusion
G1 X5.704 Y5.682 Z2.000 E5399.480 F1000 ; Linear move with extrusion
G1 X5.551 Y6.076 Z2.000 E5401.909 F1000 ; Linear move with extrusion
G1 X5.397 Y6.470 Z2.000 E5403.838 F1000 ; Linear move with extrusion
G1 X5.244 Y6.864 Z2.000 E5405.265 F1000 ; Linear move with extrusion
G1 X5.090 Y7.262 Z2.000 E5406.189 F1000 ; Linear move with extrusion
G1 X4.935 Y7.695 Z2.000 E5406.576 F1000 ; Linear move with extrusion
G1 X4.704 Y9.555 Z2.000 E5407.564 F1000 ; Linear move with extrusion
G1 X5.098 Y7.239 Z2.000 E5409.594 F1000 ; Linear move with extrusion
G1 X5.137 Y7.139 Z2.000 E5411.629 F1000 ; Linear move with extrusion
G1 X5.176 Y7.039 Z2.000 E5413.668 F1000 ; Linear move with extrusion
G1 X5.215 Y6.939 Z2.000 E5415.712 F1000 ; Linear move with extrusion
G1 X5.254 Y6.839 Z2.000 E5417.761 F1000 ; Linear move with extrusion
G1 X5.293 Y6.739 Z2.000 E5419.815 F1000 ; Linear move with extrusion
G1 X5.332 Y6.638 Z2.000 E5421.876 F1000 ; Linear move with extrusion
G1 X5.371 Y6.538 Z2.000 E5423.942 F1000 ; Linear move with extrusion
G1 X5.410 Y6.438 Z2.000 E5426.015 F1000 ; Linear move with extrusion
G1 X5.449 Y6.338 Z2.000 E5428.094 F1000 ; Linear move with extrusion
G1 X5.488 Y6.238 Z2.000 E5430.180 F1000 ; Linear move with extrusion
G1 X5.527 Y6.137 Z2.000 E5432.273 F1000 ; Linear move with extrusion
G1 X5.566 Y6.037 Z2.000 E5434.374 F1000 ; Linear move with extrusion
G1 X5.605 Y5.937 Z2.000 E5436.483 F1000 ; Linear move with extrusion
G1 X5.644 Y5.837 Z2.000 E5438.599 F1000 ; Linear move with extrusion
G1 X5.683 Y5.737 Z2.000 E5440.724 F1000 ; Linear move with extrusion
G1 X5.722 Y5.636 Z2.000 E5442.858 F1000 ; Linear move with extrusion
G1 X5.761 Y5.536 Z2.000 E5445.000 F1000 ; Linear move with extrusion
G1 X5.800 Y5.436 Z2.000 E5447.151 F1000 ; Linear move with extrusion
G1 X5.839 Y5.336 Z2.000 E5449.312 F1000 ; Linear move with extrusion
G1 X5.878 Y5.236 Z2.000 E5451.483 F1000 ; Linear move with extrusion
G1 X5.917 Y5.136 Z2.000 E5453.663 F1000 ; Linear move with extrusion
G1 X5.956 Y5.035 Z2.000 E5455.853 F1000 ; Linear move with extrusion
G1 X5.995 Y4.935 Z2.000 E5458.054 F1000 ; Linear move with extrusion
G1 X6.034 Y4.835 Z2.000 E5460.265 F1000 ; Linear move with extrusion
G1 X6.073 Y4.735 Z2.000 E5462.487 F1000 ; Linear move with extrusion
G1 X6.112 Y4.635 Z2.000 E5464.720 F1000 ; Linear move with extrusion
G1 X6.151 Y4.534 Z2.000 E5466.965 F1000 ; Linear move with extrusion
G1 X6.190 Y4.434 Z2.000 E5469.221 F1000 ; Linear move with extrusion
G1 X6.229 Y4.334 Z2.000 E5471.488 F1000 ; Linear move with extrusion
G1 X6.268 Y4.234 Z2.000 E5473.768 F1000 ; Linear move with extrusion
G1 X6.307 Y4.134 Z2.000 E5476.060 F1000 ; Linear move with extrusion
G1 X6.346 Y4.034 Z2.000 E5478.364 F1000 ; Linear move with extrusion
G1 X6.385 Y3.933 Z2.000 E5480.681 F1000 ; Linear move with extrusion
G1 X6.424 Y3.833 Z2.000 E5483.011 F1000 ; Linear move with extrusion
G1 X6.433 Y3.809 Z0.744 E5484.461 F1000 ; Linear move with extrusion
G1 X5.061 Y7.340 Z2.000 E5486.487 F1000 ; Linear move with extrusion
G1 X5.024 Y7.440 Z2.000 E5488.509 F1000 ; Linear move with extrusion
G1 X6.159 Y7.661 Z0.000 E5489.435 F1000 ; Linear move with extrusion
G1 X6.118 Y7.762 Z0.000 E5490.386 F1000 ; Linear move with extrusion
G1 X6.078 Y7.862 Z0.000 E5491.360 F1000 ; Linear move with extrusion
G1 X6.038 Y7.962 Z0.000 E5492.359 F1000 ; Linear move with extrusion
G1 X5.998 Y8.062 Z0.000 E5493.543 F1000 ; Linear move with extrusion
G1 X5.957 Y8.162 Z0.000 E5494.721 F1000 ; Linear move with extrusion
G1 X5.917 Y8.263 Z0.000 E5495.890 F1000 ; Linear move with extrusion
G1 X5.877 Y8.363 Z0.000 E5497.053 F1000 ; Linear move with extrusion
G1 X5.837 Y8.463 Z0.000 E5498.208 F1000 ; Linear move with extrusion
G1 X5.796 Y8.563 Z0.000 E5499.355 F1000 ; Linear move with extrusion
G1 X5.756 Y8.663 Z0.000 E5501.171 F1000 ; Linear move with extrusion
G1 X5.716 Y8.763 Z0.000 E5502.295 F1000 ; Linear move with extrusion
G1 X5.676 Y8.864 Z0.000 E5503.452 F1000 ; Linear move with extrusion
G1 X5.635 Y8.964 Z0.000 E5504.668 F1000 ; Linear move with extrusion
G1 X5.595 Y9.064 Z0.000 E5505.969 F1000 ; Linear move with extrusion
G1 X5.555 Y9.164 Z0.000 E5507.375 F1000 ; Linear move with extrusion
G1 X5.515 Y9.264 Z0.000 E5508.901 F1000 ; Linear move with extrusion
G1 X5.474 Y9.365 Z0.000 E5510.559 F1000 ; Linear move with extrusion
G1 X5.434 Y9.465 Z0.000 E5512.360 F1000 ; Linear move with extrusion
G1 X5.443 Y9.443 Z2.000 E5513.183 F1000 ; Linear move with extrusion
G1 X5.402 Y9.544 Z2.000 E5513.941 F1000 ; Linear move with extrusion
G1 X5.698 Y5.755 Z1.935 E5517.384 F1000 ; Linear move with extrusion
G1 X5.629 Y5.934 Z1.931 E5520.608 F1000 ; Linear move with extrusion
G1 X5.561 Y6.112 Z1.927 E5523.549 F1000 ; Linear move with extrusion
G1 X5.493 Y6.291 Z1.924 E5526.207 F1000 ; Linear move with extrusion
G1 X5.425 Y6.469 Z1.920 E5528.582 F1000 ; Linear move with extrusion
G1 X5.356 Y6.648 Z1.916 E5530.673 F1000 ; Linear move with extrusion
G1 X5.288 Y6.826 Z1.913 E5532.480 F1000 ; Linear move with extrusion
G1 X5.220 Y7.005 Z1.909 E5534.005 F1000 ; Linear move with extrusion
G1 X5.152 Y7.183 Z1.905 E5535.246 F1000 ; Linear move with extrusion
G1 X5.087 Y7.355 Z1.907 E5536.213 F1000 ; Linear move with extrusion
G1 X5.933 Y8.141 Z1.964 E5537.397 F1000 ; Linear move with extrusion
G1 X5.864 Y8.313 Z1.963 E5538.488 F1000 ; Linear move with extrusion
G1 X5.766 Y5.577 Z1.939 E5541.924 F1000 ; Linear move with extrusion
G1 X5.834 Y5.398 Z1.942 E5545.354 F1000 ; Linear move with extrusion
G1 X5.902 Y5.219 Z1.946 E5548.860 F1000 ; Linear move with extrusion
G1 X5.971 Y5.041 Z1.950 E5552.385 F1000 ; Linear move with extrusion
G1 X6.039 Y4.862 Z1.953 E5555.931 F1000 ; Linear move with extrusion
G1 X6.107 Y4.684 Z1.957 E5559.497 F1000 ; Linear move with extrusion
G1 X6.175 Y4.505 Z1.961 E5563.085 F1000 ; Linear move with extrusion
G1 X6.244 Y4.327 Z1.965 E5566.693 F1000 ; Linear move with extrusion
G1 X6.312 Y4.148 Z1.968 E5570.324 F1000 ; Linear move with extrusion
G1 X6.380 Y3.970 Z1.972 E5573.976 F1000 ; Linear move with extrusion
G1 X6.406 Y3.902 Z1.898 E5577.510 F1000 ; Linear move with extrusion
G1 X5.142 Y7.209 Z0.865 E5578.654 F1000 ; Linear move with extrusion
G1 X5.142 Y7.209 Z0.653 E5579.562 F1000 ; Linear move with extrusion
G1 X5.142 Y7.209 Z0.442 E5581.210 F1000 ; Linear move with extrusion
G1 X5.142 Y7.209 Z0.231 E5582.943 F1000 ; Linear move with extrusion
G1 X5.055 Y7.442 Z0.453 E5584.261 F1000 ; Linear move with extrusion
G1 X5.055 Y7.442 Z0.242 E5585.665 F1000 ; Linear move with extrusion
G1 X6.216 Y7.443 Z0.034 E5587.693 F1000 ; Linear move with extrusion
G1 X6.170 Y7.557 Z0.035 E5589.589 F1000 ; Linear move with extrusion
G1 X6.124 Y7.671 Z0.035 E5591.355 F1000 ; Linear move with extrusion
G1 X6.078 Y7.785 Z0.035 E5592.998 F1000 ; Linear move with extrusion
G1 X6.032 Y7.898 Z0.036 E5594.523 F1000 ; Linear move with extrusion
G1 X5.986 Y8.012 Z0.036 E5595.661 F1000 ; Linear move with extrusion
G1 X5.940 Y8.126 Z0.036 E5596.791 F1000 ; Linear move with extrusion
G1 X5.894 Y8.239 Z0.037 E5597.913 F1000 ; Linear move with extrusion
G1 X5.848 Y8.353 Z0.037 E5599.026 F1000 ; Linear move with extrusion
G1 X5.802 Y8.467 Z0.037 E5600.131 F1000 ; Linear move with extrusion
G1 X5.756 Y8.581 Z0.038 E5601.200 F1000 ; Linear move with extrusion
G1 X5.710 Y8.694 Z0.038 E5602.225 F1000 ; Linear move with extrusion
G1 X5.664 Y8.808 Z0.039 E5603.206 F1000 ; Linear move with extrusion
G1 X5.618 Y8.922 Z0.039 E5604.142 F1000 ; Linear move with extrusion
G1 X5.572 Y9.036 Z0.039 E5605.033 F1000 ; Linear move with extrusion
G1 X5.142 Y7.209 Z1.076 E5606.417 F1000 ; Linear move with extrusion
G1 X5.142 Y7.209 Z1.287 E5608.046 F1000 ; Linear move with extrusion
G1 X5.142 Y7.209 Z1.498 E5609.920 F1000 ; Linear move with extrusion
G1 X5.142 Y7.209 Z1.709 E5612.042 F1000 ; Linear move with extrusion
G1 X5.145 Y7.200 Z1.905 E5614.395 F1000 ; Linear move with extrusion
G1 X5.188 Y7.088 Z1.907 E5616.765 F1000 ; Linear move with extrusion
G1 X5.231 Y6.976 Z1.909 E5619.151 F1000 ; Linear move with extrusion
G1 X5.274 Y6.863 Z1.912 E5621.555 F1000 ; Linear move with extrusion
G1 X5.317 Y6.751 Z1.914 E5623.976 F1000 ; Linear move with extrusion
G1 X5.360 Y6.639 Z1.916 E5626.414 F1000 ; Linear move with extrusion
G1 X5.403 Y6.527 Z1.919 E5628.870 F1000 ; Linear move with extrusion
G1 X5.446 Y6.414 Z1.921 E5631.345 F1000 ; Linear move with extrusion
G1 X5.488 Y6.302 Z1.924 E5633.837 F1000 ; Linear move with extrusion
G1 X5.531 Y6.190 Z1.926 E5636.349 F1000 ; Linear move with extrusion
G1 X5.574 Y6.077 Z1.928 E5638.879 F1000 ; Linear move with extrusion
G1 X5.617 Y5.965 Z1.931 E5641.428 F1000 ; Linear move with extrusion
G1 X5.660 Y5.853 Z1.933 E5643.997 F1000 ; Linear move with extrusion
G1 X5.703 Y5.741 Z1.935 E5646.585 F1000 ; Linear move with extrusion
G1 X5.746 Y5.628 Z1.938 E5649.192 F1000 ; Linear move with extrusion
G1 X5.789 Y5.516 Z1.940 E5651.820 F1000 ; Linear move with extrusion
G1 X5.172 Y7.216 Z1.291 E5652.716 F1000 ; Linear move with extrusion
G1 X5.172 Y7.216 Z1.437 E5653.567 F1000 ; Linear move with extrusion
G1 X5.172 Y7.216 Z1.583 E5654.372 F1000 ; Linear move with extrusion
G1 X5.172 Y7.216 Z1.728 E5655.132 F1000 ; Linear move with extrusion
G1 X5.335 Y6.780 Z1.828 E5657.730 F1000 ; Linear move with extrusion
G1 X5.705 Y5.794 Z1.870 E5661.441 F1000 ; Linear move with extrusion
G1 X6.075 Y4.807 Z1.912 E5661.692 F1000 ; Linear move with extrusion
G1 X6.405 Y3.994 Z1.947 E5664.876 F1000 ; Linear move with extrusion
G1 X6.547 Y3.991 Z1.948 E5667.681 F1000 ; Linear move with extrusion
G1 X6.689 Y3.989 Z1.948 E5670.106 F1000 ; Linear move with extrusion
G1 X6.832 Y3.986 Z1.949 E5672.151 F1000 ; Linear move with extrusion
G1 X6.974 Y3.983 Z1.950 E5673.816 F1000 ; Linear move with extrusion
G1 X7.117 Y3.981 Z1.951 E5675.101 F1000 ; Linear move with extrusion
G1 X7.259 Y3.978 Z1.951 E5676.007 F1000 ; Linear move with extrusion
G1 X5.172 Y7.216 Z1.146 E5676.949 F1000 ; Linear move with extrusion
G1 X5.172 Y7.216 Z1.000 E5677.936 F1000 ; Linear move with extrusion
G1 X5.172 Y7.216 Z0.854 E5678.969 F1000 ; Linear move with extrusion
G1 X5.172 Y7.216 Z0.708 E5680.047 F1000 ; Linear move with extrusion
G1 X5.172 Y7.216 Z0.563 E5681.170 F1000 ; Linear move with extrusion
G1 X5.172 Y7.216 Z0.417 E5682.339 F1000 ; Linear move with extrusion
G1 X5.172 Y7.216 Z0.271 E5683.554 F1000 ; Linear move with extrusion
G1 X5.006 Y7.655 Z0.173 E5684.343 F1000 ; Linear move with extrusion
G1 X5.172 Y7.216 Z0.836 E5685.251 F1000 ; Linear move with extrusion
G1 X5.172 Y7.216 Z0.462 E5685.811 F1000 ; Linear move with extrusion
G1 X5.092 Y7.425 Z0.842 E5686.694 F1000 ; Linear move with extrusion
G1 X5.092 Y7.425 Z0.468 E5687.219 F1000 ; Linear move with extrusion
G1 X6.196 Y7.418 Z0.068 E5689.464 F1000 ; Linear move with extrusion
G1 X6.153 Y7.522 Z0.069 E5691.544 F1000 ; Linear move with extrusion
G1 X6.111 Y7.626 Z0.070 E5693.464 F1000 ; Linear move with extrusion
G1 X6.069 Y7.730 Z0.070 E5695.229 F1000 ; Linear move with extrusion
G1 X6.026 Y7.834 Z0.071 E5696.846 F1000 ; Linear move with extrusion
G1 X5.984 Y7.938 Z0.072 E5697.934 F1000 ; Linear move with extrusion
G1 X5.941 Y8.042 Z0.072 E5699.016 F1000 ; Linear move with extrusion
G1 X5.899 Y8.146 Z0.073 E5700.090 F1000 ; Linear move with extrusion
G1 X5.857 Y8.250 Z0.074 E5701.158 F1000 ; Linear move with extrusion
G1 X5.814 Y8.354 Z0.074 E5702.218 F1000 ; Linear move with extrusion
G1 X5.772 Y8.458 Z0.075 E5703.278 F1000 ; Linear move with extrusion
G1 X5.730 Y8.562 Z0.076 E5704.462 F1000 ; Linear move with extrusion
G1 X5.687 Y8.666 Z0.076 E5705.901 F1000 ; Linear move with extrusion
G1 X5.645 Y8.770 Z0.077 E5707.671 F1000 ; Linear move with extrusion
G1 X5.603 Y8.874 Z0.078 E5708.556 F1000 ; Linear move with extrusion
G1 X5.560 Y8.978 Z0.078 E5709.401 F1000 ; Linear move with extrusion
G1 X5.518 Y9.082 Z0.079 E5710.206 F1000 ; Linear move with extrusion
G1 X5.476 Y9.186 Z0.080 E5710.972 F1000 ; Linear move with extrusion
G1 X5.433 Y9.290 Z0.080 E5711.698 F1000 ; Linear move with extrusion
G1 X5.172 Y7.216 Z1.209 E5712.981 F1000 ; Linear move with extrusion
G1 X5.172 Y7.216 Z1.582 E5714.647 F1000 ; Linear move with extrusion
G1 X5.187 Y7.176 Z1.811 E5716.556 F1000 ; Linear move with extrusion
G1 X5.225 Y7.074 Z1.816 E5718.481 F1000 ; Linear move with extrusion
G1 X5.264 Y6.971 Z1.820 E5720.421 F1000 ; Linear move with extrusion
G1 X5.302 Y6.868 Z1.824 E5722.379 F1000 ; Linear move with extrusion
G1 X5.341 Y6.766 Z1.829 E5724.352 F1000 ; Linear move with extrusion
G1 X5.379 Y6.663 Z1.833 E5726.343 F1000 ; Linear move with extrusion
G1 X5.418 Y6.561 Z1.837 E5728.351 F1000 ; Linear move with extrusion
G1 X5.456 Y6.458 Z1.842 E5730.376 F1000 ; Linear move with extrusion
G1 X5.494 Y6.356 Z1.846 E5732.419 F1000 ; Linear move with extrusion
G1 X5.533 Y6.253 Z1.851 E5734.481 F1000 ; Linear move with extrusion
G1 X5.571 Y6.150 Z1.855 E5736.560 F1000 ; Linear move with extrusion
G1 X5.610 Y6.048 Z1.859 E5738.658 F1000 ; Linear move with extrusion
G1 X5.648 Y5.945 Z1.864 E5740.775 F1000 ; Linear move with extrusion
G1 X5.687 Y5.843 Z1.868 E5742.911 F1000 ; Linear move with extrusion
G1 X5.725 Y5.740 Z1.872 E5745.066 F1000 ; Linear move with extrusion
G1 X5.764 Y5.637 Z1.877 E5747.241 F1000 ; Linear move with extrusion
G1 X5.802 Y5.535 Z1.881 E5749.435 F1000 ; Linear move with extrusion
G1 X5.841 Y5.432 Z1.886 E5751.649 F1000 ; Linear move with extrusion
G1 X5.879 Y5.330 Z1.890 E5753.883 F1000 ; Linear move with extrusion
G1 X5.917 Y5.227 Z1.894 E5756.138 F1000 ; Linear move with extrusion
G1 X5.956 Y5.125 Z1.899 E5758.412 F1000 ; Linear move with extrusion
G1 X5.994 Y5.022 Z1.903 E5760.708 F1000 ; Linear move with extrusion
G1 X6.033 Y4.919 Z1.907 E5763.025 F1000 ; Linear move with extrusion
G1 X6.071 Y4.817 Z1.912 E5765.362 F1000 ; Linear move with extrusion
G1 X6.110 Y4.714 Z1.916 E5767.721 F1000 ; Linear move with extrusion
G1 X6.148 Y4.612 Z1.921 E5770.101 F1000 ; Linear move with extrusion
G1 X6.187 Y4.509 Z1.925 E5772.503 F1000 ; Linear move with extrusion
G1 X6.225 Y4.406 Z1.929 E5772.515 F1000 ; Linear move with extrusion
G1 X6.263 Y4.304 Z1.934 E5772.525 F1000 ; Linear move with extrusion
G1 X6.302 Y4.201 Z1.938 E5772.531 F1000 ; Linear move with extrusion
G1 X6.340 Y4.099 Z1.942 E5772.534 F1000 ; Linear move with extrusion
G1 X6.379 Y3.996 Z1.947 E5772.534 F1000 ; Linear move with extrusion
G1 X6.286 Y4.270 Z1.908 E5777.051 F1000 ; Linear move with extrusion
G1 X5.204 Y7.222 Z0.711 E5778.292 F1000 ; Linear move with extrusion
G1 X5.204 Y7.222 Z0.590 E5779.582 F1000 ; Linear move with extrusion
G1 X5.204 Y7.222 Z0.470 E5780.357 F1000 ; Linear move with extrusion
G1 X5.204 Y7.222 Z0.349 E5782.141 F1000 ; Linear move with extrusion
G1 X6.353 Y4.087 Z1.372 E5786.158 F1000 ; Linear move with extrusion
G1 X6.353 Y4.087 Z1.251 E5789.909 F1000 ; Linear move with extrusion
G1 X6.353 Y4.087 Z1.130 E5793.395 F1000 ; Linear move with extrusion
G1 X6.353 Y4.087 Z1.010 E5796.619 F1000 ; Linear move with extrusion
G1 X6.353 Y4.087 Z0.889 E5799.584 F1000 ; Linear move with extrusion
G1 X6.353 Y4.087 Z0.768 E5802.293 F1000 ; Linear move with extrusion
G1 X6.353 Y4.087 Z0.648 E5804.750 F1000 ; Linear move with extrusion
G1 X6.138 Y4.673 Z1.882 E5808.765 F1000 ; Linear move with extrusion
G1 X5.990 Y5.076 Z1.855 E5812.278 F1000 ; Linear move with extrusion
G1 X5.843 Y5.479 Z1.829 E5815.289 F1000 ; Linear move with extrusion
G1 X5.695 Y5.882 Z1.803 E5817.799 F1000 ; Linear move with extrusion
G1 X5.547 Y6.285 Z1.776 E5819.807 F1000 ; Linear move with extrusion
G1 X5.399 Y6.688 Z1.750 E5821.313 F1000 ; Linear move with extrusion
G1 X5.252 Y7.091 Z1.723 E5822.318 F1000 ; Linear move with extrusion
G1 X5.132 Y7.406 Z1.726 E5822.918 F1000 ; Linear move with extrusion
G1 X5.488 Y9.070 Z1.881 E5824.232 F1000 ; Linear move with extrusion
G1 X5.343 Y9.281 Z1.880 E5825.345 F1000 ; Linear move with extrusion
G1 X5.164 Y9.285 Z1.881 E5826.357 F1000 ; Linear move with extrusion
G1 X5.204 Y7.222 Z0.834 E5827.145 F1000 ; Linear move with extrusion
G1 X5.204 Y7.222 Z1.664 E5828.741 F1000 ; Linear move with extrusion
G1 X5.238 Y7.128 Z1.721 E5830.403 F1000 ; Linear move with extrusion
G1 X5.275 Y7.028 Z1.728 E5832.082 F1000 ; Linear move with extrusion
G1 X5.311 Y6.928 Z1.734 E5833.777 F1000 ; Linear move with extrusion
G1 X5.348 Y6.828 Z1.741 E5835.489 F1000 ; Linear move with extrusion
G1 X5.385 Y6.728 Z1.747 E5837.219 F1000 ; Linear move with extrusion
G1 X5.421 Y6.628 Z1.754 E5838.967 F1000 ; Linear move with extrusion
G1 X5.458 Y6.528 Z1.760 E5840.733 F1000 ; Linear move with extrusion
G1 X5.495 Y6.428 Z1.767 E5842.517 F1000 ; Linear move with extrusion
G1 X5.531 Y6.328 Z1.773 E5844.320 F1000 ; Linear move with extrusion
G1 X5.568 Y6.228 Z1.780 E5846.142 F1000 ; Linear move with extrusion
G1 X5.605 Y6.128 Z1.786 E5847.984 F1000 ; Linear move with extrusion
G1 X5.641 Y6.028 Z1.793 E5849.845 F1000 ; Linear move with extrusion
G1 X5.678 Y5.928 Z1.800 E5851.725 F1000 ; Linear move with extrusion
G1 X5.714 Y5.829 Z1.806 E5853.626 F1000 ; Linear move with extrusion
G1 X5.751 Y5.729 Z1.813 E5855.547 F1000 ; Linear move with extrusion
G1 X5.788 Y5.629 Z1.819 E5857.489 F1000 ; Linear move with extrusion
G1 X5.824 Y5.529 Z1.826 E5859.452 F1000 ; Linear move with extrusion
G1 X5.861 Y5.429 Z1.832 E5861.435 F1000 ; Linear move with extrusion
G1 X5.898 Y5.329 Z1.839 E5863.440 F1000 ; Linear move with extrusion
G1 X5.934 Y5.229 Z1.845 E5865.466 F1000 ; Linear move with extrusion
G1 X5.971 Y5.129 Z1.852 E5867.514 F1000 ; Linear move with extrusion
G1 X6.008 Y5.029 Z1.858 E5869.584 F1000 ; Linear move with extrusion
G1 X6.044 Y4.929 Z1.865 E5871.676 F1000 ; Linear move with extrusion
G1 X6.081 Y4.829 Z1.871 E5873.790 F1000 ; Linear move with extrusion
G1 X6.117 Y4.729 Z1.878 E5875.927 F1000 ; Linear move with extrusion
G1 X6.154 Y4.629 Z1.885 E5878.086 F1000 ; Linear move with extrusion
G1 X6.191 Y4.529 Z1.891 E5880.268 F1000 ; Linear move with extrusion
G1 X6.227 Y4.429 Z1.898 E5882.473 F1000 ; Linear move with extrusion
G1 X6.264 Y4.329 Z1.904 E5884.701 F1000 ; Linear move with extrusion
G1 X6.301 Y4.229 Z1.911 E5884.707 F1000 ; Linear move with extrusion
G1 X6.337 Y4.130 Z1.917 E5884.709 F1000 ; Linear move with extrusion
G1 X5.131 Y7.407 Z1.535 E5886.161 F1000 ; Linear move with extrusion
G1 X5.131 Y7.407 Z0.705 E5886.803 F1000 ; Linear move with extrusion
G1 X6.159 Y7.435 Z0.103 E5887.595 F1000 ; Linear move with extrusion
G1 X6.117 Y7.536 Z0.104 E5888.411 F1000 ; Linear move with extrusion
G1 X6.076 Y7.637 Z0.105 E5889.251 F1000 ; Linear move with extrusion
G1 X6.035 Y7.738 Z0.106 E5891.102 F1000 ; Linear move with extrusion
G1 X5.993 Y7.838 Z0.107 E5892.759 F1000 ; Linear move with extrusion
G1 X5.952 Y7.939 Z0.108 E5893.792 F1000 ; Linear move with extrusion
G1 X5.910 Y8.040 Z0.109 E5894.819 F1000 ; Linear move with extrusion
G1 X5.869 Y8.141 Z0.110 E5895.839 F1000 ; Linear move with extrusion
G1 X5.828 Y8.242 Z0.111 E5896.854 F1000 ; Linear move with extrusion
G1 X5.786 Y8.343 Z0.112 E5897.863 F1000 ; Linear move with extrusion
G1 X5.745 Y8.443 Z0.113 E5898.873 F1000 ; Linear move with extrusion
G1 X5.704 Y8.544 Z0.114 E5899.940 F1000 ; Linear move with extrusion
G1 X5.662 Y8.645 Z0.115 E5901.111 F1000 ; Linear move with extrusion
G1 X5.621 Y8.746 Z0.116 E5902.424 F1000 ; Linear move with extrusion
G1 X5.579 Y8.847 Z0.117 E5903.906 F1000 ; Linear move with extrusion
G1 X5.538 Y8.948 Z0.118 E5905.575 F1000 ; Linear move with extrusion
G1 X5.497 Y9.049 Z0.118 E5907.445 F1000 ; Linear move with extrusion
G1 X5.455 Y9.149 Z0.119 E5908.159 F1000 ; Linear move with extrusion
G1 X5.414 Y9.250 Z0.120 E5908.836 F1000 ; Linear move with extrusion
G1 X5.238 Y7.224 Z0.898 E5909.846 F1000 ; Linear move with extrusion
G1 X5.238 Y7.224 Z0.790 E5910.899 F1000 ; Linear move with extrusion
G1 X5.238 Y7.224 Z0.681 E5911.993 F1000 ; Linear move with extrusion
G1 X5.238 Y7.224 Z0.572 E5913.130 F1000 ; Linear move with extrusion
G1 X5.238 Y7.224 Z0.463 E5914.148 F1000 ; Linear move with extrusion
G1 X6.327 Y4.180 Z1.047 E5918.959 F1000 ; Linear move with extrusion
G1 X6.327 Y4.180 Z0.938 E5924.099 F1000 ; Linear move with extrusion
G1 X6.327 Y4.180 Z0.830 E5927.501 F1000 ; Linear move with extrusion
G1 X6.327 Y4.180 Z0.721 E5930.563 F1000 ; Linear move with extrusion
G1 X6.327 Y4.180 Z0.612 E5933.290 F1000 ; Linear move with extrusion
G1 X5.238 Y7.224 Z1.007 E5934.258 F1000 ; Linear move with extrusion
G1 X5.238 Y7.224 Z1.116 E5935.183 F1000 ; Linear move with extrusion
G1 X6.265 Y4.352 Z1.878 E5939.185 F1000 ; Linear move with extrusion
G1 X5.983 Y5.140 Z1.807 E5942.289 F1000 ; Linear move with extrusion
G1 X5.702 Y5.927 Z1.737 E5944.495 F1000 ; Linear move with extrusion
G1 X5.420 Y6.715 Z1.666 E5945.803 F1000 ; Linear move with extrusion
G1 X5.193 Y7.335 Z1.632 E5946.395 F1000 ; Linear move with extrusion
G1 X5.672 Y8.542 Z1.848 E5947.404 F1000 ; Linear move with extrusion
G1 X5.483 Y8.999 Z1.842 E5948.401 F1000 ; Linear move with extrusion
G1 X5.238 Y7.224 Z1.047 E5949.319 F1000 ; Linear move with extrusion
G1 X5.258 Y7.169 Z1.626 E5950.811 F1000 ; Linear move with extrusion
G1 X5.293 Y7.069 Z1.635 E5952.320 F1000 ; Linear move with extrusion
G1 X5.329 Y6.969 Z1.644 E5953.849 F1000 ; Linear move with extrusion
G1 X5.364 Y6.870 Z1.653 E5955.398 F1000 ; Linear move with extrusion
G1 X5.400 Y6.770 Z1.661 E5956.967 F1000 ; Linear move with extrusion
G1 X5.436 Y6.671 Z1.670 E5958.555 F1000 ; Linear move with extrusion
G1 X5.471 Y6.571 Z1.679 E5960.165 F1000 ; Linear move with extrusion
G1 X5.507 Y6.471 Z1.688 E5961.795 F1000 ; Linear move with extrusion
G1 X5.543 Y6.372 Z1.697 E5963.447 F1000 ; Linear move with extrusion
G1 X5.578 Y6.272 Z1.706 E5965.121 F1000 ; Linear move with extrusion
G1 X5.614 Y6.173 Z1.715 E5966.816 F1000 ; Linear move with extrusion
G1 X5.649 Y6.073 Z1.724 E5968.534 F1000 ; Linear move with extrusion
G1 X5.685 Y5.973 Z1.733 E5970.274 F1000 ; Linear move with extrusion
G1 X5.721 Y5.874 Z1.742 E5972.037 F1000 ; Linear move with extrusion
G1 X5.756 Y5.774 Z1.750 E5973.823 F1000 ; Linear move with extrusion
G1 X5.792 Y5.675 Z1.759 E5975.633 F1000 ; Linear move with extrusion
G1 X5.828 Y5.575 Z1.768 E5977.466 F1000 ; Linear move with extrusion
G1 X5.863 Y5.475 Z1.777 E5979.323 F1000 ; Linear move with extrusion
G1 X5.899 Y5.376 Z1.786 E5981.204 F1000 ; Linear move with extrusion
G1 X5.935 Y5.276 Z1.795 E5983.109 F1000 ; Linear move with extrusion
G1 X5.970 Y5.176 Z1.804 E5985.039 F1000 ; Linear move with extrusion
G1 X6.006 Y5.077 Z1.813 E5986.993 F1000 ; Linear move with extrusion
G1 X6.041 Y4.977 Z1.822 E5988.972 F1000 ; Linear move with extrusion
G1 X6.077 Y4.878 Z1.831 E5990.976 F1000 ; Linear move with extrusion
G1 X6.113 Y4.778 Z1.839 E5993.006 F1000 ; Linear move with extrusion
G1 X6.148 Y4.678 Z1.848 E5995.060 F1000 ; Linear move with extrusion
G1 X6.184 Y4.579 Z1.857 E5997.141 F1000 ; Linear move with extrusion
G1 X6.220 Y4.479 Z1.866 E5999.247 F1000 ; Linear move with extrusion
G1 X6.255 Y4.380 Z1.875 E6001.378 F1000 ; Linear move with extrusion
G1 X6.291 Y4.280 Z1.884 E6003.536 F1000 ; Linear move with extrusion
G1 X6.326 Y4.180 Z1.893 E6003.536 F1000 ; Linear move with extrusion
G1 X5.179 Y7.370 Z1.635 E6005.020 F1000 ; Linear move with extrusion
G1 X5.172 Y7.387 Z0.559 E6005.463 F1000 ; Linear move with extrusion
G1 X6.121 Y7.455 Z0.138 E6006.233 F1000 ; Linear move with extrusion
G1 X6.079 Y7.555 Z0.139 E6007.026 F1000 ; Linear move with extrusion
G1 X6.038 Y7.656 Z0.140 E6007.842 F1000 ; Linear move with extrusion
G1 X5.996 Y7.756 Z0.142 E6009.558 F1000 ; Linear move with extrusion
G1 X5.955 Y7.856 Z0.143 E6010.544 F1000 ; Linear move with extrusion
G1 X5.913 Y7.957 Z0.144 E6011.523 F1000 ; Linear move with extrusion
G1 X5.872 Y8.057 Z0.145 E6012.497 F1000 ; Linear move with extrusion
G1 X5.830 Y8.158 Z0.147 E6013.466 F1000 ; Linear move with extrusion
G1 X5.789 Y8.258 Z0.148 E6014.429 F1000 ; Linear move with extrusion
G1 X5.747 Y8.358 Z0.149 E6015.389 F1000 ; Linear move with extrusion
G1 X5.706 Y8.459 Z0.151 E6016.385 F1000 ; Linear move with extrusion
G1 X5.664 Y8.559 Z0.152 E6017.457 F1000 ; Linear move with extrusion
G1 X5.623 Y8.660 Z0.153 E6018.638 F1000 ; Linear move with extrusion
G1 X5.581 Y8.760 Z0.155 E6019.952 F1000 ; Linear move with extrusion
G1 X5.540 Y8.860 Z0.156 E6021.417 F1000 ; Linear move with extrusion
G1 X5.498 Y8.961 Z0.157 E6023.046 F1000 ; Linear move with extrusion
G1 X5.457 Y9.061 Z0.159 E6024.849 F1000 ; Linear move with extrusion
G1 X5.416 Y9.162 Z0.160 E6025.496 F1000 ; Linear move with extrusion
G1 X5.274 Y7.224 Z0.784 E6026.373 F1000 ; Linear move with extrusion
G1 X5.274 Y7.224 Z0.635 E6027.305 F1000 ; Linear move with extrusion
G1 X5.274 Y7.224 Z0.486 E6028.291 F1000 ; Linear move with extrusion
G1 X6.387 Y4.268 Z0.133 E6032.076 F1000 ; Linear move with extrusion
G1 X6.535 Y4.261 Z0.131 E6036.480 F1000 ; Linear move with extrusion
G1 X6.684 Y4.253 Z0.129 E6041.251 F1000 ; Linear move with extrusion
G1 X6.833 Y4.246 Z0.127 E6046.390 F1000 ; Linear move with extrusion
G1 X6.981 Y4.239 Z0.124 E6051.175 F1000 ; Linear move with extrusion
G1 X7.130 Y4.231 Z0.122 E6056.111 F1000 ; Linear move with extrusion
G1 X7.279 Y4.224 Z0.120 E6061.199 F1000 ; Linear move with extrusion
G1 X7.428 Y4.216 Z0.118 E6066.440 F1000 ; Linear move with extrusion
G1 X5.274 Y7.224 Z0.934 E6067.263 F1000 ; Linear move with extrusion
G1 X5.274 Y7.224 Z1.083 E6068.031 F1000 ; Linear move with extrusion
G1 X5.274 Y7.224 Z1.232 E6068.745 F1000 ; Linear move with extrusion
G1 X5.274 Y7.224 Z1.381 E6069.404 F1000 ; Linear move with extrusion
G1 X5.278 Y7.213 Z1.529 E6070.020 F1000 ; Linear move with extrusion
G1 X5.522 Y6.511 Z1.609 E6071.853 F1000 ; Linear move with extrusion
G1 X5.766 Y5.809 Z1.690 E6073.222 F1000 ; Linear move with extrusion
G1 X6.011 Y5.106 Z1.770 E6073.965 F1000 ; Linear move with extrusion
G1 X6.255 Y4.404 Z1.851 E6074.082 F1000 ; Linear move with extrusion
G1 X5.370 Y6.947 Z1.559 E6075.525 F1000 ; Linear move with extrusion
G1 X5.410 Y6.831 Z1.573 E6076.985 F1000 ; Linear move with extrusion
G1 X5.451 Y6.716 Z1.586 E6078.463 F1000 ; Linear move with extrusion
G1 X5.491 Y6.600 Z1.599 E6079.961 F1000 ; Linear move with extrusion
G1 X5.531 Y6.485 Z1.612 E6081.479 F1000 ; Linear move with extrusion
G1 X5.571 Y6.369 Z1.626 E6083.017 F1000 ; Linear move with extrusion
G1 X5.612 Y6.253 Z1.639 E6084.575 F1000 ; Linear move with extrusion
G1 X5.652 Y6.138 Z1.652 E6086.155 F1000 ; Linear move with extrusion
G1 X5.692 Y6.022 Z1.665 E6087.756 F1000 ; Linear move with extrusion
G1 X5.732 Y5.907 Z1.679 E6089.380 F1000 ; Linear move with extrusion
G1 X5.772 Y5.791 Z1.692 E6091.026 F1000 ; Linear move with extrusion
G1 X5.813 Y5.676 Z1.705 E6092.695 F1000 ; Linear move with extrusion
G1 X5.853 Y5.560 Z1.718 E6094.388 F1000 ; Linear move with extrusion
G1 X5.893 Y5.444 Z1.732 E6096.105 F1000 ; Linear move with extrusion
G1 X5.933 Y5.329 Z1.745 E6097.845 F1000 ; Linear move with extrusion
G1 X5.974 Y5.213 Z1.758 E6099.610 F1000 ; Linear move with extrusion
G1 X6.014 Y5.098 Z1.771 E6101.401 F1000 ; Linear move with extrusion
G1 X6.054 Y4.982 Z1.784 E6103.216 F1000 ; Linear move with extrusion
G1 X6.094 Y4.866 Z1.798 E6105.057 F1000 ; Linear move with extrusion
G1 X6.134 Y4.751 Z1.811 E6106.924 F1000 ; Linear move with extrusion
G1 X6.175 Y4.635 Z1.824 E6108.816 F1000 ; Linear move with extrusion
G1 X6.215 Y4.520 Z1.837 E6110.736 F1000 ; Linear move with extrusion
G1 X5.330 Y7.063 Z1.546 E6112.161 F1000 ; Linear move with extrusion
G1 X5.290 Y7.178 Z1.533 E6113.569 F1000 ; Linear move with extrusion
G1 X5.247 Y7.286 Z1.537 E6114.899 F1000 ; Linear move with extrusion
G1 X5.862 Y8.005 Z0.181 E6115.802 F1000 ; Linear move with extrusion
G1 X5.817 Y8.114 Z0.183 E6116.703 F1000 ; Linear move with extrusion
G1 X5.772 Y8.223 Z0.185 E6117.603 F1000 ; Linear move with extrusion
G1 X5.726 Y8.332 Z0.187 E6118.776 F1000 ; Linear move with extrusion
G1 X5.681 Y8.440 Z0.189 E6119.758 F1000 ; Linear move with extrusion
G1 X5.636 Y8.549 Z0.190 E6120.876 F1000 ; Linear move with extrusion
G1 X5.590 Y8.658 Z0.192 E6122.173 F1000 ; Linear move with extrusion
G1 X5.545 Y8.767 Z0.194 E6123.676 F1000 ; Linear move with extrusion
G1 X5.500 Y8.876 Z0.196 E6125.402 F1000 ; Linear move with extrusion
G1 X5.455 Y8.985 Z0.198 E6126.462 F1000 ; Linear move with extrusion
G1 X5.409 Y9.093 Z0.199 E6127.595 F1000 ; Linear move with extrusion
G1 X5.665 Y8.479 Z1.811 E6128.675 F1000 ; Linear move with extrusion
G1 X5.619 Y8.589 Z1.809 E6129.652 F1000 ; Linear move with extrusion
G1 X5.573 Y8.700 Z1.807 E6130.530 F1000 ; Linear move with extrusion
G1 X5.527 Y8.810 Z1.805 E6131.316 F1000 ; Linear move with extrusion
G1 X5.481 Y8.921 Z1.803 E6132.023 F1000 ; Linear move with extrusion
G1 X5.435 Y9.031 Z1.802 E6132.663 F1000 ; Linear move with extrusion
G1 X5.313 Y7.219 Z0.824 E6133.425 F1000 ; Linear move with extrusion
G1 X5.313 Y7.219 Z0.665 E6134.247 F1000 ; Linear move with extrusion
G1 X7.012 Y4.320 Z0.149 E6138.496 F1000 ; Linear move with extrusion
G1 X7.174 Y4.310 Z0.146 E6142.874 F1000 ; Linear move with extrusion
G1 X7.336 Y4.300 Z0.143 E6147.184 F1000 ; Linear move with extrusion
G1 X7.218 Y4.700 Z0.150 E6151.384 F1000 ; Linear move with extrusion
G1 X6.972 Y5.286 Z0.162 E6155.150 F1000 ; Linear move with extrusion
G1 X6.726 Y5.873 Z0.174 E6158.481 F1000 ; Linear move with extrusion
G1 X6.480 Y6.460 Z0.186 E6161.378 F1000 ; Linear move with extrusion
G1 X6.234 Y7.046 Z0.198 E6163.273 F1000 ; Linear move with extrusion
G1 X5.988 Y7.633 Z0.210 E6164.601 F1000 ; Linear move with extrusion
G1 X5.742 Y8.219 Z0.222 E6165.360 F1000 ; Linear move with extrusion
G1 X5.496 Y8.806 Z0.234 E6165.552 F1000 ; Linear move with extrusion
G1 X5.313 Y7.219 Z0.983 E6166.256 F1000 ; Linear move with extrusion
G1 X5.313 Y7.219 Z1.142 E6166.901 F1000 ; Linear move with extrusion
G1 X5.313 Y7.219 Z1.301 E6167.488 F1000 ; Linear move with extrusion
G1 X5.329 Y7.172 Z1.442 E6168.477 F1000 ; Linear move with extrusion
G1 X5.433 Y6.863 Z1.486 E6169.357 F1000 ; Linear move with extrusion
G1 X5.537 Y6.555 Z1.529 E6170.129 F1000 ; Linear move with extrusion
G1 X5.641 Y6.247 Z1.573 E6170.792 F1000 ; Linear move with extrusion
G1 X5.745 Y5.938 Z1.616 E6171.346 F1000 ; Linear move with extrusion
G1 X5.849 Y5.630 Z1.660 E6171.792 F1000 ; Linear move with extrusion
G1 X5.953 Y5.321 Z1.703 E6172.129 F1000 ; Linear move with extrusion
G1 X6.057 Y5.013 Z1.747 E6172.357 F1000 ; Linear move with extrusion
G1 X6.161 Y4.705 Z1.790 E6172.477 F1000 ; Linear move with extrusion
G1 X6.265 Y4.396 Z1.834 E6172.488 F1000 ; Linear move with extrusion
G1 X5.446 Y6.824 Z1.491 E6173.970 F1000 ; Linear move with extrusion
G1 X5.492 Y6.687 Z1.511 E6175.477 F1000 ; Linear move with extrusion
G1 X5.538 Y6.551 Z1.530 E6177.011 F1000 ; Linear move with extrusion
G1 X5.585 Y6.414 Z1.549 E6178.572 F1000 ; Linear move with extrusion
G1 X5.631 Y6.277 Z1.569 E6180.161 F1000 ; Linear move with extrusion
G1 X5.677 Y6.141 Z1.588 E6181.779 F1000 ; Linear move with extrusion
G1 X5.723 Y6.004 Z1.607 E6183.426 F1000 ; Linear move with extrusion
G1 X5.769 Y5.867 Z1.626 E6185.103 F1000 ; Linear move with extrusion
G1 X5.815 Y5.731 Z1.646 E6186.810 F1000 ; Linear move with extrusion
G1 X5.861 Y5.594 Z1.665 E6188.549 F1000 ; Linear move with extrusion
G1 X5.907 Y5.457 Z1.684 E6190.319 F1000 ; Linear move with extrusion
G1 X5.953 Y5.321 Z1.704 E6192.121 F1000 ; Linear move with extrusion
G1 X5.999 Y5.184 Z1.723 E6193.956 F1000 ; Linear move with extrusion
G1 X6.045 Y5.047 Z1.742 E6195.823 F1000 ; Linear move with extrusion
G1 X6.091 Y4.911 Z1.761 E6197.724 F1000 ; Linear move with extrusion
G1 X5.400 Y6.961 Z1.472 E6199.057 F1000 ; Linear move with extrusion
G1 X5.354 Y7.098 Z1.453 E6200.409 F1000 ; Linear move with extrusion
G1 X5.308 Y7.231 Z1.438 E6201.784 F1000 ; Linear move with extrusion
G1 X5.259 Y7.336 Z1.463 E6203.211 F1000 ; Linear move with extrusion
G1 X5.689 Y8.344 Z0.225 E6204.135 F1000 ; Linear move with extrusion
G1 X5.639 Y8.465 Z0.227 E6205.315 F1000 ; Linear move with extrusion
G1 X5.588 Y8.586 Z0.230 E6206.839 F1000 ; Linear move with extrusion
G1 X5.537 Y8.707 Z0.232 E6207.992 F1000 ; Linear move with extrusion
G1 X5.486 Y8.828 Z0.235 E6209.301 F1000 ; Linear move with extrusion
G1 X5.435 Y8.949 Z0.237 E6210.782 F1000 ; Linear move with extrusion
G1 X5.847 Y7.968 Z1.783 E6211.769 F1000 ; Linear move with extrusion
G1 X5.795 Y8.093 Z1.780 E6213.043 F1000 ; Linear move with extrusion
G1 X5.742 Y8.217 Z1.778 E6214.204 F1000 ; Linear move with extrusion
G1 X5.690 Y8.342 Z1.775 E6215.254 F1000 ; Linear move with extrusion
G1 X5.356 Y7.210 Z1.201 E6216.256 F1000 ; Linear move with extrusion
G1 X5.356 Y7.210 Z0.907 E6216.939 F1000 ; Linear move with extrusion
G1 X5.305 Y7.309 Z0.896 E6217.599 F1000 ; Linear move with extrusion
G1 X6.126 Y7.236 Z0.236 E6218.231 F1000 ; Linear move with extrusion
G1 X6.082 Y7.341 Z0.238 E6219.756 F1000 ; Linear move with extrusion
G1 X6.038 Y7.445 Z0.241 E6221.153 F1000 ; Linear move with extrusion
G1 X5.994 Y7.549 Z0.244 E6222.428 F1000 ; Linear move with extrusion
G1 X5.950 Y7.654 Z0.246 E6223.286 F1000 ; Linear move with extrusion
G1 X5.906 Y7.758 Z0.249 E6224.133 F1000 ; Linear move with extrusion
G1 X5.861 Y7.862 Z0.251 E6224.970 F1000 ; Linear move with extrusion
G1 X5.817 Y7.967 Z0.254 E6225.799 F1000 ; Linear move with extrusion
G1 X5.773 Y8.071 Z0.256 E6226.620 F1000 ; Linear move with extrusion
G1 X5.729 Y8.175 Z0.259 E6227.530 F1000 ; Linear move with extrusion
G1 X5.685 Y8.280 Z0.261 E6228.673 F1000 ; Linear move with extrusion
G1 X5.641 Y8.384 Z0.264 E6230.125 F1000 ; Linear move with extrusion
G1 X5.597 Y8.488 Z0.266 E6230.812 F1000 ; Linear move with extrusion
G1 X5.553 Y8.593 Z0.269 E6231.464 F1000 ; Linear move with extrusion
G1 X5.509 Y8.697 Z0.271 E6232.083 F1000 ; Linear move with extrusion
G1 X5.465 Y8.801 Z0.274 E6232.668 F1000 ; Linear move with extrusion
G1 X5.420 Y8.906 Z0.277 E6233.220 F1000 ; Linear move with extrusion
G1 X5.372 Y7.160 Z1.354 E6234.398 F1000 ; Linear move with extrusion
G1 X5.404 Y7.062 Z1.371 E6235.609 F1000 ; Linear move with extrusion
G1 X5.436 Y6.964 Z1.387 E6236.854 F1000 ; Linear move with extrusion
G1 X5.468 Y6.866 Z1.404 E6238.135 F1000 ; Linear move with extrusion
G1 X5.500 Y6.767 Z1.421 E6239.450 F1000 ; Linear move with extrusion
G1 X5.531 Y6.669 Z1.437 E6240.801 F1000 ; Linear move with extrusion
G1 X5.563 Y6.571 Z1.454 E6242.187 F1000 ; Linear move with extrusion
G1 X5.595 Y6.472 Z1.470 E6243.610 F1000 ; Linear move with extrusion
G1 X5.627 Y6.374 Z1.487 E6245.069 F1000 ; Linear move with extrusion
G1 X5.659 Y6.276 Z1.504 E6246.566 F1000 ; Linear move with extrusion
G1 X5.691 Y6.178 Z1.520 E6248.099 F1000 ; Linear move with extrusion
G1 X5.723 Y6.079 Z1.537 E6249.669 F1000 ; Linear move with extrusion
G1 X5.755 Y5.981 Z1.553 E6251.277 F1000 ; Linear move with extrusion
G1 X5.787 Y5.883 Z1.570 E6252.923 F1000 ; Linear move with extrusion
G1 X5.819 Y5.785 Z1.587 E6254.607 F1000 ; Linear move with extrusion
G1 X5.851 Y5.686 Z1.603 E6256.329 F1000 ; Linear move with extrusion
G1 X5.883 Y5.588 Z1.620 E6258.089 F1000 ; Linear move with extrusion
G1 X5.915 Y5.490 Z1.636 E6259.887 F1000 ; Linear move with extrusion
G1 X5.947 Y5.392 Z1.653 E6261.725 F1000 ; Linear move with extrusion
G1 X5.979 Y5.293 Z1.669 E6263.601 F1000 ; Linear move with extrusion
G1 X6.011 Y5.195 Z1.686 E6265.515 F1000 ; Linear move with extrusion
G1 X6.043 Y5.097 Z1.703 E6267.469 F1000 ; Linear move with extrusion
G1 X6.075 Y4.999 Z1.719 E6269.462 F1000 ; Linear move with extrusion
G1 X6.107 Y4.900 Z1.736 E6271.494 F1000 ; Linear move with extrusion
G1 X5.971 Y5.317 Z1.666 E6274.445 F1000 ; Linear move with extrusion
G1 X6.149 Y4.769 Z1.758 E6278.061 F1000 ; Linear move with extrusion
G1 X5.356 Y7.210 Z0.766 E6279.021 F1000 ; Linear move with extrusion
G1 X5.356 Y7.210 Z0.659 E6279.712 F1000 ; Linear move with extrusion
G1 X6.250 Y4.458 Z1.552 E6283.382 F1000 ; Linear move with extrusion
G1 X6.250 Y4.458 Z1.445 E6286.747 F1000 ; Linear move with extrusion
G1 X6.250 Y4.458 Z1.339 E6289.808 F1000 ; Linear move with extrusion
G1 X6.250 Y4.458 Z1.233 E6292.569 F1000 ; Linear move with extrusion
G1 X6.250 Y4.458 Z1.126 E6295.032 F1000 ; Linear move with extrusion
G1 X5.793 Y5.865 Z1.573 E6297.318 F1000 ; Linear move with extrusion
G1 X5.614 Y6.414 Z1.480 E6298.938 F1000 ; Linear move with extrusion
G1 X5.436 Y6.962 Z1.388 E6299.895 F1000 ; Linear move with extrusion
G1 X5.314 Y7.292 Z1.374 E6300.426 F1000 ; Linear move with extrusion
G1 X6.455 Y6.459 Z1.783 E6302.305 F1000 ; Linear move with extrusion
G1 X6.322 Y6.773 Z1.775 E6303.813 F1000 ; Linear move with extrusion
G1 X6.189 Y7.087 Z1.768 E6305.433 F1000 ; Linear move with extrusion
G1 X6.056 Y7.401 Z1.760 E6306.746 F1000 ; Linear move with extrusion
G1 X5.402 Y7.195 Z1.162 E6307.755 F1000 ; Linear move with extrusion
G1 X5.418 Y7.145 Z1.268 E6308.904 F1000 ; Linear move with extrusion
G1 X5.449 Y7.044 Z1.288 E6310.095 F1000 ; Linear move with extrusion
G1 X5.481 Y6.943 Z1.308 E6311.328 F1000 ; Linear move with extrusion
G1 X5.512 Y6.842 Z1.328 E6312.605 F1000 ; Linear move with extrusion
G1 X5.543 Y6.741 Z1.348 E6313.925 F1000 ; Linear move with extrusion
G1 X5.575 Y6.641 Z1.368 E6315.289 F1000 ; Linear move with extrusion
G1 X5.606 Y6.540 Z1.388 E6316.697 F1000 ; Linear move with extrusion
G1 X5.638 Y6.439 Z1.408 E6318.150 F1000 ; Linear move with extrusion
G1 X5.669 Y6.338 Z1.428 E6319.647 F1000 ; Linear move with extrusion
G1 X5.701 Y6.237 Z1.448 E6321.189 F1000 ; Linear move with extrusion
G1 X5.732 Y6.136 Z1.468 E6322.777 F1000 ; Linear move with extrusion
G1 X5.763 Y6.035 Z1.488 E6324.410 F1000 ; Linear move with extrusion
G1 X5.795 Y5.934 Z1.508 E6326.089 F1000 ; Linear move with extrusion
G1 X5.826 Y5.834 Z1.528 E6327.814 F1000 ; Linear move with extrusion
G1 X5.858 Y5.733 Z1.548 E6329.585 F1000 ; Linear move with extrusion
G1 X5.402 Y7.195 Z0.970 E6330.357 F1000 ; Linear move with extrusion
G1 X5.402 Y7.195 Z0.779 E6331.150 F1000 ; Linear move with extrusion
G1 X5.355 Y7.276 Z0.731 E6331.866 F1000 ; Linear move with extrusion
G1 X6.093 Y7.249 Z0.270 E6333.269 F1000 ; Linear move with extrusion
G1 X6.046 Y7.361 Z0.273 E6334.558 F1000 ; Linear move with extrusion
G1 X5.998 Y7.473 Z0.276 E6335.739 F1000 ; Linear move with extrusion
G1 X5.950 Y7.585 Z0.280 E6336.554 F1000 ; Linear move with extrusion
G1 X5.902 Y7.697 Z0.283 E6337.354 F1000 ; Linear move with extrusion
G1 X5.854 Y7.810 Z0.286 E6338.140 F1000 ; Linear move with extrusion
G1 X5.807 Y7.922 Z0.289 E6338.914 F1000 ; Linear move with extrusion
G1 X5.759 Y8.034 Z0.292 E6339.677 F1000 ; Linear move with extrusion
G1 X5.711 Y8.146 Z0.295 E6340.410 F1000 ; Linear move with extrusion
G1 X5.663 Y8.258 Z0.299 E6341.106 F1000 ; Linear move with extrusion
G1 X5.615 Y8.371 Z0.302 E6341.767 F1000 ; Linear move with extrusion
G1 X5.568 Y8.483 Z0.305 E6342.392 F1000 ; Linear move with extrusion
G1 X5.624 Y6.481 Z1.400 E6344.261 F1000 ; Linear move with extrusion
G1 X5.538 Y6.759 Z1.345 E6345.709 F1000 ; Linear move with extrusion
G1 X5.451 Y7.038 Z1.290 E6346.735 F1000 ; Linear move with extrusion
G1 X5.376 Y7.240 Z1.282 E6347.428 F1000 ; Linear move with extrusion
G1 X6.335 Y6.682 Z1.746 E6349.138 F1000 ; Linear move with extrusion
G1 X6.250 Y6.881 Z1.741 E6350.552 F1000 ; Linear move with extrusion
G1 X6.166 Y7.079 Z1.735 E6351.691 F1000 ; Linear move with extrusion
G1 X6.081 Y7.278 Z1.729 E6353.065 F1000 ; Linear move with extrusion
G1 X5.996 Y7.476 Z1.724 E6354.236 F1000 ; Linear move with extrusion
G1 X5.912 Y7.675 Z1.718 E6355.224 F1000 ; Linear move with extrusion
G1 X5.711 Y6.203 Z1.455 E6357.121 F1000 ; Linear move with extrusion
G1 X5.798 Y5.925 Z1.510 E6359.301 F1000 ; Linear move with extrusion
G1 X5.884 Y5.647 Z1.565 E6361.597 F1000 ; Linear move with extrusion
G1 X5.971 Y5.369 Z1.621 E6364.009 F1000 ; Linear move with extrusion
G1 X6.058 Y5.091 Z1.676 E6366.538 F1000 ; Linear move with extrusion
G1 X6.144 Y4.813 Z1.731 E6369.185 F1000 ; Linear move with extrusion
G1 X6.226 Y4.551 Z1.776 E6371.933 F1000 ; Linear move with extrusion
G1 X6.226 Y4.551 Z1.658 E6374.463 F1000 ; Linear move with extrusion
G1 X6.226 Y4.551 Z1.540 E6376.779 F1000 ; Linear move with extrusion
G1 X6.504 Y4.614 Z0.237 E6380.648 F1000 ; Linear move with extrusion
G1 X6.614 Y4.603 Z0.233 E6384.664 F1000 ; Linear move with extrusion
G1 X6.724 Y4.592 Z0.230 E6388.827 F1000 ; Linear move with extrusion
G1 X6.835 Y4.581 Z0.227 E6393.137 F1000 ; Linear move with extrusion
G1 X6.945 Y4.570 Z0.224 E6394.124 F1000 ; Linear move with extrusion
G1 X7.055 Y4.559 Z0.220 E6394.728 F1000 ; Linear move with extrusion
G1 X7.165 Y4.548 Z0.217 E6394.949 F1000 ; Linear move with extrusion
G1 X7.197 Y4.544 Z1.784 E6395.057 F1000 ; Linear move with extrusion
G1 X5.505 Y6.997 Z1.216 E6396.666 F1000 ; Linear move with extrusion
G1 X6.169 Y4.754 Z1.729 E6399.819 F1000 ; Linear move with extrusion
G1 X5.453 Y7.173 Z1.010 E6400.374 F1000 ; Linear move with extrusion
G1 X5.453 Y7.173 Z0.909 E6400.977 F1000 ; Linear move with extrusion
G1 X6.202 Y4.644 Z0.463 E6404.276 F1000 ; Linear move with extrusion
G1 X6.202 Y4.644 Z0.362 E6407.622 F1000 ; Linear move with extrusion
G1 X6.202 Y4.644 Z0.261 E6411.017 F1000 ; Linear move with extrusion
G1 X6.944 Y5.204 Z0.237 E6414.042 F1000 ; Linear move with extrusion
G1 X6.527 Y6.176 Z0.269 E6416.267 F1000 ; Linear move with extrusion
G1 X6.110 Y7.148 Z0.300 E6417.753 F1000 ; Linear move with extrusion
G1 X5.453 Y7.173 Z1.111 E6418.259 F1000 ; Linear move with extrusion
G1 X5.483 Y7.073 Z1.199 E6418.820 F1000 ; Linear move with extrusion
G1 X5.565 Y6.796 Z1.262 E6419.620 F1000 ; Linear move with extrusion
G1 X5.647 Y6.520 Z1.325 E6421.159 F1000 ; Linear move with extrusion
G1 X5.728 Y6.244 Z1.388 E6422.519 F1000 ; Linear move with extrusion
G1 X5.810 Y5.968 Z1.451 E6423.645 F1000 ; Linear move with extrusion
G1 X5.892 Y5.691 Z1.515 E6424.535 F1000 ; Linear move with extrusion
G1 X5.521 Y7.102 Z1.110 E6425.440 F1000 ; Linear move with extrusion
G1 X5.511 Y7.140 Z0.994 E6426.181 F1000 ; Linear move with extrusion
G1 X5.463 Y7.193 Z0.923 E6426.673 F1000 ; Linear move with extrusion
G1 X6.029 Y7.276 Z0.339 E6427.849 F1000 ; Linear move with extrusion
G1 X5.971 Y7.409 Z0.343 E6428.915 F1000 ; Linear move with extrusion
G1 X5.913 Y7.542 Z0.348 E6429.878 F1000 ; Linear move with extrusion
G1 X5.856 Y7.675 Z0.353 E6430.560 F1000 ; Linear move with extrusion
G1 X5.798 Y7.808 Z0.358 E6431.229 F1000 ; Linear move with extrusion
G1 X5.741 Y7.941 Z0.363 E6431.890 F1000 ; Linear move with extrusion
G1 X5.683 Y8.074 Z0.368 E6432.546 F1000 ; Linear move with extrusion
G1 X5.625 Y8.207 Z0.373 E6433.203 F1000 ; Linear move with extrusion
G1 X5.568 Y8.341 Z0.378 E6433.830 F1000 ; Linear move with extrusion
G1 X5.554 Y6.985 Z1.141 E6434.785 F1000 ; Linear move with extrusion
G1 X5.586 Y6.868 Z1.171 E6435.792 F1000 ; Linear move with extrusion
G1 X5.619 Y6.751 Z1.202 E6436.851 F1000 ; Linear move with extrusion
G1 X5.651 Y6.634 Z1.232 E6437.964 F1000 ; Linear move with extrusion
G1 X5.684 Y6.517 Z1.263 E6439.130 F1000 ; Linear move with extrusion
G1 X5.716 Y6.399 Z1.293 E6440.351 F1000 ; Linear move with extrusion
G1 X5.749 Y6.282 Z1.324 E6441.627 F1000 ; Linear move with extrusion
G1 X5.782 Y6.165 Z1.354 E6442.958 F1000 ; Linear move with extrusion
G1 X5.814 Y6.048 Z1.385 E6444.346 F1000 ; Linear move with extrusion
G1 X5.847 Y5.931 Z1.415 E6445.789 F1000 ; Linear move with extrusion
G1 X5.879 Y5.814 Z1.445 E6447.289 F1000 ; Linear move with extrusion
G1 X5.567 Y6.938 Z1.153 E6448.189 F1000 ; Linear move with extrusion
G1 X5.613 Y6.771 Z1.196 E6449.149 F1000 ; Linear move with extrusion
G1 X5.659 Y6.605 Z1.240 E6450.172 F1000 ; Linear move with extrusion
G1 X5.706 Y6.438 Z1.283 E6451.259 F1000 ; Linear move with extrusion
G1 X5.752 Y6.271 Z1.327 E6452.413 F1000 ; Linear move with extrusion
G1 X5.799 Y6.104 Z1.370 E6453.635 F1000 ; Linear move with extrusion
G1 X5.845 Y5.937 Z1.413 E6454.925 F1000 ; Linear move with extrusion
G1 X5.891 Y5.770 Z1.457 E6456.285 F1000 ; Linear move with extrusion
G1 X5.938 Y5.603 Z1.500 E6457.715 F1000 ; Linear move with extrusion
G1 X5.984 Y5.436 Z1.544 E6459.216 F1000 ; Linear move with extrusion
G1 X6.031 Y5.269 Z1.587 E6460.789 F1000 ; Linear move with extrusion
G1 X6.077 Y5.102 Z1.631 E6462.434 F1000 ; Linear move with extrusion
G1 X5.520 Y7.105 Z1.109 E6463.071 F1000 ; Linear move with extrusion
G1 X5.774 Y7.864 Z0.360 E6463.731 F1000 ; Linear move with extrusion
G1 X5.719 Y7.991 Z0.365 E6464.391 F1000 ; Linear move with extrusion
G1 X5.664 Y8.117 Z0.370 E6465.264 F1000 ; Linear move with extrusion
G1 X5.610 Y8.244 Z0.374 E6466.543 F1000 ; Linear move with extrusion
G1 X5.555 Y8.370 Z0.379 E6467.472 F1000 ; Linear move with extrusion
G1 X5.500 Y8.497 Z0.384 E6468.555 F1000 ; Linear move with extrusion
G1 X5.445 Y8.624 Z0.388 E6469.806 F1000 ; Linear move with extrusion
G1 X5.845 Y7.700 Z1.646 E6470.591 F1000 ; Linear move with extrusion
G1 X5.787 Y7.834 Z1.641 E6471.628 F1000 ; Linear move with extrusion
G1 X5.729 Y7.969 Z1.636 E6472.552 F1000 ; Linear move with extrusion
G1 X5.596 Y7.009 Z1.063 E6473.223 F1000 ; Linear move with extrusion
G1 X5.523 Y7.143 Z1.091 E6473.916 F1000 ; Linear move with extrusion
G1 X5.925 Y7.454 Z0.380 E6474.461 F1000 ; Linear move with extrusion
G1 X5.865 Y7.591 Z0.385 E6475.470 F1000 ; Linear move with extrusion
G1 X5.806 Y7.727 Z0.391 E6476.385 F1000 ; Linear move with extrusion
G1 X5.746 Y7.864 Z0.397 E6477.086 F1000 ; Linear move with extrusion
G1 X5.687 Y8.000 Z0.402 E6477.787 F1000 ; Linear move with extrusion
G1 X5.627 Y8.137 Z0.408 E6478.494 F1000 ; Linear move with extrusion
G1 X5.568 Y8.273 Z0.414 E6479.211 F1000 ; Linear move with extrusion
G1 X5.508 Y8.410 Z0.419 E6479.934 F1000 ; Linear move with extrusion
G1 X5.447 Y8.543 Z0.425 E6480.611 F1000 ; Linear move with extrusion
G1 X5.333 Y8.556 Z0.419 E6481.117 F1000 ; Linear move with extrusion
G1 X5.220 Y8.569 Z0.414 E6481.451 F1000 ; Linear move with extrusion
G1 X5.106 Y8.582 Z0.408 E6481.614 F1000 ; Linear move with extrusion
G1 X5.631 Y6.872 Z1.103 E6482.335 F1000 ; Linear move with extrusion
G1 X5.666 Y6.735 Z1.143 E6483.108 F1000 ; Linear move with extrusion
G1 X5.702 Y6.597 Z1.183 E6483.936 F1000 ; Linear move with extrusion
G1 X5.737 Y6.460 Z1.222 E6484.821 F1000 ; Linear move with extrusion
G1 X5.772 Y6.323 Z1.262 E6485.763 F1000 ; Linear move with extrusion
G1 X5.808 Y6.186 Z1.302 E6486.765 F1000 ; Linear move with extrusion
G1 X5.843 Y6.049 Z1.342 E6487.827 F1000 ; Linear move with extrusion
G1 X5.878 Y5.911 Z1.382 E6488.951 F1000 ; Linear move with extrusion
G1 X5.913 Y5.774 Z1.422 E6490.136 F1000 ; Linear move with extrusion
G1 X5.949 Y5.637 Z1.462 E6491.384 F1000 ; Linear move with extrusion
G1 X5.984 Y5.500 Z1.502 E6492.695 F1000 ; Linear move with extrusion
G1 X6.019 Y5.363 Z1.542 E6494.069 F1000 ; Linear move with extrusion
G1 X6.054 Y5.225 Z1.582 E6495.507 F1000 ; Linear move with extrusion
G1 X6.090 Y5.088 Z1.622 E6497.009 F1000 ; Linear move with extrusion
G1 X6.125 Y4.951 Z1.662 E6498.576 F1000 ; Linear move with extrusion
G1 X6.871 Y4.737 Z0.275 E6498.809 F1000 ; Linear move with extrusion
G1 X6.989 Y4.722 Z0.271 E6498.934 F1000 ; Linear move with extrusion
G1 X5.608 Y6.963 Z1.076 E6499.717 F1000 ; Linear move with extrusion
G1 X5.656 Y6.776 Z1.131 E6500.578 F1000 ; Linear move with extrusion
G1 X5.704 Y6.589 Z1.185 E6501.518 F1000 ; Linear move with extrusion
G1 X5.752 Y6.403 Z1.239 E6502.542 F1000 ; Linear move with extrusion
G1 X5.800 Y6.216 Z1.294 E6503.652 F1000 ; Linear move with extrusion
G1 X5.848 Y6.029 Z1.348 E6504.848 F1000 ; Linear move with extrusion
G1 X5.896 Y5.842 Z1.402 E6506.132 F1000 ; Linear move with extrusion
G1 X5.944 Y5.655 Z1.457 E6507.506 F1000 ; Linear move with extrusion
G1 X5.992 Y5.469 Z1.511 E6508.971 F1000 ; Linear move with extrusion
G1 X6.040 Y5.282 Z1.565 E6510.526 F1000 ; Linear move with extrusion
G1 X6.088 Y5.095 Z1.620 E6512.173 F1000 ; Linear move with extrusion
G1 X5.553 Y7.114 Z1.060 E6512.717 F1000 ; Linear move with extrusion
G1 X5.746 Y7.866 Z0.397 E6513.334 F1000 ; Linear move with extrusion
G1 X5.688 Y7.997 Z0.402 E6514.017 F1000 ; Linear move with extrusion
G1 X5.631 Y8.128 Z0.408 E6515.045 F1000 ; Linear move with extrusion
G1 X5.574 Y8.260 Z0.413 E6515.874 F1000 ; Linear move with extrusion
G1 X5.517 Y8.391 Z0.419 E6516.850 F1000 ; Linear move with extrusion
G1 X5.459 Y8.522 Z0.424 E6517.990 F1000 ; Linear move with extrusion
G1 X5.882 Y7.553 Z1.616 E6518.797 F1000 ; Linear move with extrusion
G1 X5.820 Y7.695 Z1.610 E6519.837 F1000 ; Linear move with extrusion
G1 X5.758 Y7.837 Z1.604 E6520.761 F1000 ; Linear move with extrusion
G1 X5.648 Y7.005 Z1.009 E6521.211 F1000 ; Linear move with extrusion
G1 X6.442 Y6.220 Z0.358 E6522.962 F1000 ; Linear move with extrusion
G1 X6.343 Y6.446 Z0.368 E6524.517 F1000 ; Linear move with extrusion
G1 X6.243 Y6.673 Z0.378 E6525.877 F1000 ; Linear move with extrusion
G1 X6.144 Y6.899 Z0.389 E6526.826 F1000 ; Linear move with extrusion
G1 X6.044 Y7.125 Z0.399 E6527.671 F1000 ; Linear move with extrusion
G1 X5.945 Y7.352 Z0.410 E6528.421 F1000 ; Linear move with extrusion
G1 X5.845 Y7.578 Z0.420 E6529.092 F1000 ; Linear move with extrusion
G1 X5.680 Y6.865 Z1.053 E6530.557 F1000 ; Linear move with extrusion
G1 X5.713 Y6.726 Z1.097 E6532.181 F1000 ; Linear move with extrusion
G1 X5.745 Y6.587 Z1.141 E6533.963 F1000 ; Linear move with extrusion
G1 X6.134 Y4.923 Z0.443 E6534.731 F1000 ; Linear move with extrusion
G1 X6.134 Y4.923 Z0.555 E6535.657 F1000 ; Linear move with extrusion
G1 X6.134 Y4.923 Z0.667 E6537.574 F1000 ; Linear move with extrusion
G1 X6.134 Y4.923 Z0.778 E6539.277 F1000 ; Linear move with extrusion
G1 X5.651 Y6.992 Z1.013 E6539.792 F1000 ; Linear move with extrusion
G1 X5.680 Y6.866 Z1.053 E6540.355 F1000 ; Linear move with extrusion
G1 X5.709 Y6.740 Z1.093 E6540.968 F1000 ; Linear move with extrusion
G1 X5.739 Y6.615 Z1.132 E6541.635 F1000 ; Linear move with extrusion
G1 X5.768 Y6.489 Z1.172 E6542.358 F1000 ; Linear move with extrusion
G1 X5.797 Y6.363 Z1.212 E6543.138 F1000 ; Linear move with extrusion
G1 X5.827 Y6.238 Z1.252 E6543.978 F1000 ; Linear move with extrusion
G1 X5.856 Y6.112 Z1.291 E6544.877 F1000 ; Linear move with extrusion
G1 X5.886 Y5.987 Z1.331 E6545.837 F1000 ; Linear move with extrusion
G1 X5.915 Y5.861 Z1.371 E6546.859 F1000 ; Linear move with extrusion
G1 X5.944 Y5.735 Z1.410 E6547.944 F1000 ; Linear move with extrusion
G1 X5.974 Y5.610 Z1.450 E6549.091 F1000 ; Linear move with extrusion
G1 X6.003 Y5.484 Z1.490 E6550.302 F1000 ; Linear move with extrusion
G1 X6.032 Y5.359 Z1.530 E6551.576 F1000 ; Linear move with extrusion
G1 X6.062 Y5.233 Z1.569 E6552.914 F1000 ; Linear move with extrusion
G1 X6.091 Y5.107 Z1.609 E6554.317 F1000 ; Linear move with extrusion
G1 X6.121 Y4.982 Z1.649 E6555.784 F1000 ; Linear move with extrusion
G1 X6.134 Y4.923 Z1.532 E6557.163 F1000 ; Linear move with extrusion
G1 X6.134 Y4.923 Z1.277 E6558.334 F1000 ; Linear move with extrusion
G1 X5.942 Y7.357 Z0.410 E6558.845 F1000 ; Linear move with extrusion
G1 X5.895 Y7.464 Z0.415 E6559.378 F1000 ; Linear move with extrusion
G1 X5.849 Y7.570 Z0.420 E6559.987 F1000 ; Linear move with extrusion
G1 X5.802 Y7.677 Z0.425 E6560.585 F1000 ; Linear move with extrusion
G1 X5.755 Y7.784 Z0.430 E6561.182 F1000 ; Linear move with extrusion
G1 X5.708 Y7.890 Z0.435 E6561.884 F1000 ; Linear move with extrusion
G1 X5.661 Y7.997 Z0.439 E6562.768 F1000 ; Linear move with extrusion
G1 X5.614 Y8.103 Z0.444 E6563.874 F1000 ; Linear move with extrusion
G1 X5.567 Y8.210 Z0.449 E6564.573 F1000 ; Linear move with extrusion
G1 X5.521 Y8.317 Z0.454 E6565.325 F1000 ; Linear move with extrusion
G1 X5.474 Y8.423 Z0.459 E6566.138 F1000 ; Linear move with extrusion
G1 X5.632 Y8.064 Z1.557 E6566.795 F1000 ; Linear move with extrusion
G1 X5.583 Y8.175 Z1.552 E6567.370 F1000 ; Linear move with extrusion
G1 X5.534 Y8.286 Z1.547 E6567.873 F1000 ; Linear move with extrusion
G1 X5.485 Y8.397 Z1.542 E6568.316 F1000 ; Linear move with extrusion
G1 X5.103 Y8.498 Z1.560 E6568.384 F1000 ; Linear move with extrusion
G1 X5.680 Y6.956 Z1.013 E6568.901 F1000 ; Linear move with extrusion
G1 X5.702 Y6.855 Z1.046 E6569.467 F1000 ; Linear move with extrusion
G1 X5.725 Y6.753 Z1.079 E6570.084 F1000 ; Linear move with extrusion
G1 X5.748 Y6.651 Z1.111 E6570.754 F1000 ; Linear move with extrusion
G1 X5.771 Y6.549 Z1.144 E6571.478 F1000 ; Linear move with extrusion
G1 X5.794 Y6.447 Z1.177 E6572.257 F1000 ; Linear move with extrusion
G1 X5.816 Y6.345 Z1.210 E6573.091 F1000 ; Linear move with extrusion
G1 X5.839 Y6.244 Z1.242 E6573.982 F1000 ; Linear move with extrusion
G1 X5.862 Y6.142 Z1.275 E6574.930 F1000 ; Linear move with extrusion
G1 X5.885 Y6.040 Z1.308 E6575.934 F1000 ; Linear move with extrusion
G1 X5.907 Y5.938 Z1.341 E6576.997 F1000 ; Linear move with extrusion
G1 X5.930 Y5.836 Z1.374 E6578.116 F1000 ; Linear move with extrusion
G1 X5.953 Y5.734 Z1.406 E6579.294 F1000 ; Linear move with extrusion
G1 X5.976 Y5.632 Z1.439 E6580.531 F1000 ; Linear move with extrusion
G1 X6.114 Y5.016 Z0.462 E6581.218 F1000 ; Linear move with extrusion
G1 X6.114 Y5.016 Z0.694 E6581.982 F1000 ; Linear move with extrusion
G1 X6.062 Y7.033 Z0.428 E6582.371 F1000 ; Linear move with extrusion
G1 X6.015 Y7.139 Z0.433 E6582.780 F1000 ; Linear move with extrusion
G1 X5.968 Y7.245 Z0.438 E6583.653 F1000 ; Linear move with extrusion
G1 X5.921 Y7.352 Z0.444 E6584.448 F1000 ; Linear move with extrusion
G1 X5.873 Y7.458 Z0.449 E6585.033 F1000 ; Linear move with extrusion
G1 X5.826 Y7.564 Z0.455 E6585.600 F1000 ; Linear move with extrusion
G1 X5.779 Y7.671 Z0.460 E6586.152 F1000 ; Linear move with extrusion
G1 X5.732 Y7.777 Z0.465 E6586.695 F1000 ; Linear move with extrusion
G1 X5.685 Y7.883 Z0.471 E6587.249 F1000 ; Linear move with extrusion
G1 X5.638 Y7.990 Z0.476 E6587.974 F1000 ; Linear move with extrusion
G1 X5.591 Y8.096 Z0.482 E6588.964 F1000 ; Linear move with extrusion
G1 X5.544 Y8.202 Z0.487 E6589.412 F1000 ; Linear move with extrusion
G1 X5.497 Y8.309 Z0.492 E6589.835 F1000 ; Linear move with extrusion
G1 X5.395 Y8.369 Z0.490 E6590.166 F1000 ; Linear move with extrusion
G1 X5.248 Y8.392 Z0.480 E6590.347 F1000 ; Linear move with extrusion
G1 X5.688 Y6.920 Z1.025 E6590.822 F1000 ; Linear move with extrusion
G1 X5.619 Y8.034 Z0.478 E6591.482 F1000 ; Linear move with extrusion
G1 X5.539 Y8.214 Z0.488 E6592.454 F1000 ; Linear move with extrusion
G1 X6.278 Y6.545 Z1.597 E6594.082 F1000 ; Linear move with extrusion
G1 X6.183 Y6.759 Z1.586 E6595.460 F1000 ; Linear move with extrusion
G1 X6.088 Y6.973 Z1.575 E6596.596 F1000 ; Linear move with extrusion
G1 X5.994 Y7.186 Z1.565 E6597.503 F1000 ; Linear move with extrusion
G1 X5.899 Y7.400 Z1.554 E6598.593 F1000 ; Linear move with extrusion
G1 X5.783 Y6.495 Z1.162 E6599.716 F1000 ; Linear move with extrusion
G1 X5.878 Y6.069 Z1.298 E6601.127 F1000 ; Linear move with extrusion
G1 X5.973 Y5.644 Z1.435 E6602.833 F1000 ; Linear move with extrusion
G1 X6.068 Y5.218 Z1.572 E6604.837 F1000 ; Linear move with extrusion
G1 X6.114 Y5.016 Z1.577 E6606.877 F1000 ; Linear move with extrusion
G1 X6.114 Y5.016 Z1.460 E6608.716 F1000 ; Linear move with extrusion
G1 X6.114 Y5.016 Z1.344 E6610.358 F1000 ; Linear move with extrusion
G1 X5.707 Y6.917 Z1.015 E6610.810 F1000 ; Linear move with extrusion
G1 X5.737 Y6.779 Z1.060 E6611.321 F1000 ; Linear move with extrusion
G1 X5.766 Y6.640 Z1.105 E6611.897 F1000 ; Linear move with extrusion
G1 X5.796 Y6.502 Z1.151 E6612.539 F1000 ; Linear move with extrusion
G1 X5.825 Y6.363 Z1.196 E6613.251 F1000 ; Linear move with extrusion
G1 X5.855 Y6.225 Z1.241 E6614.034 F1000 ; Linear move with extrusion
G1 X5.885 Y6.086 Z1.287 E6614.889 F1000 ; Linear move with extrusion
G1 X5.914 Y5.948 Z1.332 E6615.818 F1000 ; Linear move with extrusion
G1 X5.944 Y5.809 Z1.378 E6616.821 F1000 ; Linear move with extrusion
G1 X5.973 Y5.671 Z1.423 E6617.898 F1000 ; Linear move with extrusion
G1 X6.003 Y5.532 Z1.468 E6619.050 F1000 ; Linear move with extrusion
G1 X6.033 Y5.394 Z1.514 E6620.278 F1000 ; Linear move with extrusion
G1 X6.062 Y5.255 Z1.559 E6621.582 F1000 ; Linear move with extrusion
G1 X6.092 Y5.117 Z1.604 E6622.962 F1000 ; Linear move with extrusion
G1 X5.891 Y7.367 Z0.479 E6623.403 F1000 ; Linear move with extrusion
G1 X5.843 Y7.473 Z0.485 E6623.968 F1000 ; Linear move with extrusion
G1 X5.796 Y7.580 Z0.490 E6624.498 F1000 ; Linear move with extrusion
G1 X5.748 Y7.686 Z0.496 E6625.007 F1000 ; Linear move with extrusion
G1 X5.700 Y7.793 Z0.502 E6625.579 F1000 ; Linear move with extrusion
G1 X5.653 Y7.899 Z0.508 E6626.301 F1000 ; Linear move with extrusion
G1 X5.605 Y8.006 Z0.514 E6627.204 F1000 ; Linear move with extrusion
G1 X5.558 Y8.112 Z0.520 E6627.829 F1000 ; Linear move with extrusion
G1 X5.510 Y8.219 Z0.526 E6628.505 F1000 ; Linear move with extrusion
G1 X5.698 Y7.799 Z1.497 E6629.156 F1000 ; Linear move with extrusion
G1 X5.647 Y7.912 Z1.491 E6629.725 F1000 ; Linear move with extrusion
G1 X5.597 Y8.026 Z1.485 E6630.219 F1000 ; Linear move with extrusion
G1 X5.546 Y8.139 Z1.478 E6630.645 F1000 ; Linear move with extrusion
G1 X5.702 Y6.940 Z1.007 E6631.825 F1000 ; Linear move with extrusion
G1 X5.729 Y6.812 Z1.049 E6633.206 F1000 ; Linear move with extrusion
G1 X5.757 Y6.685 Z1.091 E6634.791 F1000 ; Linear move with extrusion
G1 X5.784 Y6.557 Z1.133 E6636.581 F1000 ; Linear move with extrusion
G1 X6.094 Y5.109 Z0.413 E6637.431 F1000 ; Linear move with extrusion
G1 X6.094 Y5.109 Z0.528 E6639.283 F1000 ; Linear move with extrusion
G1 X6.094 Y5.109 Z0.644 E6640.937 F1000 ; Linear move with extrusion
G1 X6.094 Y5.109 Z0.759 E6642.393 F1000 ; Linear move with extrusion
G1 X6.455 Y6.102 Z0.408 E6644.023 F1000 ; Linear move with extrusion
G1 X6.356 Y6.323 Z0.421 E6645.474 F1000 ; Linear move with extrusion
G1 X6.257 Y6.545 Z0.433 E6646.596 F1000 ; Linear move with extrusion
G1 X6.158 Y6.766 Z0.445 E6647.604 F1000 ; Linear move with extrusion
G1 X6.060 Y6.988 Z0.458 E6648.502 F1000 ; Linear move with extrusion
G1 X5.961 Y7.209 Z0.470 E6649.297 F1000 ; Linear move with extrusion
G1 X5.862 Y7.431 Z0.482 E6649.989 F1000 ; Linear move with extrusion
G1 X6.075 Y5.202 Z1.532 E6652.245 F1000 ; Linear move with extrusion
G1 X6.075 Y5.202 Z1.425 E6654.554 F1000 ; Linear move with extrusion
G1 X6.075 Y5.202 Z1.317 E6656.806 F1000 ; Linear move with extrusion
G1 X6.075 Y5.202 Z1.209 E6658.728 F1000 ; Linear move with extrusion
G1 X6.075 Y5.202 Z1.101 E6660.326 F1000 ; Linear move with extrusion
G1 X6.075 Y5.202 Z0.994 E6661.615 F1000 ; Linear move with extrusion
G1 X6.075 Y5.202 Z0.886 E6662.618 F1000 ; Linear move with extrusion
G1 X6.423 Y5.131 Z1.598 E6664.875 F1000 ; Linear move with extrusion
G1 X6.882 Y5.111 Z1.624 E6667.743 F1000 ; Linear move with extrusion
G1 X6.645 Y5.637 Z1.592 E6670.026 F1000 ; Linear move with extrusion
G1 X6.409 Y6.164 Z1.560 E6672.187 F1000 ; Linear move with extrusion
G1 X6.172 Y6.690 Z1.528 E6673.851 F1000 ; Linear move with extrusion
G1 X5.935 Y7.216 Z1.496 E6675.024 F1000 ; Linear move with extrusion
G1 X5.728 Y6.898 Z1.010 E6675.441 F1000 ; Linear move with extrusion
G1 X5.748 Y6.803 Z1.042 E6675.919 F1000 ; Linear move with extrusion
G1 X5.767 Y6.708 Z1.073 E6676.461 F1000 ; Linear move with extrusion
G1 X5.786 Y6.613 Z1.105 E6677.070 F1000 ; Linear move with extrusion
G1 X5.806 Y6.518 Z1.137 E6677.746 F1000 ; Linear move with extrusion
G1 X5.825 Y6.424 Z1.168 E6678.492 F1000 ; Linear move with extrusion
G1 X5.845 Y6.329 Z1.200 E6679.306 F1000 ; Linear move with extrusion
G1 X5.864 Y6.234 Z1.231 E6680.191 F1000 ; Linear move with extrusion
G1 X5.883 Y6.139 Z1.263 E6681.147 F1000 ; Linear move with extrusion
G1 X5.903 Y6.044 Z1.295 E6682.173 F1000 ; Linear move with extrusion
G1 X5.922 Y5.949 Z1.326 E6683.270 F1000 ; Linear move with extrusion
G1 X5.941 Y5.854 Z1.358 E6684.439 F1000 ; Linear move with extrusion
G1 X5.961 Y5.760 Z1.390 E6685.679 F1000 ; Linear move with extrusion
G1 X5.980 Y5.665 Z1.421 E6686.992 F1000 ; Linear move with extrusion
G1 X5.999 Y5.570 Z1.453 E6688.375 F1000 ; Linear move with extrusion
G1 X6.075 Y5.202 Z0.710 E6689.256 F1000 ; Linear move with extrusion
G1 X6.075 Y5.202 Z1.011 E6689.831 F1000 ; Linear move with extrusion
G1 X6.075 Y5.202 Z1.312 E6690.100 F1000 ; Linear move with extrusion
G1 X6.132 Y5.190 Z1.580 E6690.778 F1000 ; Linear move with extrusion
G1 X6.115 Y6.817 Z0.479 E6691.195 F1000 ; Linear move with extrusion
G1 X6.066 Y6.925 Z0.486 E6691.992 F1000 ; Linear move with extrusion
G1 X6.017 Y7.034 Z0.492 E6692.621 F1000 ; Linear move with extrusion
G1 X5.969 Y7.142 Z0.499 E6693.222 F1000 ; Linear move with extrusion
G1 X5.920 Y7.250 Z0.506 E6693.799 F1000 ; Linear move with extrusion
G1 X5.871 Y7.359 Z0.512 E6694.358 F1000 ; Linear move with extrusion
G1 X5.823 Y7.467 Z0.519 E6694.953 F1000 ; Linear move with extrusion
G1 X5.774 Y7.575 Z0.525 E6695.642 F1000 ; Linear move with extrusion
G1 X5.725 Y7.684 Z0.532 E6696.442 F1000 ; Linear move with extrusion
G1 X5.677 Y7.792 Z0.538 E6697.368 F1000 ; Linear move with extrusion
G1 X5.628 Y7.900 Z0.545 E6698.428 F1000 ; Linear move with extrusion
G1 X5.579 Y8.009 Z0.552 E6698.804 F1000 ; Linear move with extrusion
G1 X5.531 Y8.117 Z0.558 E6699.155 F1000 ; Linear move with extrusion
G1 X5.281 Y8.218 Z0.543 E6699.282 F1000 ; Linear move with extrusion
G1 X5.753 Y6.853 Z1.014 E6699.631 F1000 ; Linear move with extrusion
G1 X5.774 Y6.747 Z1.050 E6700.032 F1000 ; Linear move with extrusion
G1 X5.795 Y6.640 Z1.087 E6700.489 F1000 ; Linear move with extrusion
G1 X5.815 Y6.533 Z1.123 E6701.002 F1000 ; Linear move with extrusion
G1 X5.836 Y6.427 Z1.159 E6701.575 F1000 ; Linear move with extrusion
G1 X5.857 Y6.320 Z1.195 E6702.207 F1000 ; Linear move with extrusion
G1 X5.878 Y6.214 Z1.232 E6702.900 F1000 ; Linear move with extrusion
G1 X5.898 Y6.107 Z1.268 E6703.655 F1000 ; Linear move with extrusion
G1 X5.919 Y6.001 Z1.304 E6704.471 F1000 ; Linear move with extrusion
G1 X5.940 Y5.894 Z1.340 E6705.350 F1000 ; Linear move with extrusion
G1 X5.961 Y5.788 Z1.377 E6706.291 F1000 ; Linear move with extrusion
G1 X5.981 Y5.681 Z1.413 E6707.294 F1000 ; Linear move with extrusion
G1 X6.002 Y5.574 Z1.449 E6708.361 F1000 ; Linear move with extrusion
G1 X6.056 Y5.295 Z0.529 E6708.949 F1000 ; Linear move with extrusion
G1 X6.056 Y5.295 Z1.155 E6709.847 F1000 ; Linear move with extrusion
G1 X6.325 Y5.234 Z0.437 E6710.241 F1000 ; Linear move with extrusion
G1 X6.452 Y5.206 Z0.428 E6710.543 F1000 ; Linear move with extrusion
G1 X6.578 Y5.177 Z0.419 E6710.752 F1000 ; Linear move with extrusion
G1 X6.705 Y5.148 Z0.410 E6710.870 F1000 ; Linear move with extrusion
G1 X6.832 Y5.120 Z0.401 E6710.895 F1000 ; Linear move with extrusion
G1 X6.719 Y5.145 Z1.591 E6711.002 F1000 ; Linear move with extrusion
G1 X6.842 Y5.117 Z1.600 E6711.019 F1000 ; Linear move with extrusion
G1 X5.980 Y7.069 Z0.527 E6711.367 F1000 ; Linear move with extrusion
G1 X5.937 Y7.166 Z0.534 E6711.731 F1000 ; Linear move with extrusion
G1 X5.893 Y7.263 Z0.540 E6712.234 F1000 ; Linear move with extrusion
G1 X5.849 Y7.359 Z0.546 E6712.716 F1000 ; Linear move with extrusion
G1 X5.805 Y7.456 Z0.553 E6713.180 F1000 ; Linear move with extrusion
G1 X5.762 Y7.552 Z0.559 E6713.632 F1000 ; Linear move with extrusion
G1 X5.718 Y7.649 Z0.565 E6714.085 F1000 ; Linear move with extrusion
G1 X5.674 Y7.745 Z0.572 E6714.582 F1000 ; Linear move with extrusion
G1 X5.631 Y7.842 Z0.578 E6715.140 F1000 ; Linear move with extrusion
G1 X5.587 Y7.938 Z0.584 E6715.773 F1000 ; Linear move with extrusion
G1 X5.543 Y8.035 Z0.591 E6716.488 F1000 ; Linear move with extrusion
G1 X5.456 Y8.094 Z0.587 E6717.285 F1000 ; Linear move with extrusion
G1 X5.335 Y8.123 Z0.576 E6717.431 F1000 ; Linear move with extrusion
G1 X5.214 Y8.152 Z0.565 E6717.459 F1000 ; Linear move with extrusion
G1 X6.056 Y5.295 Z1.328 E6719.468 F1000 ; Linear move with extrusion
G1 X6.056 Y5.295 Z1.431 E6721.714 F1000 ; Linear move with extrusion
G1 X6.056 Y5.295 Z1.533 E6723.959 F1000 ; Linear move with extrusion
G1 X6.640 Y5.612 Z1.569 E6726.165 F1000 ; Linear move with extrusion
G1 X6.319 Y6.321 Z1.522 E6728.078 F1000 ; Linear move with extrusion
G1 X5.998 Y7.031 Z1.475 E6729.308 F1000 ; Linear move with extrusion
G1 X5.676 Y7.741 Z1.429 E6729.883 F1000 ; Linear move with extrusion
G1 X6.056 Y5.295 Z1.226 E6732.038 F1000 ; Linear move with extrusion
G1 X6.056 Y5.295 Z1.124 E6734.030 F1000 ; Linear move with extrusion
G1 X6.056 Y5.295 Z1.022 E6735.705 F1000 ; Linear move with extrusion
G1 X6.056 Y5.295 Z0.920 E6737.074 F1000 ; Linear move with extrusion
G1 X6.056 Y5.295 Z0.818 E6738.151 F1000 ; Linear move with extrusion
G1 X6.056 Y5.295 Z0.715 E6738.969 F1000 ; Linear move with extrusion
G1 X5.774 Y6.824 Z1.013 E6739.343 F1000 ; Linear move with extrusion
G1 X5.983 Y7.019 Z0.556 E6739.675 F1000 ; Linear move with extrusion
G1 X5.921 Y7.154 Z0.566 E6740.155 F1000 ; Linear move with extrusion
G1 X5.860 Y7.289 Z0.575 E6740.612 F1000 ; Linear move with extrusion
G1 X5.798 Y7.425 Z0.585 E6741.055 F1000 ; Linear move with extrusion
G1 X5.736 Y7.560 Z0.594 E6741.496 F1000 ; Linear move with extrusion
G1 X5.674 Y7.695 Z0.604 E6741.972 F1000 ; Linear move with extrusion
G1 X5.613 Y7.831 Z0.614 E6742.637 F1000 ; Linear move with extrusion
G1 X5.551 Y7.966 Z0.623 E6743.019 F1000 ; Linear move with extrusion
G1 X5.453 Y8.009 Z0.615 E6743.293 F1000 ; Linear move with extrusion
G1 X5.350 Y8.037 Z0.605 E6743.443 F1000 ; Linear move with extrusion
G1 X5.247 Y8.065 Z0.594 E6743.471 F1000 ; Linear move with extrusion
G1 X5.801 Y6.679 Z1.063 E6743.913 F1000 ; Linear move with extrusion
G1 X5.828 Y6.535 Z1.113 E6744.431 F1000 ; Linear move with extrusion
G1 X5.854 Y6.391 Z1.163 E6745.028 F1000 ; Linear move with extrusion
G1 X5.881 Y6.247 Z1.214 E6745.707 F1000 ; Linear move with extrusion
G1 X5.907 Y6.103 Z1.264 E6746.470 F1000 ; Linear move with extrusion
G1 X6.039 Y5.388 Z0.572 E6747.110 F1000 ; Linear move with extrusion
G1 X6.039 Y5.388 Z0.809 E6747.750 F1000 ; Linear move with extrusion
G1 X6.039 Y5.388 Z1.047 E6748.512 F1000 ; Linear move with extrusion
G1 X6.039 Y5.388 Z1.284 E6749.475 F1000 ; Linear move with extrusion
G1 X6.533 Y5.264 Z0.449 E6749.719 F1000 ; Linear move with extrusion
G1 X6.646 Y5.235 Z0.440 E6749.865 F1000 ; Linear move with extrusion
G1 X6.760 Y5.207 Z0.431 E6749.914 F1000 ; Linear move with extrusion
G1 X6.360 Y5.308 Z1.537 E6750.283 F1000 ; Linear move with extrusion
G1 X5.775 Y6.819 Z1.015 E6750.674 F1000 ; Linear move with extrusion
G1 X5.813 Y6.615 Z1.086 E6751.173 F1000 ; Linear move with extrusion
G1 X5.851 Y6.411 Z1.157 E6751.788 F1000 ; Linear move with extrusion
G1 X5.888 Y6.206 Z1.228 E6752.525 F1000 ; Linear move with extrusion
G1 X5.926 Y6.002 Z1.299 E6753.387 F1000 ; Linear move with extrusion
G1 X5.964 Y5.798 Z1.370 E6754.375 F1000 ; Linear move with extrusion
G1 X6.001 Y5.594 Z1.441 E6755.491 F1000 ; Linear move with extrusion
G1 X6.039 Y5.389 Z1.511 E6756.734 F1000 ; Linear move with extrusion
G1 X6.039 Y5.388 Z1.367 E6757.819 F1000 ; Linear move with extrusion
G1 X5.825 Y7.366 Z0.581 E6758.331 F1000 ; Linear move with extrusion
G1 X5.766 Y7.494 Z0.590 E6758.754 F1000 ; Linear move with extrusion
G1 X5.707 Y7.623 Z0.599 E6759.263 F1000 ; Linear move with extrusion
G1 X5.648 Y7.752 Z0.608 E6759.922 F1000 ; Linear move with extrusion
G1 X5.590 Y7.881 Z0.617 E6760.458 F1000 ; Linear move with extrusion
G1 X5.875 Y7.255 Z1.427 E6761.195 F1000 ; Linear move with extrusion
G1 X5.808 Y7.402 Z1.417 E6761.831 F1000 ; Linear move with extrusion
G1 X5.741 Y7.549 Z1.406 E6762.368 F1000 ; Linear move with extrusion
G1 X5.791 Y6.803 Z1.011 E6762.635 F1000 ; Linear move with extrusion
G1 X5.808 Y6.706 Z1.045 E6762.957 F1000 ; Linear move with extrusion
G1 X5.825 Y6.610 Z1.079 E6763.337 F1000 ; Linear move with extrusion
G1 X5.842 Y6.513 Z1.113 E6763.777 F1000 ; Linear move with extrusion
G1 X5.859 Y6.416 Z1.148 E6764.279 F1000 ; Linear move with extrusion
G1 X5.876 Y6.319 Z1.182 E6764.845 F1000 ; Linear move with extrusion
G1 X5.893 Y6.223 Z1.216 E6765.474 F1000 ; Linear move with extrusion
G1 X5.910 Y6.126 Z1.251 E6766.166 F1000 ; Linear move with extrusion
G1 X5.927 Y6.029 Z1.285 E6766.924 F1000 ; Linear move with extrusion
G1 X5.944 Y5.932 Z1.319 E6767.746 F1000 ; Linear move with extrusion
G1 X5.961 Y5.836 Z1.353 E6768.632 F1000 ; Linear move with extrusion
G1 X5.978 Y5.739 Z1.388 E6769.584 F1000 ; Linear move with extrusion
G1 X5.995 Y5.642 Z1.422 E6770.601 F1000 ; Linear move with extrusion
G1 X6.012 Y5.545 Z1.456 E6771.683 F1000 ; Linear move with extrusion
G1 X6.210 Y5.429 Z0.504 E6772.091 F1000 ; Linear move with extrusion
G1 X6.414 Y5.372 Z0.486 E6772.349 F1000 ; Linear move with extrusion
G1 X6.618 Y5.315 Z0.468 E6772.457 F1000 ; Linear move with extrusion
G1 X6.689 Y5.295 Z1.538 E6772.513 F1000 ; Linear move with extrusion
G1 X6.004 Y6.929 Z0.581 E6772.992 F1000 ; Linear move with extrusion
G1 X5.962 Y7.022 Z0.589 E6773.445 F1000 ; Linear move with extrusion
G1 X5.919 Y7.115 Z0.596 E6773.875 F1000 ; Linear move with extrusion
G1 X5.876 Y7.209 Z0.603 E6774.286 F1000 ; Linear move with extrusion
G1 X5.833 Y7.302 Z0.610 E6774.683 F1000 ; Linear move with extrusion
G1 X5.790 Y7.395 Z0.617 E6775.113 F1000 ; Linear move with extrusion
G1 X5.747 Y7.489 Z0.624 E6775.582 F1000 ; Linear move with extrusion
G1 X5.704 Y7.582 Z0.631 E6776.097 F1000 ; Linear move with extrusion
G1 X5.661 Y7.675 Z0.638 E6776.662 F1000 ; Linear move with extrusion
G1 X5.618 Y7.769 Z0.646 E6777.280 F1000 ; Linear move with extrusion
G1 X5.576 Y7.862 Z0.653 E6777.955 F1000 ; Linear move with extrusion
G1 X5.433 Y7.931 Z0.640 E6778.679 F1000 ; Linear move with extrusion
G1 X6.023 Y5.481 Z1.083 E6780.146 F1000 ; Linear move with extrusion
G1 X6.023 Y5.481 Z1.183 E6781.984 F1000 ; Linear move with extrusion
G1 X6.023 Y5.481 Z1.283 E6784.272 F1000 ; Linear move with extrusion
G1 X6.023 Y5.481 Z1.383 E6786.691 F1000 ; Linear move with extrusion
G1 X6.084 Y5.464 Z1.484 E6789.278 F1000 ; Linear move with extrusion
G1 X6.023 Y5.481 Z0.982 E6790.986 F1000 ; Linear move with extrusion
G1 X6.023 Y5.481 Z0.882 E6793.102 F1000 ; Linear move with extrusion
G1 X6.023 Y5.481 Z0.782 E6795.696 F1000 ; Linear move with extrusion
G1 X6.023 Y5.481 Z0.682 E6796.449 F1000 ; Linear move with extrusion
G1 X6.023 Y5.481 Z0.582 E6796.969 F1000 ; Linear move with extrusion
G1 X5.807 Y6.783 Z1.008 E6797.205 F1000 ; Linear move with extrusion
G1 X6.053 Y6.782 Z0.601 E6797.759 F1000 ; Linear move with extrusion
G1 X5.999 Y6.898 Z0.611 E6798.367 F1000 ; Linear move with extrusion
G1 X5.946 Y7.015 Z0.620 E6799.028 F1000 ; Linear move with extrusion
G1 X5.892 Y7.131 Z0.630 E6799.502 F1000 ; Linear move with extrusion
G1 X5.838 Y7.247 Z0.639 E6800.016 F1000 ; Linear move with extrusion
G1 X5.784 Y7.363 Z0.649 E6800.579 F1000 ; Linear move with extrusion
G1 X5.730 Y7.479 Z0.658 E6801.194 F1000 ; Linear move with extrusion
G1 X5.677 Y7.596 Z0.668 E6801.865 F1000 ; Linear move with extrusion
G1 X5.623 Y7.712 Z0.678 E6802.596 F1000 ; Linear move with extrusion
G1 X5.402 Y7.862 Z0.661 E6802.692 F1000 ; Linear move with extrusion
G1 X5.824 Y6.680 Z1.045 E6803.003 F1000 ; Linear move with extrusion
G1 X5.841 Y6.578 Z1.082 E6803.395 F1000 ; Linear move with extrusion
G1 X5.858 Y6.475 Z1.119 E6803.872 F1000 ; Linear move with extrusion
G1 X5.875 Y6.373 Z1.156 E6804.437 F1000 ; Linear move with extrusion
G1 X5.892 Y6.270 Z1.193 E6805.089 F1000 ; Linear move with extrusion
G1 X5.909 Y6.168 Z1.231 E6805.830 F1000 ; Linear move with extrusion
G1 X5.926 Y6.066 Z1.268 E6806.659 F1000 ; Linear move with extrusion
G1 X5.943 Y5.963 Z1.305 E6807.579 F1000 ; Linear move with extrusion
G1 X5.960 Y5.861 Z1.342 E6808.587 F1000 ; Linear move with extrusion
G1 X5.977 Y5.758 Z1.379 E6809.686 F1000 ; Linear move with extrusion
G1 X6.008 Y5.574 Z0.762 E6810.445 F1000 ; Linear move with extrusion
G1 X6.214 Y5.510 Z1.466 E6810.920 F1000 ; Linear move with extrusion
G1 X6.008 Y5.574 Z1.145 E6812.581 F1000 ; Linear move with extrusion
G1 X6.008 Y5.574 Z1.045 E6814.297 F1000 ; Linear move with extrusion
G1 X6.008 Y5.574 Z0.944 E6816.644 F1000 ; Linear move with extrusion
G1 X6.008 Y5.574 Z0.843 E6817.603 F1000 ; Linear move with extrusion
G1 X6.008 Y5.574 Z0.742 E6818.272 F1000 ; Linear move with extrusion
G1 X6.008 Y5.574 Z0.642 E6818.762 F1000 ; Linear move with extrusion
G1 X6.008 Y5.574 Z1.246 E6820.234 F1000 ; Linear move with extrusion
G1 X6.008 Y5.574 Z1.347 E6822.292 F1000 ; Linear move with extrusion
G1 X6.042 Y5.563 Z1.449 E6824.507 F1000 ; Linear move with extrusion
G1 X6.010 Y6.875 Z1.391 E6825.647 F1000 ; Linear move with extrusion
G1 X5.825 Y6.751 Z1.010 E6825.842 F1000 ; Linear move with extrusion
G1 X5.921 Y7.026 Z0.653 E6826.279 F1000 ; Linear move with extrusion
G1 X5.877 Y7.121 Z0.662 E6826.743 F1000 ; Linear move with extrusion
G1 X5.832 Y7.217 Z0.670 E6827.235 F1000 ; Linear move with extrusion
G1 X5.788 Y7.312 Z0.679 E6827.595 F1000 ; Linear move with extrusion
G1 X5.743 Y7.408 Z0.687 E6827.985 F1000 ; Linear move with extrusion
G1 X5.698 Y7.504 Z0.696 E6828.405 F1000 ; Linear move with extrusion
G1 X5.654 Y7.599 Z0.704 E6828.860 F1000 ; Linear move with extrusion
G1 X5.609 Y7.695 Z0.713 E6829.351 F1000 ; Linear move with extrusion
G1 X5.658 Y7.590 Z1.297 E6829.604 F1000 ; Linear move with extrusion
G1 X5.611 Y7.692 Z1.288 E6829.824 F1000 ; Linear move with extrusion
G1 X5.471 Y7.759 Z1.306 E6829.929 F1000 ; Linear move with extrusion
G1 X5.844 Y6.628 Z1.056 E6830.195 F1000 ; Linear move with extrusion
G1 X5.863 Y6.505 Z1.101 E6830.537 F1000 ; Linear move with extrusion
G1 X5.882 Y6.381 Z1.147 E6830.958 F1000 ; Linear move with extrusion
G1 X5.901 Y6.258 Z1.192 E6831.459 F1000 ; Linear move with extrusion
G1 X5.920 Y6.135 Z1.238 E6832.041 F1000 ; Linear move with extrusion
G1 X5.940 Y6.012 Z1.284 E6832.705 F1000 ; Linear move with extrusion
G1 X5.959 Y5.888 Z1.329 E6833.450 F1000 ; Linear move with extrusion
G1 X5.978 Y5.765 Z1.375 E6834.278 F1000 ; Linear move with extrusion
G1 X5.993 Y5.667 Z1.354 E6835.122 F1000 ; Linear move with extrusion
G1 X5.993 Y5.667 Z1.071 E6835.750 F1000 ; Linear move with extrusion
G1 X5.993 Y5.667 Z0.788 E6836.232 F1000 ; Linear move with extrusion
G1 X6.044 Y5.649 Z0.583 E6836.661 F1000 ; Linear move with extrusion
G1 X6.214 Y5.591 Z0.564 E6836.972 F1000 ; Linear move with extrusion
G1 X5.822 Y6.768 Z1.004 E6838.409 F1000 ; Linear move with extrusion
G1 X6.453 Y5.887 Z0.553 E6839.942 F1000 ; Linear move with extrusion
G1 X6.287 Y6.242 Z0.584 E6841.068 F1000 ; Linear move with extrusion
G1 X6.121 Y6.598 Z0.616 E6841.924 F1000 ; Linear move with extrusion
G1 X5.955 Y6.953 Z0.647 E6842.551 F1000 ; Linear move with extrusion
G1 X5.789 Y7.309 Z0.679 E6842.958 F1000 ; Linear move with extrusion
G1 X5.993 Y5.667 Z0.682 E6844.296 F1000 ; Linear move with extrusion
G1 X5.993 Y5.667 Z0.789 E6845.437 F1000 ; Linear move with extrusion
G1 X5.993 Y5.667 Z0.896 E6846.381 F1000 ; Linear move with extrusion
G1 X5.993 Y5.667 Z1.004 E6847.128 F1000 ; Linear move with extrusion
G1 X5.993 Y5.667 Z1.111 E6847.678 F1000 ; Linear move with extrusion
G1 X5.980 Y5.760 Z1.014 E6848.961 F1000 ; Linear move with extrusion
G1 X5.980 Y5.760 Z1.115 E6850.222 F1000 ; Linear move with extrusion
G1 X5.980 Y5.760 Z1.217 E6851.976 F1000 ; Linear move with extrusion
G1 X5.980 Y5.760 Z1.318 E6853.917 F1000 ; Linear move with extrusion
G1 X5.980 Y5.760 Z0.913 E6855.402 F1000 ; Linear move with extrusion
G1 X5.980 Y5.760 Z0.811 E6857.337 F1000 ; Linear move with extrusion
G1 X5.980 Y5.760 Z0.710 E6857.888 F1000 ; Linear move with extrusion
G1 X6.033 Y5.739 Z0.617 E6858.269 F1000 ; Linear move with extrusion
G1 X5.836 Y6.738 Z1.007 E6858.425 F1000 ; Linear move with extrusion
G1 X5.989 Y6.841 Z0.669 E6858.841 F1000 ; Linear move with extrusion
G1 X5.943 Y6.941 Z0.678 E6859.287 F1000 ; Linear move with extrusion
G1 X5.896 Y7.041 Z0.688 E6859.633 F1000 ; Linear move with extrusion
G1 X5.849 Y7.141 Z0.697 E6860.006 F1000 ; Linear move with extrusion
G1 X5.802 Y7.241 Z0.706 E6860.410 F1000 ; Linear move with extrusion
G1 X5.755 Y7.341 Z0.716 E6860.846 F1000 ; Linear move with extrusion
G1 X5.708 Y7.441 Z0.725 E6861.316 F1000 ; Linear move with extrusion
G1 X5.661 Y7.540 Z0.735 E6861.823 F1000 ; Linear move with extrusion
G1 X5.563 Y7.640 Z0.731 E6862.363 F1000 ; Linear move with extrusion
G1 X5.851 Y6.638 Z1.045 E6862.588 F1000 ; Linear move with extrusion
G1 X5.866 Y6.537 Z1.083 E6862.886 F1000 ; Linear move with extrusion
G1 X5.880 Y6.437 Z1.121 E6863.261 F1000 ; Linear move with extrusion
G1 X5.895 Y6.337 Z1.159 E6863.714 F1000 ; Linear move with extrusion
G1 X5.910 Y6.236 Z1.196 E6864.244 F1000 ; Linear move with extrusion
G1 X5.924 Y6.136 Z1.234 E6864.853 F1000 ; Linear move with extrusion
G1 X5.939 Y6.036 Z1.272 E6865.540 F1000 ; Linear move with extrusion
G1 X5.954 Y5.935 Z1.310 E6866.307 F1000 ; Linear move with extrusion
G1 X5.969 Y5.835 Z1.348 E6867.152 F1000 ; Linear move with extrusion
G1 X6.027 Y5.741 Z0.618 E6867.595 F1000 ; Linear move with extrusion
G1 X6.287 Y5.642 Z0.585 E6867.841 F1000 ; Linear move with extrusion
G1 X6.547 Y5.542 Z0.551 E6867.890 F1000 ; Linear move with extrusion
G1 X5.852 Y6.688 Z1.019 E6868.054 F1000 ; Linear move with extrusion
G1 X5.898 Y6.349 Z1.149 E6868.497 F1000 ; Linear move with extrusion
G1 X5.945 Y6.011 Z1.280 E6869.225 F1000 ; Linear move with extrusion
G1 X5.967 Y5.852 Z1.266 E6870.010 F1000 ; Linear move with extrusion
G1 X5.967 Y5.852 Z1.126 E6870.656 F1000 ; Linear move with extrusion
G1 X5.967 Y5.852 Z0.986 E6871.178 F1000 ; Linear move with extrusion
G1 X5.790 Y7.225 Z0.739 E6871.674 F1000 ; Linear move with extrusion
G1 X5.731 Y7.349 Z0.752 E6872.203 F1000 ; Linear move with extrusion
G1 X5.672 Y7.473 Z0.765 E6872.663 F1000 ; Linear move with extrusion
G1 X5.842 Y7.115 Z1.272 E6872.981 F1000 ; Linear move with extrusion
G1 X5.770 Y7.267 Z1.256 E6873.228 F1000 ; Linear move with extrusion
G1 X5.847 Y6.724 Z1.006 E6873.421 F1000 ; Linear move with extrusion
G1 X5.860 Y6.627 Z1.043 E6873.737 F1000 ; Linear move with extrusion
G1 X5.874 Y6.531 Z1.080 E6874.178 F1000 ; Linear move with extrusion
G1 X5.887 Y6.435 Z1.117 E6874.746 F1000 ; Linear move with extrusion
G1 X5.900 Y6.339 Z1.153 E6875.441 F1000 ; Linear move with extrusion
G1 X5.913 Y6.242 Z1.190 E6876.263 F1000 ; Linear move with extrusion
G1 X5.967 Y5.852 Z0.809 E6876.845 F1000 ; Linear move with extrusion
G1 X5.967 Y5.852 Z0.983 E6877.217 F1000 ; Linear move with extrusion
G1 X6.079 Y6.615 Z0.677 E6877.767 F1000 ; Linear move with extrusion
G1 X6.016 Y6.747 Z0.690 E6878.194 F1000 ; Linear move with extrusion
G1 X5.954 Y6.878 Z0.704 E6878.694 F1000 ; Linear move with extrusion
G1 X5.891 Y7.010 Z0.717 E6879.272 F1000 ; Linear move with extrusion
G1 X5.829 Y7.142 Z0.731 E6879.929 F1000 ; Linear move with extrusion
G1 X5.766 Y7.274 Z0.744 E6880.162 F1000 ; Linear move with extrusion
G1 X5.704 Y7.405 Z0.758 E6880.358 F1000 ; Linear move with extrusion
G1 X5.859 Y6.701 Z1.007 E6880.581 F1000 ; Linear move with extrusion
G1 X6.033 Y6.676 Z0.714 E6880.991 F1000 ; Linear move with extrusion
G1 X5.926 Y6.899 Z0.738 E6881.599 F1000 ; Linear move with extrusion
G1 X5.820 Y7.122 Z0.763 E6881.801 F1000 ; Linear move with extrusion
G1 X5.713 Y7.345 Z0.787 E6881.968 F1000 ; Linear move with extrusion
G1 X5.605 Y7.466 Z0.782 E6882.082 F1000 ; Linear move with extrusion
G1 X5.955 Y5.945 Z0.829 E6882.475 F1000 ; Linear move with extrusion
G1 X5.955 Y5.945 Z0.964 E6882.892 F1000 ; Linear move with extrusion
G1 X5.955 Y5.945 Z1.100 E6883.571 F1000 ; Linear move with extrusion
G1 X5.955 Y5.945 Z1.235 E6883.671 F1000 ; Linear move with extrusion
G1 X6.012 Y5.917 Z1.314 E6884.000 F1000 ; Linear move with extrusion
G1 X5.859 Y6.699 Z1.008 E6884.084 F1000 ; Linear move with extrusion
G1 X5.874 Y6.581 Z1.055 E6884.250 F1000 ; Linear move with extrusion
G1 X5.889 Y6.462 Z1.101 E6884.506 F1000 ; Linear move with extrusion
G1 X5.904 Y6.343 Z1.148 E6884.853 F1000 ; Linear move with extrusion
G1 X5.919 Y6.224 Z1.195 E6885.290 F1000 ; Linear move with extrusion
G1 X5.935 Y6.105 Z1.241 E6885.819 F1000 ; Linear move with extrusion
G1 X5.950 Y5.986 Z1.288 E6886.439 F1000 ; Linear move with extrusion
G1 X5.955 Y5.945 Z1.083 E6886.933 F1000 ; Linear move with extrusion
G1 X5.955 Y5.945 Z0.741 E6887.315 F1000 ; Linear move with extrusion
G1 X6.127 Y5.862 Z0.667 E6887.581 F1000 ; Linear move with extrusion
G1 X6.324 Y5.768 Z0.635 E6887.711 F1000 ; Linear move with extrusion
G1 X5.932 Y6.887 Z0.737 E6888.036 F1000 ; Linear move with extrusion
G1 X5.884 Y6.988 Z0.748 E6888.328 F1000 ; Linear move with extrusion
G1 X5.835 Y7.089 Z0.759 E6888.641 F1000 ; Linear move with extrusion
G1 X5.787 Y7.190 Z0.770 E6888.976 F1000 ; Linear move with extrusion
G1 X5.738 Y7.291 Z0.782 E6889.333 F1000 ; Linear move with extrusion
G1 X5.690 Y7.393 Z0.793 E6889.713 F1000 ; Linear move with extrusion
G1 X5.701 Y7.370 Z1.210 E6889.877 F1000 ; Linear move with extrusion
G1 X5.596 Y7.471 Z1.219 E6889.974 F1000 ; Linear move with extrusion
G1 X5.870 Y6.677 Z1.010 E6890.049 F1000 ; Linear move with extrusion
G1 X5.925 Y6.206 Z1.199 E6890.504 F1000 ; Linear move with extrusion
G1 X5.944 Y6.037 Z1.180 E6890.995 F1000 ; Linear move with extrusion
G1 X5.944 Y6.037 Z1.043 E6891.378 F1000 ; Linear move with extrusion
G1 X5.944 Y6.037 Z0.907 E6891.770 F1000 ; Linear move with extrusion
G1 X5.761 Y7.205 Z0.807 E6892.147 F1000 ; Linear move with extrusion
G1 X6.083 Y6.539 Z1.272 E6892.829 F1000 ; Linear move with extrusion
G1 X5.906 Y6.904 Z1.229 E6893.273 F1000 ; Linear move with extrusion
G1 X5.730 Y7.269 Z1.185 E6893.498 F1000 ; Linear move with extrusion
G1 X5.869 Y6.688 Z1.006 E6893.583 F1000 ; Linear move with extrusion
G1 X5.880 Y6.592 Z1.044 E6893.821 F1000 ; Linear move with extrusion
G1 X5.891 Y6.496 Z1.083 E6894.216 F1000 ; Linear move with extrusion
G1 X5.902 Y6.400 Z1.121 E6894.766 F1000 ; Linear move with extrusion
G1 X5.944 Y6.037 Z0.806 E6895.174 F1000 ; Linear move with extrusion
G1 X5.944 Y6.037 Z0.972 E6895.817 F1000 ; Linear move with extrusion
G1 X5.944 Y6.037 Z1.138 E6895.945 F1000 ; Linear move with extrusion
G1 X6.048 Y6.610 Z0.736 E6896.357 F1000 ; Linear move with extrusion
G1 X5.982 Y6.748 Z0.753 E6896.816 F1000 ; Linear move with extrusion
G1 X5.915 Y6.886 Z0.769 E6897.322 F1000 ; Linear move with extrusion
G1 X5.849 Y7.023 Z0.786 E6897.876 F1000 ; Linear move with extrusion
G1 X5.782 Y7.161 Z0.802 E6898.046 F1000 ; Linear move with extrusion
G1 X5.715 Y7.298 Z0.819 E6898.182 F1000 ; Linear move with extrusion
G1 X5.881 Y6.668 Z1.007 E6898.199 F1000 ; Linear move with extrusion
G1 X5.891 Y6.568 Z1.048 E6898.317 F1000 ; Linear move with extrusion
G1 X5.901 Y6.468 Z1.089 E6898.539 F1000 ; Linear move with extrusion
G1 X5.911 Y6.368 Z1.131 E6898.862 F1000 ; Linear move with extrusion
G1 X5.921 Y6.267 Z1.172 E6899.288 F1000 ; Linear move with extrusion
G1 X5.931 Y6.167 Z1.213 E6899.815 F1000 ; Linear move with extrusion
G1 X6.085 Y6.037 Z0.738 E6900.029 F1000 ; Linear move with extrusion
G1 X6.282 Y5.917 Z0.695 E6900.113 F1000 ; Linear move with extrusion
G1 X5.963 Y6.753 Z0.785 E6900.385 F1000 ; Linear move with extrusion
G1 X5.911 Y6.859 Z0.799 E6900.670 F1000 ; Linear move with extrusion
G1 X5.859 Y6.965 Z0.813 E6900.971 F1000 ; Linear move with extrusion
G1 X5.807 Y7.070 Z0.826 E6901.286 F1000 ; Linear move with extrusion
G1 X5.756 Y7.176 Z0.840 E6901.615 F1000 ; Linear move with extrusion
G1 X5.665 Y7.285 Z0.833 E6901.967 F1000 ; Linear move with extrusion
G1 X5.935 Y6.129 Z1.018 E6902.528 F1000 ; Linear move with extrusion
G1 X5.935 Y6.129 Z1.118 E6903.422 F1000 ; Linear move with extrusion
G1 X5.935 Y6.129 Z1.218 E6904.663 F1000 ; Linear move with extrusion
G1 X6.380 Y5.858 Z1.327 E6904.682 F1000 ; Linear move with extrusion
G1 X5.935 Y6.129 Z0.918 E6905.672 F1000 ; Linear move with extrusion
G1 X5.935 Y6.129 Z0.818 E6905.926 F1000 ; Linear move with extrusion
G1 X6.158 Y5.993 Z0.722 E6906.089 F1000 ; Linear move with extrusion
G1 X5.891 Y6.664 Z1.001 E6906.102 F1000 ; Linear move with extrusion
G1 X6.299 Y6.041 Z0.716 E6907.107 F1000 ; Linear move with extrusion
G1 X5.966 Y6.714 Z0.812 E6907.581 F1000 ; Linear move with extrusion
G1 X5.928 Y6.221 Z0.873 E6907.945 F1000 ; Linear move with extrusion
G1 X5.928 Y6.221 Z1.006 E6908.156 F1000 ; Linear move with extrusion
G1 X5.928 Y6.221 Z1.139 E6908.214 F1000 ; Linear move with extrusion
G1 X5.892 Y6.652 Z1.006 E6908.226 F1000 ; Linear move with extrusion
G1 X5.905 Y6.489 Z1.076 E6908.374 F1000 ; Linear move with extrusion
G1 X5.919 Y6.326 Z1.145 E6908.657 F1000 ; Linear move with extrusion
G1 X5.928 Y6.221 Z1.124 E6908.979 F1000 ; Linear move with extrusion
G1 X5.928 Y6.221 Z0.938 E6909.212 F1000 ; Linear move with extrusion
G1 X5.970 Y6.191 Z0.799 E6909.435 F1000 ; Linear move with extrusion
G1 X5.884 Y6.880 Z0.835 E6909.663 F1000 ; Linear move with extrusion
G1 X5.830 Y6.989 Z0.851 E6909.906 F1000 ; Linear move with extrusion
G1 X5.776 Y7.098 Z0.866 E6910.163 F1000 ; Linear move with extrusion
G1 X5.804 Y7.040 Z1.142 E6910.274 F1000 ; Linear move with extrusion
G1 X5.730 Y7.164 Z1.133 E6910.353 F1000 ; Linear move with extrusion
G1 X5.898 Y6.656 Z1.000 E6910.354 F1000 ; Linear move with extrusion
G1 X5.818 Y6.977 Z0.885 E6910.556 F1000 ; Linear move with extrusion
G1 X5.914 Y6.415 Z1.105 E6910.871 F1000 ; Linear move with extrusion
G1 X5.921 Y6.312 Z0.983 E6911.422 F1000 ; Linear move with extrusion
G1 X5.898 Y6.652 Z1.002 E6911.451 F1000 ; Linear move with extrusion
G1 X6.047 Y6.521 Z0.814 E6912.133 F1000 ; Linear move with extrusion
G1 X5.904 Y6.805 Z0.858 E6912.329 F1000 ; Linear move with extrusion
G1 X5.763 Y7.069 Z0.892 E6912.393 F1000 ; Linear move with extrusion
G1 X5.921 Y6.312 Z0.926 E6912.651 F1000 ; Linear move with extrusion
G1 X5.921 Y6.312 Z1.040 E6912.778 F1000 ; Linear move with extrusion
G1 X5.928 Y6.307 Z1.152 E6912.973 F1000 ; Linear move with extrusion
G1 X6.078 Y6.251 Z0.831 E6913.417 F1000 ; Linear move with extrusion
G1 X6.258 Y6.081 Z0.765 E6913.421 F1000 ; Linear move with extrusion
G1 X6.215 Y6.121 Z1.219 E6913.464 F1000 ; Linear move with extrusion
G1 X5.706 Y7.077 Z0.886 E6913.514 F1000 ; Linear move with extrusion
G1 X5.904 Y6.646 Z1.001 E6913.522 F1000 ; Linear move with extrusion
G1 X5.965 Y6.654 Z0.867 E6913.816 F1000 ; Linear move with extrusion
G1 X5.879 Y6.822 Z0.896 E6914.139 F1000 ; Linear move with extrusion
G1 X5.791 Y6.979 Z0.915 E6914.187 F1000 ; Linear move with extrusion
G1 X5.917 Y6.403 Z0.895 E6914.324 F1000 ; Linear move with extrusion
G1 X5.917 Y6.403 Z1.039 E6914.755 F1000 ; Linear move with extrusion
G1 X5.971 Y6.352 Z1.129 E6914.876 F1000 ; Linear move with extrusion
G1 X5.914 Y6.494 Z0.934 E6915.167 F1000 ; Linear move with extrusion
G1 X5.736 Y7.004 Z1.095 E6915.183 F1000 ; Linear move with extrusion
G1 X6.046 Y6.345 Z0.872 E6915.268 F1000 ; Linear move with extrusion
G1 X6.180 Y6.193 Z0.811 E6915.284 F1000 ; Linear move with extrusion
G1 X5.909 Y6.640 Z1.002 E6915.288 F1000 ; Linear move with extrusion
G1 X5.882 Y6.783 Z0.927 E6915.397 F1000 ; Linear move with extrusion
G1 X5.857 Y6.831 Z1.063 E6915.443 F1000 ; Linear move with extrusion
G1 X5.729 Y7.013 Z0.902 E6915.637 F1000 ; Linear move with extrusion
G1 X5.914 Y6.502 Z1.065 E6915.764 F1000 ; Linear move with extrusion
G1 X5.945 Y6.458 Z0.918 E6915.844 F1000 ; Linear move with extrusion
G1 X6.028 Y6.366 Z0.880 E6915.899 F1000 ; Linear move with extrusion
G1 X6.110 Y6.273 Z0.843 E6915.930 F1000 ; Linear move with extrusion
G1 X5.914 Y6.631 Z1.005 E6915.939 F1000 ; Linear move with extrusion
G1 X5.967 Y6.511 Z0.944 E6915.967 F1000 ; Linear move with extrusion
G1 X6.033 Y6.418 Z0.905 E6915.986 F1000 ; Linear move with extrusion
G1 X6.100 Y6.325 Z0.867 E6915.995 F1000 ; Linear move with extrusion
G1 X6.133 Y6.278 Z1.153 E6915.998 F1000 ; Linear move with extrusion
G1 X5.882 Y6.750 Z0.961 E6916.067 F1000 ; Linear move with extrusion
G1 X5.825 Y6.842 Z0.948 E6916.175 F1000 ; Linear move with extrusion
G1 X5.768 Y6.931 Z0.924 E6916.176 F1000 ; Linear move with extrusion
G1 X5.914 Y6.585 Z1.015 E6916.233 F1000 ; Linear move with extrusion
G1 X5.833 Y6.831 Z1.049 E6916.247 F1000 ; Linear move with extrusion
G1 X5.978 Y6.495 Z0.937 E6916.274 F1000 ; Linear move with extrusion
G1 X5.924 Y6.631 Z1.003 E6916.281 F1000 ; Linear move with extrusion
G1 X5.973 Y6.550 Z1.037 E6916.367 F1000 ; Linear move with extrusion
G1 X6.022 Y6.468 Z1.072 E6916.533 F1000 ; Linear move with extrusion
G1 X6.071 Y6.387 Z1.106 E6916.778 F1000 ; Linear move with extrusion
G1 X5.883 Y6.719 Z0.980 E6916.824 F1000 ; Linear move with extrusion
G1 X5.835 Y6.804 Z0.957 E6916.920 F1000 ; Linear move with extrusion
G1 X5.922 Y6.635 Z0.999 E6916.920 F1000 ; Linear move with extrusion
G1 X5.827 Y6.818 Z1.047 E6916.921 F1000 ; Linear move with extrusion
G1 X6.008 Y6.492 Z0.938 E6916.921 F1000 ; Linear move with extrusion
G1 X5.934 Y6.619 Z1.005 E6916.931 F1000 ; Linear move with extrusion
G1 X6.045 Y6.433 Z1.085 E6917.092 F1000 ; Linear move with extrusion
G1 X5.855 Y6.764 Z1.010 E6917.116 F1000 ; Linear move with extrusion
G1 X5.930 Y6.627 Z1.002 E6917.388 F1000 ; Linear move with extrusion
G1 X6.014 Y6.485 Z1.063 E6917.490 F1000 ; Linear move with extrusion
G1 X5.938 Y6.614 Z1.003 E6917.506 F1000 ; Linear move with extrusion
G1 X5.941 Y6.609 Z1.005 E6917.515 F1000 ; Linear move with extrusion
G1 X5.992 Y6.522 Z0.955 E6917.619 F1000 ; Linear move with extrusion

G1 Z10 F1000 ; Move to safe Z height
M104 S0 ; Turn off extruder
M30 ; End of program
